date,artist,chart_slots,daily_dominance_percent
2024-05-18,Chino Pacas,1,2.0
2024-05-18,David Kushner,1,2.0
2024-05-18,Drake,2,4.0
2024-05-18,Drake & 21 Savage,1,2.0
2024-05-18,Eslabon Armado,1,2.0
2024-05-18,FIFTY FIFTY,1,2.0
2024-05-18,Grupo Frontera & Bad Bunny,1,2.0
2024-05-18,Harry Styles,1,2.0
2024-05-18,J. Cole,1,2.0
2024-05-18,JVKE,1,2.0
2024-05-18,Junior H & Peso Pluma,1,2.0
2024-05-18,KAROL G,1,2.0
2024-05-18,Kali,1,2.0
2024-05-18,Kali Uchis,1,2.0
2024-05-18,Kendrick Lamar,1,2.0
2024-05-18,Lil Durk & J. Cole,1,2.0
2024-05-18,Lil Mabu,1,2.0
2024-05-18,Lil Uzi Vert,1,2.0
2024-05-18,Lil Uzi Vert & sped up nightcore & ARIZONATEARS,1,2.0
2024-05-18,Luke Combs,1,2.0
2024-05-18,Metro Boomin,3,6.0
2024-05-18,Miguel,1,2.0
2024-05-18,Miley Cyrus,1,2.0
2024-05-18,Morgan Wallen,5,10.0
2024-05-18,NLE Choppa,1,2.0
2024-05-18,Natanael Cano & Peso Pluma & Gabito Ballesteros,1,2.0
2024-05-18,Peso Pluma,1,2.0
2024-05-18,Peso Pluma & Natanael Cano,1,2.0
2024-05-18,PinkPantheress & Ice Spice,1,2.0
2024-05-18,Post Malone,1,2.0
2024-05-18,Rema,1,2.0
2024-05-18,SZA,2,4.0
2024-05-18,Steve Lacy,1,2.0
2024-05-18,Taylor Swift,4,8.0
2024-05-18,The Weeknd,1,2.0
2024-05-18,"Tyler, The Creator",1,2.0
2024-05-18,Yng Lvcas & Peso Pluma,1,2.0
2024-05-18,Zach Bryan,1,2.0
2024-05-18,d4vd,1,2.0
2024-05-19,Chino Pacas,1,2.0
2024-05-19,David Kushner,1,2.0
2024-05-19,Drake,2,4.0
2024-05-19,Drake & 21 Savage,1,2.0
2024-05-19,Eslabon Armado,1,2.0
2024-05-19,FIFTY FIFTY,1,2.0
2024-05-19,Grupo Frontera & Bad Bunny,1,2.0
2024-05-19,Harry Styles,1,2.0
2024-05-19,Ice Spice & Nicki Minaj,1,2.0
2024-05-19,J. Cole,1,2.0
2024-05-19,JVKE,1,2.0
2024-05-19,Junior H & Peso Pluma,1,2.0
2024-05-19,Kali,1,2.0
2024-05-19,Kali Uchis,1,2.0
2024-05-19,Kendrick Lamar,1,2.0
2024-05-19,Lil Durk & J. Cole,1,2.0
2024-05-19,Lil Mabu,1,2.0
2024-05-19,Lil Uzi Vert,1,2.0
2024-05-19,Lil Uzi Vert & sped up nightcore & ARIZONATEARS,1,2.0
2024-05-19,Luke Combs,1,2.0
2024-05-19,Metro Boomin,3,6.0
2024-05-19,Miguel,1,2.0
2024-05-19,Miley Cyrus,1,2.0
2024-05-19,Morgan Wallen,5,10.0
2024-05-19,NLE Choppa,1,2.0
2024-05-19,Natanael Cano & Peso Pluma & Gabito Ballesteros,1,2.0
2024-05-19,Peso Pluma,1,2.0
2024-05-19,Peso Pluma & Natanael Cano,1,2.0
2024-05-19,PinkPantheress & Ice Spice,1,2.0
2024-05-19,Post Malone,1,2.0
2024-05-19,Rema,1,2.0
2024-05-19,SZA,2,4.0
2024-05-19,Steve Lacy,1,2.0
2024-05-19,Taylor Swift,3,6.0
2024-05-19,The Weeknd,1,2.0
2024-05-19,Toosii,1,2.0
2024-05-19,"Tyler, The Creator",1,2.0
2024-05-19,Yng Lvcas & Peso Pluma,1,2.0
2024-05-19,Zach Bryan,1,2.0
2024-05-19,d4vd,1,2.0
2024-05-20,Chino Pacas,1,2.0
2024-05-20,David Kushner,1,2.0
2024-05-20,Drake,2,4.0
2024-05-20,Drake & 21 Savage,1,2.0
2024-05-20,Eslabon Armado,1,2.0
2024-05-20,FIFTY FIFTY,1,2.0
2024-05-20,Grupo Frontera & Bad Bunny,1,2.0
2024-05-20,Harry Styles,1,2.0
2024-05-20,Ice Spice & Nicki Minaj,1,2.0
2024-05-20,J. Cole,1,2.0
2024-05-20,JVKE,1,2.0
2024-05-20,Junior H & Peso Pluma,1,2.0
2024-05-20,Kali,1,2.0
2024-05-20,Kali Uchis,1,2.0
2024-05-20,Kendrick Lamar,1,2.0
2024-05-20,Lil Durk & J. Cole,1,2.0
2024-05-20,Lil Mabu,1,2.0
2024-05-20,Lil Uzi Vert,1,2.0
2024-05-20,Lil Uzi Vert & sped up nightcore & ARIZONATEARS,1,2.0
2024-05-20,Luke Combs,1,2.0
2024-05-20,Metro Boomin,3,6.0
2024-05-20,Miguel,1,2.0
2024-05-20,Miley Cyrus,1,2.0
2024-05-20,Morgan Wallen,5,10.0
2024-05-20,NLE Choppa,1,2.0
2024-05-20,Natanael Cano & Peso Pluma & Gabito Ballesteros,1,2.0
2024-05-20,Peso Pluma,1,2.0
2024-05-20,Peso Pluma & Natanael Cano,1,2.0
2024-05-20,PinkPantheress & Ice Spice,1,2.0
2024-05-20,Post Malone,1,2.0
2024-05-20,Rema,1,2.0
2024-05-20,SZA,2,4.0
2024-05-20,Steve Lacy,1,2.0
2024-05-20,Taylor Swift,3,6.0
2024-05-20,The Weeknd,1,2.0
2024-05-20,Toosii,1,2.0
2024-05-20,"Tyler, The Creator",1,2.0
2024-05-20,Yng Lvcas & Peso Pluma,1,2.0
2024-05-20,Zach Bryan,1,2.0
2024-05-20,d4vd,1,2.0
2024-05-21,Bad Bunny,1,2.0
2024-05-21,Chino Pacas,1,2.0
2024-05-21,David Kushner,1,2.0
2024-05-21,Drake,2,4.0
2024-05-21,Drake & 21 Savage,1,2.0
2024-05-21,Eslabon Armado,1,2.0
2024-05-21,FIFTY FIFTY,1,2.0
2024-05-21,Grupo Frontera & Bad Bunny,1,2.0
2024-05-21,Harry Styles,1,2.0
2024-05-21,J. Cole,1,2.0
2024-05-21,JVKE,1,2.0
2024-05-21,Junior H & Peso Pluma,1,2.0
2024-05-21,Kali,1,2.0
2024-05-21,Kali Uchis,1,2.0
2024-05-21,Kendrick Lamar,1,2.0
2024-05-21,Lana Del Rey,1,2.0
2024-05-21,Lil Durk & J. Cole,1,2.0
2024-05-21,Lil Mabu,1,2.0
2024-05-21,Lil Uzi Vert,1,2.0
2024-05-21,Luke Combs,1,2.0
2024-05-21,Metro Boomin,3,6.0
2024-05-21,Miguel,1,2.0
2024-05-21,Miley Cyrus,1,2.0
2024-05-21,Morgan Wallen,5,10.0
2024-05-21,NLE Choppa,1,2.0
2024-05-21,Natanael Cano & Peso Pluma & Gabito Ballesteros,1,2.0
2024-05-21,Peso Pluma,1,2.0
2024-05-21,Peso Pluma & Natanael Cano,1,2.0
2024-05-21,PinkPantheress & Ice Spice,1,2.0
2024-05-21,Post Malone,2,4.0
2024-05-21,Rema,1,2.0
2024-05-21,SZA,2,4.0
2024-05-21,Steve Lacy,1,2.0
2024-05-21,Taylor Swift,3,6.0
2024-05-21,The Weeknd,1,2.0
2024-05-21,Toosii & Future,1,2.0
2024-05-21,"Tyler, The Creator",1,2.0
2024-05-21,Yng Lvcas & Peso Pluma,1,2.0
2024-05-21,Zach Bryan,1,2.0
2024-05-22,Bad Bunny,1,2.0
2024-05-22,Beyoncé & Kendrick Lamar,1,2.0
2024-05-22,Chino Pacas,1,2.0
2024-05-22,David Kushner,1,2.0
2024-05-22,Drake,2,4.0
2024-05-22,Drake & 21 Savage,1,2.0
2024-05-22,Eslabon Armado,1,2.0
2024-05-22,FIFTY FIFTY,1,2.0
2024-05-22,Fuerza Regida,1,2.0
2024-05-22,Grupo Frontera & Bad Bunny,1,2.0
2024-05-22,Harry Styles,1,2.0
2024-05-22,J. Cole,1,2.0
2024-05-22,JVKE,1,2.0
2024-05-22,Junior H & Peso Pluma,1,2.0
2024-05-22,Kali,1,2.0
2024-05-22,Kali Uchis,1,2.0
2024-05-22,Kendrick Lamar,1,2.0
2024-05-22,Lana Del Rey,1,2.0
2024-05-22,Lil Durk & J. Cole,1,2.0
2024-05-22,Lil Mabu,1,2.0
2024-05-22,Lil Uzi Vert,1,2.0
2024-05-22,Luke Combs,1,2.0
2024-05-22,Metro Boomin,2,4.0
2024-05-22,Miguel,1,2.0
2024-05-22,Miley Cyrus,1,2.0
2024-05-22,Morgan Wallen,5,10.0
2024-05-22,NLE Choppa,1,2.0
2024-05-22,Natanael Cano & Peso Pluma & Gabito Ballesteros,1,2.0
2024-05-22,Peso Pluma,1,2.0
2024-05-22,Peso Pluma & Natanael Cano,1,2.0
2024-05-22,PinkPantheress & Ice Spice,1,2.0
2024-05-22,Post Malone,1,2.0
2024-05-22,Rema,1,2.0
2024-05-22,SZA,2,4.0
2024-05-22,Steve Lacy,1,2.0
2024-05-22,Taylor Swift,3,6.0
2024-05-22,The Weeknd,1,2.0
2024-05-22,Toosii & Future,1,2.0
2024-05-22,"Tyler, The Creator",1,2.0
2024-05-22,Yng Lvcas & Peso Pluma,1,2.0
2024-05-22,Zach Bryan,1,2.0
2024-05-23,Bad Bunny,1,2.0
2024-05-23,Beyoncé & Kendrick Lamar,1,2.0
2024-05-23,Chino Pacas,1,2.0
2024-05-23,David Kushner,1,2.0
2024-05-23,Drake,1,2.0
2024-05-23,Drake & 21 Savage,1,2.0
2024-05-23,Eslabon Armado,1,2.0
2024-05-23,FIFTY FIFTY,1,2.0
2024-05-23,Fuerza Regida,1,2.0
2024-05-23,Grupo Frontera & Bad Bunny,1,2.0
2024-05-23,Harry Styles,1,2.0
2024-05-23,J. Cole,1,2.0
2024-05-23,JVKE,1,2.0
2024-05-23,Junior H & Peso Pluma,1,2.0
2024-05-23,Kali,1,2.0
2024-05-23,Kali Uchis,1,2.0
2024-05-23,Kendrick Lamar,1,2.0
2024-05-23,Lana Del Rey,1,2.0
2024-05-23,Lil Durk & J. Cole,1,2.0
2024-05-23,Lil Mabu,1,2.0
2024-05-23,Lil Uzi Vert,1,2.0
2024-05-23,Luke Combs,1,2.0
2024-05-23,Metro Boomin,3,6.0
2024-05-23,Miguel,1,2.0
2024-05-23,Miley Cyrus,1,2.0
2024-05-23,Morgan Wallen,5,10.0
2024-05-23,NLE Choppa,1,2.0
2024-05-23,Natanael Cano & Peso Pluma & Gabito Ballesteros,1,2.0
2024-05-23,Peso Pluma,1,2.0
2024-05-23,Peso Pluma & Natanael Cano,1,2.0
2024-05-23,PinkPantheress & Ice Spice,1,2.0
2024-05-23,Post Malone,1,2.0
2024-05-23,Rema,1,2.0
2024-05-23,SZA,2,4.0
2024-05-23,Steve Lacy,1,2.0
2024-05-23,Taylor Swift,3,6.0
2024-05-23,The Weeknd,1,2.0
2024-05-23,Toosii & Future,1,2.0
2024-05-23,"Tyler, The Creator",1,2.0
2024-05-23,Yng Lvcas & Peso Pluma,1,2.0
2024-05-23,Zach Bryan,1,2.0
2024-05-24,Bad Bunny,1,2.0
2024-05-24,Beyoncé & Kendrick Lamar,1,2.0
2024-05-24,Chino Pacas,1,2.0
2024-05-24,David Kushner,1,2.0
2024-05-24,Drake,2,4.0
2024-05-24,Drake & 21 Savage,1,2.0
2024-05-24,Eslabon Armado,1,2.0
2024-05-24,FIFTY FIFTY,1,2.0
2024-05-24,Fuerza Regida,1,2.0
2024-05-24,Grupo Frontera & Bad Bunny,1,2.0
2024-05-24,Harry Styles,1,2.0
2024-05-24,J. Cole,1,2.0
2024-05-24,JVKE,1,2.0
2024-05-24,Junior H & Peso Pluma,1,2.0
2024-05-24,Kali,1,2.0
2024-05-24,Kali Uchis,1,2.0
2024-05-24,Kendrick Lamar,1,2.0
2024-05-24,Lana Del Rey,1,2.0
2024-05-24,Lil Durk & J. Cole,1,2.0
2024-05-24,Lil Mabu,1,2.0
2024-05-24,Lil Uzi Vert,1,2.0
2024-05-24,Luke Combs,1,2.0
2024-05-24,Metro Boomin,3,6.0
2024-05-24,Miguel,1,2.0
2024-05-24,Miley Cyrus,1,2.0
2024-05-24,Morgan Wallen,4,8.0
2024-05-24,NLE Choppa,1,2.0
2024-05-24,Natanael Cano & Peso Pluma & Gabito Ballesteros,1,2.0
2024-05-24,Peso Pluma,1,2.0
2024-05-24,Peso Pluma & Natanael Cano,1,2.0
2024-05-24,PinkPantheress & Ice Spice,1,2.0
2024-05-24,Post Malone,1,2.0
2024-05-24,Rema,1,2.0
2024-05-24,SZA,2,4.0
2024-05-24,Steve Lacy,1,2.0
2024-05-24,Taylor Swift,3,6.0
2024-05-24,The Weeknd,1,2.0
2024-05-24,Toosii & Future,1,2.0
2024-05-24,"Tyler, The Creator",1,2.0
2024-05-24,Yng Lvcas & Peso Pluma,1,2.0
2024-05-24,Zach Bryan,1,2.0
2024-05-25,Bad Bunny,1,2.0
2024-05-25,Beyoncé & Kendrick Lamar,1,2.0
2024-05-25,Chino Pacas,1,2.0
2024-05-25,David Kushner,1,2.0
2024-05-25,Drake,2,4.0
2024-05-25,Drake & 21 Savage,1,2.0
2024-05-25,Eslabon Armado,1,2.0
2024-05-25,FIFTY FIFTY,1,2.0
2024-05-25,Fuerza Regida,1,2.0
2024-05-25,Grupo Frontera & Bad Bunny,1,2.0
2024-05-25,Harry Styles,1,2.0
2024-05-25,J. Cole,1,2.0
2024-05-25,JVKE,1,2.0
2024-05-25,Junior H & Peso Pluma,1,2.0
2024-05-25,Kali,1,2.0
2024-05-25,Kali Uchis,1,2.0
2024-05-25,Kendrick Lamar,1,2.0
2024-05-25,Lana Del Rey,1,2.0
2024-05-25,Lil Durk & J. Cole,1,2.0
2024-05-25,Lil Mabu,1,2.0
2024-05-25,Lil Uzi Vert,1,2.0
2024-05-25,Luke Combs,1,2.0
2024-05-25,Metro Boomin,3,6.0
2024-05-25,Miguel,1,2.0
2024-05-25,Miley Cyrus,1,2.0
2024-05-25,Morgan Wallen,4,8.0
2024-05-25,NLE Choppa,1,2.0
2024-05-25,Natanael Cano & Peso Pluma & Gabito Ballesteros,1,2.0
2024-05-25,Peso Pluma,1,2.0
2024-05-25,Peso Pluma & Natanael Cano,1,2.0
2024-05-25,PinkPantheress & Ice Spice,1,2.0
2024-05-25,Post Malone,1,2.0
2024-05-25,Rema,1,2.0
2024-05-25,SZA,2,4.0
2024-05-25,Steve Lacy,1,2.0
2024-05-25,Taylor Swift,3,6.0
2024-05-25,The Weeknd,1,2.0
2024-05-25,"Tyler, The Creator",1,2.0
2024-05-25,Yng Lvcas & Peso Pluma,1,2.0
2024-05-25,Zach Bryan,1,2.0
2024-05-25,d4vd,1,2.0
2024-05-26,Bad Bunny,1,2.0
2024-05-26,Beyoncé,1,2.0
2024-05-26,Chino Pacas,1,2.0
2024-05-26,David Kushner,1,2.0
2024-05-26,Drake,2,4.0
2024-05-26,Drake & 21 Savage,1,2.0
2024-05-26,Eslabon Armado,1,2.0
2024-05-26,FIFTY FIFTY,1,2.0
2024-05-26,Fuerza Regida,1,2.0
2024-05-26,Grupo Frontera & Bad Bunny,1,2.0
2024-05-26,Harry Styles,1,2.0
2024-05-26,J. Cole,1,2.0
2024-05-26,JVKE,1,2.0
2024-05-26,Junior H & Peso Pluma,1,2.0
2024-05-26,Kali,1,2.0
2024-05-26,Kali Uchis,1,2.0
2024-05-26,Kendrick Lamar,1,2.0
2024-05-26,Lana Del Rey,1,2.0
2024-05-26,Lil Durk & J. Cole,1,2.0
2024-05-26,Lil Mabu,1,2.0
2024-05-26,Lil Uzi Vert,1,2.0
2024-05-26,Luke Combs,1,2.0
2024-05-26,Metro Boomin,3,6.0
2024-05-26,Miguel,1,2.0
2024-05-26,Miley Cyrus,1,2.0
2024-05-26,Morgan Wallen,4,8.0
2024-05-26,NLE Choppa,1,2.0
2024-05-26,Natanael Cano & Peso Pluma & Gabito Ballesteros,1,2.0
2024-05-26,Peso Pluma,1,2.0
2024-05-26,Peso Pluma & Natanael Cano,1,2.0
2024-05-26,PinkPantheress & Ice Spice,1,2.0
2024-05-26,Post Malone,1,2.0
2024-05-26,Rema,1,2.0
2024-05-26,SZA,2,4.0
2024-05-26,Steve Lacy,1,2.0
2024-05-26,Taylor Swift,3,6.0
2024-05-26,The Weeknd,1,2.0
2024-05-26,"Tyler, The Creator",1,2.0
2024-05-26,Yng Lvcas & Peso Pluma,1,2.0
2024-05-26,Zach Bryan,1,2.0
2024-05-26,d4vd,1,2.0
2024-05-27,Bad Bunny,1,2.0
2024-05-27,Beyoncé,1,2.0
2024-05-27,Chino Pacas,1,2.0
2024-05-27,David Kushner,1,2.0
2024-05-27,Drake,2,4.0
2024-05-27,Drake & 21 Savage,1,2.0
2024-05-27,Eslabon Armado,1,2.0
2024-05-27,FIFTY FIFTY,1,2.0
2024-05-27,Fuerza Regida,1,2.0
2024-05-27,Grupo Frontera & Bad Bunny,1,2.0
2024-05-27,Harry Styles,1,2.0
2024-05-27,J. Cole,1,2.0
2024-05-27,JVKE,1,2.0
2024-05-27,Junior H & Peso Pluma,1,2.0
2024-05-27,Kali,1,2.0
2024-05-27,Kali Uchis,1,2.0
2024-05-27,Kendrick Lamar,1,2.0
2024-05-27,Lana Del Rey,1,2.0
2024-05-27,Lil Durk & J. Cole,1,2.0
2024-05-27,Lil Mabu,1,2.0
2024-05-27,Lil Uzi Vert,1,2.0
2024-05-27,Luke Combs,1,2.0
2024-05-27,Metro Boomin,3,6.0
2024-05-27,Miguel,1,2.0
2024-05-27,Miley Cyrus,1,2.0
2024-05-27,Morgan Wallen,5,10.0
2024-05-27,NLE Choppa,1,2.0
2024-05-27,Natanael Cano & Peso Pluma & Gabito Ballesteros,1,2.0
2024-05-27,Peso Pluma,1,2.0
2024-05-27,Peso Pluma & Natanael Cano,1,2.0
2024-05-27,PinkPantheress & Ice Spice,1,2.0
2024-05-27,Post Malone,1,2.0
2024-05-27,Rema,1,2.0
2024-05-27,SZA,2,4.0
2024-05-27,Steve Lacy,1,2.0
2024-05-27,Taylor Swift,3,6.0
2024-05-27,The Weeknd,1,2.0
2024-05-27,"Tyler, The Creator",1,2.0
2024-05-27,Yng Lvcas & Peso Pluma,1,2.0
2024-05-27,Zach Bryan,1,2.0
2024-05-28,Bad Bunny,1,2.0
2024-05-28,Beyoncé,1,2.0
2024-05-28,Chino Pacas,1,2.0
2024-05-28,David Kushner,1,2.0
2024-05-28,Drake,1,2.0
2024-05-28,Drake & 21 Savage,1,2.0
2024-05-28,Dua Lipa,1,2.0
2024-05-28,Eslabon Armado,1,2.0
2024-05-28,FIFTY FIFTY,1,2.0
2024-05-28,Fuerza Regida,1,2.0
2024-05-28,Grupo Frontera & Bad Bunny,1,2.0
2024-05-28,Harry Styles,1,2.0
2024-05-28,J. Cole,1,2.0
2024-05-28,JVKE,1,2.0
2024-05-28,Junior H & Peso Pluma,1,2.0
2024-05-28,Kali,1,2.0
2024-05-28,Kali Uchis,1,2.0
2024-05-28,Kendrick Lamar,1,2.0
2024-05-28,Lil Durk,4,8.0
2024-05-28,Lil Mabu,1,2.0
2024-05-28,Lil Uzi Vert,1,2.0
2024-05-28,Luke Combs,1,2.0
2024-05-28,Metro Boomin,2,4.0
2024-05-28,Miley Cyrus,1,2.0
2024-05-28,Morgan Wallen,4,8.0
2024-05-28,NLE Choppa,1,2.0
2024-05-28,Natanael Cano & Peso Pluma & Gabito Ballesteros,1,2.0
2024-05-28,Peso Pluma,1,2.0
2024-05-28,Peso Pluma & Natanael Cano,1,2.0
2024-05-28,PinkPantheress & Ice Spice,1,2.0
2024-05-28,Rema,1,2.0
2024-05-28,SZA,1,2.0
2024-05-28,Taylor Swift,7,14.000000000000002
2024-05-28,The Weeknd,1,2.0
2024-05-28,"Tyler, The Creator",1,2.0
2024-05-28,Yng Lvcas & Peso Pluma,1,2.0
2024-05-28,Zach Bryan,1,2.0
2024-05-29,Bad Bunny,1,2.0
2024-05-29,Chino Pacas,1,2.0
2024-05-29,David Kushner,1,2.0
2024-05-29,Drake,1,2.0
2024-05-29,Drake & 21 Savage,1,2.0
2024-05-29,Eslabon Armado,1,2.0
2024-05-29,FIFTY FIFTY,1,2.0
2024-05-29,Fuerza Regida,1,2.0
2024-05-29,Grupo Frontera & Bad Bunny,1,2.0
2024-05-29,Harry Styles,1,2.0
2024-05-29,J. Cole,1,2.0
2024-05-29,JVKE,1,2.0
2024-05-29,Junior H & Peso Pluma,1,2.0
2024-05-29,Kali,1,2.0
2024-05-29,Kali Uchis,1,2.0
2024-05-29,Kendrick Lamar,1,2.0
2024-05-29,Lil Durk,3,6.0
2024-05-29,Lil Mabu,1,2.0
2024-05-29,Lil Uzi Vert,1,2.0
2024-05-29,Luke Combs,1,2.0
2024-05-29,Metro Boomin,2,4.0
2024-05-29,Miley Cyrus,1,2.0
2024-05-29,Morgan Wallen,6,12.0
2024-05-29,NLE Choppa,1,2.0
2024-05-29,Natanael Cano & Peso Pluma & Gabito Ballesteros,1,2.0
2024-05-29,Peso Pluma,1,2.0
2024-05-29,Peso Pluma & Natanael Cano,1,2.0
2024-05-29,PinkPantheress & Ice Spice,1,2.0
2024-05-29,Rema,1,2.0
2024-05-29,SZA,1,2.0
2024-05-29,Steve Lacy,1,2.0
2024-05-29,Taylor Swift,7,14.000000000000002
2024-05-29,The Weeknd,1,2.0
2024-05-29,"Tyler, The Creator",1,2.0
2024-05-29,Yng Lvcas & Peso Pluma,1,2.0
2024-05-29,Zach Bryan,1,2.0
2024-05-30,Bad Bunny,1,2.0
2024-05-30,Chino Pacas,1,2.0
2024-05-30,David Kushner,1,2.0
2024-05-30,Drake,1,2.0
2024-05-30,Drake & 21 Savage,1,2.0
2024-05-30,Eslabon Armado,1,2.0
2024-05-30,FIFTY FIFTY,1,2.0
2024-05-30,Fuerza Regida,1,2.0
2024-05-30,Grupo Frontera & Bad Bunny,1,2.0
2024-05-30,Harry Styles,1,2.0
2024-05-30,J. Cole,1,2.0
2024-05-30,JVKE,1,2.0
2024-05-30,Junior H & Peso Pluma,1,2.0
2024-05-30,Kali,1,2.0
2024-05-30,Kali Uchis,1,2.0
2024-05-30,Kendrick Lamar,1,2.0
2024-05-30,Lil Durk,3,6.0
2024-05-30,Lil Uzi Vert,1,2.0
2024-05-30,Luke Combs,2,4.0
2024-05-30,Metro Boomin,2,4.0
2024-05-30,Miley Cyrus,1,2.0
2024-05-30,Morgan Wallen,6,12.0
2024-05-30,NLE Choppa,1,2.0
2024-05-30,Natanael Cano & Peso Pluma & Gabito Ballesteros,1,2.0
2024-05-30,Peso Pluma,1,2.0
2024-05-30,Peso Pluma & Natanael Cano,1,2.0
2024-05-30,PinkPantheress & Ice Spice,1,2.0
2024-05-30,Rema,1,2.0
2024-05-30,SZA,1,2.0
2024-05-30,Steve Lacy,1,2.0
2024-05-30,Taylor Swift,7,14.000000000000002
2024-05-30,The Weeknd,1,2.0
2024-05-30,"Tyler, The Creator",1,2.0
2024-05-30,Yng Lvcas & Peso Pluma,1,2.0
2024-05-30,Zach Bryan,1,2.0
2024-05-31,Bad Bunny,1,2.0
2024-05-31,Chino Pacas,1,2.0
2024-05-31,David Kushner,1,2.0
2024-05-31,Drake,1,2.0
2024-05-31,Drake & 21 Savage,1,2.0
2024-05-31,Eslabon Armado,1,2.0
2024-05-31,FIFTY FIFTY,1,2.0
2024-05-31,Fuerza Regida,1,2.0
2024-05-31,Grupo Frontera & Bad Bunny,1,2.0
2024-05-31,Harry Styles,1,2.0
2024-05-31,J. Cole,1,2.0
2024-05-31,JVKE,1,2.0
2024-05-31,Junior H & Peso Pluma,1,2.0
2024-05-31,Kali,1,2.0
2024-05-31,Kali Uchis,1,2.0
2024-05-31,Kendrick Lamar,1,2.0
2024-05-31,Lil Durk,2,4.0
2024-05-31,Lil Mabu,1,2.0
2024-05-31,Lil Uzi Vert,1,2.0
2024-05-31,Luke Combs,2,4.0
2024-05-31,Metro Boomin,2,4.0
2024-05-31,Miguel,1,2.0
2024-05-31,Miley Cyrus,1,2.0
2024-05-31,Morgan Wallen,6,12.0
2024-05-31,NLE Choppa,1,2.0
2024-05-31,Natanael Cano & Peso Pluma & Gabito Ballesteros,1,2.0
2024-05-31,Peso Pluma,1,2.0
2024-05-31,Peso Pluma & Natanael Cano,1,2.0
2024-05-31,PinkPantheress & Ice Spice,1,2.0
2024-05-31,Rema,1,2.0
2024-05-31,SZA,1,2.0
2024-05-31,Steve Lacy,1,2.0
2024-05-31,Taylor Swift,6,12.0
2024-05-31,The Weeknd,1,2.0
2024-05-31,"Tyler, The Creator",1,2.0
2024-05-31,Yng Lvcas & Peso Pluma,1,2.0
2024-05-31,Zach Bryan,1,2.0
2024-06-01,Bad Bunny,1,2.0
2024-06-01,Beyoncé,1,2.0
2024-06-01,Chino Pacas,1,2.0
2024-06-01,David Kushner,1,2.0
2024-06-01,Drake,1,2.0
2024-06-01,Drake & 21 Savage,1,2.0
2024-06-01,Eslabon Armado,1,2.0
2024-06-01,FIFTY FIFTY,1,2.0
2024-06-01,Fuerza Regida,1,2.0
2024-06-01,Grupo Frontera & Bad Bunny,1,2.0
2024-06-01,Harry Styles,1,2.0
2024-06-01,J. Cole,1,2.0
2024-06-01,JVKE,1,2.0
2024-06-01,Junior H & Peso Pluma,1,2.0
2024-06-01,Kali,1,2.0
2024-06-01,Kali Uchis,1,2.0
2024-06-01,Kendrick Lamar,1,2.0
2024-06-01,Lana Del Rey,1,2.0
2024-06-01,Lil Durk,2,4.0
2024-06-01,Lil Uzi Vert,1,2.0
2024-06-01,Luke Combs,1,2.0
2024-06-01,Metro Boomin,3,6.0
2024-06-01,Miguel,1,2.0
2024-06-01,Miley Cyrus,1,2.0
2024-06-01,Morgan Wallen,4,8.0
2024-06-01,NLE Choppa,1,2.0
2024-06-01,Natanael Cano & Peso Pluma & Gabito Ballesteros,1,2.0
2024-06-01,Peso Pluma,1,2.0
2024-06-01,Peso Pluma & Natanael Cano,1,2.0
2024-06-01,PinkPantheress & Ice Spice,1,2.0
2024-06-01,Rema,1,2.0
2024-06-01,SZA,2,4.0
2024-06-01,Steve Lacy,1,2.0
2024-06-01,Taylor Swift,6,12.0
2024-06-01,The Weeknd,1,2.0
2024-06-01,"Tyler, The Creator",1,2.0
2024-06-01,Yng Lvcas & Peso Pluma,1,2.0
2024-06-01,Zach Bryan,1,2.0
2024-06-02,Bad Bunny,1,2.0
2024-06-02,Beyoncé,1,2.0
2024-06-02,Chino Pacas,1,2.0
2024-06-02,David Kushner,1,2.0
2024-06-02,Drake,2,4.0
2024-06-02,Drake & 21 Savage,1,2.0
2024-06-02,Eslabon Armado,1,2.0
2024-06-02,FIFTY FIFTY,1,2.0
2024-06-02,Fuerza Regida,1,2.0
2024-06-02,Grupo Frontera & Bad Bunny,1,2.0
2024-06-02,Harry Styles,1,2.0
2024-06-02,J. Cole,1,2.0
2024-06-02,JVKE,1,2.0
2024-06-02,Junior H & Peso Pluma,1,2.0
2024-06-02,Kali,1,2.0
2024-06-02,Kali Uchis,1,2.0
2024-06-02,Kendrick Lamar,1,2.0
2024-06-02,Lana Del Rey,1,2.0
2024-06-02,Lil Durk,2,4.0
2024-06-02,Lil Uzi Vert,1,2.0
2024-06-02,Luke Combs,1,2.0
2024-06-02,Metro Boomin,3,6.0
2024-06-02,Miguel,1,2.0
2024-06-02,Miley Cyrus,1,2.0
2024-06-02,Morgan Wallen,4,8.0
2024-06-02,NLE Choppa,1,2.0
2024-06-02,Natanael Cano & Peso Pluma & Gabito Ballesteros,1,2.0
2024-06-02,Peso Pluma,2,4.0
2024-06-02,Peso Pluma & Natanael Cano,1,2.0
2024-06-02,PinkPantheress & Ice Spice,1,2.0
2024-06-02,Rema,1,2.0
2024-06-02,SZA,2,4.0
2024-06-02,Steve Lacy,1,2.0
2024-06-02,Taylor Swift,4,8.0
2024-06-02,The Weeknd,1,2.0
2024-06-02,"Tyler, The Creator",1,2.0
2024-06-02,Yng Lvcas & Peso Pluma,1,2.0
2024-06-02,Zach Bryan,1,2.0
2024-06-03,Bad Bunny,1,2.0
2024-06-03,Beyoncé,1,2.0
2024-06-03,Bizarrap & Peso Pluma,1,2.0
2024-06-03,David Kushner,1,2.0
2024-06-03,Drake,1,2.0
2024-06-03,Drake & 21 Savage,1,2.0
2024-06-03,Dua Lipa,1,2.0
2024-06-03,Eslabon Armado,1,2.0
2024-06-03,FIFTY FIFTY,1,2.0
2024-06-03,Fuerza Regida,1,2.0
2024-06-03,Grupo Frontera & Bad Bunny,1,2.0
2024-06-03,Harry Styles,1,2.0
2024-06-03,J. Cole,1,2.0
2024-06-03,JVKE,1,2.0
2024-06-03,Junior H & Peso Pluma,1,2.0
2024-06-03,Kali,1,2.0
2024-06-03,Kali Uchis,1,2.0
2024-06-03,Kendrick Lamar,1,2.0
2024-06-03,Lana Del Rey,1,2.0
2024-06-03,Lil Durk,2,4.0
2024-06-03,Lil Mabu,1,2.0
2024-06-03,Lil Uzi Vert,1,2.0
2024-06-03,Luke Combs,1,2.0
2024-06-03,Metro Boomin,3,6.0
2024-06-03,Miguel,1,2.0
2024-06-03,Miley Cyrus,1,2.0
2024-06-03,Morgan Wallen,4,8.0
2024-06-03,NLE Choppa,1,2.0
2024-06-03,Natanael Cano & Peso Pluma & Gabito Ballesteros,1,2.0
2024-06-03,Peso Pluma,1,2.0
2024-06-03,Peso Pluma & Natanael Cano,1,2.0
2024-06-03,PinkPantheress & Ice Spice,1,2.0
2024-06-03,Rema,1,2.0
2024-06-03,SZA,1,2.0
2024-06-03,Steve Lacy,1,2.0
2024-06-03,Taylor Swift,5,10.0
2024-06-03,The Weeknd,1,2.0
2024-06-03,"Tyler, The Creator",1,2.0
2024-06-03,Yng Lvcas & Peso Pluma,1,2.0
2024-06-03,Zach Bryan,1,2.0
2024-06-04,Bad Bunny,1,2.0
2024-06-04,Bizarrap & Peso Pluma,1,2.0
2024-06-04,Chino Pacas,1,2.0
2024-06-04,David Kushner,1,2.0
2024-06-04,Drake,1,2.0
2024-06-04,Dua Lipa,1,2.0
2024-06-04,Eslabon Armado,1,2.0
2024-06-04,FIFTY FIFTY,1,2.0
2024-06-04,Fuerza Regida,1,2.0
2024-06-04,Grupo Frontera & Bad Bunny,1,2.0
2024-06-04,Harry Styles,1,2.0
2024-06-04,J. Cole,1,2.0
2024-06-04,JVKE,1,2.0
2024-06-04,Junior H & Peso Pluma,1,2.0
2024-06-04,Kali,1,2.0
2024-06-04,Kali Uchis,1,2.0
2024-06-04,Kendrick Lamar,1,2.0
2024-06-04,Lana Del Rey,1,2.0
2024-06-04,Lil Durk,2,4.0
2024-06-04,Luke Combs,1,2.0
2024-06-04,Metro Boomin,7,14.000000000000002
2024-06-04,Miley Cyrus,1,2.0
2024-06-04,Morgan Wallen,4,8.0
2024-06-04,NLE Choppa,1,2.0
2024-06-04,Natanael Cano & Peso Pluma & Gabito Ballesteros,1,2.0
2024-06-04,Peso Pluma,2,4.0
2024-06-04,Peso Pluma & Natanael Cano,1,2.0
2024-06-04,PinkPantheress & Ice Spice,1,2.0
2024-06-04,Rema,1,2.0
2024-06-04,SZA,1,2.0
2024-06-04,Steve Lacy,1,2.0
2024-06-04,Taylor Swift,4,8.0
2024-06-04,The Weeknd & Playboi Carti & Madonna,1,2.0
2024-06-04,"Tyler, The Creator",1,2.0
2024-06-04,Yng Lvcas & Peso Pluma,1,2.0
2024-06-04,Zach Bryan,1,2.0
2024-06-05,Bad Bunny,1,2.0
2024-06-05,Bizarrap & Peso Pluma,1,2.0
2024-06-05,Chino Pacas,1,2.0
2024-06-05,David Kushner,1,2.0
2024-06-05,Drake,1,2.0
2024-06-05,Dua Lipa,1,2.0
2024-06-05,Eslabon Armado,1,2.0
2024-06-05,FIFTY FIFTY,1,2.0
2024-06-05,Fuerza Regida,1,2.0
2024-06-05,Grupo Frontera & Bad Bunny,1,2.0
2024-06-05,Harry Styles,1,2.0
2024-06-05,J. Cole,1,2.0
2024-06-05,JVKE,1,2.0
2024-06-05,Junior H & Peso Pluma,1,2.0
2024-06-05,Kali,1,2.0
2024-06-05,Kali Uchis,1,2.0
2024-06-05,Lana Del Rey,1,2.0
2024-06-05,Lil Durk,2,4.0
2024-06-05,Lil Uzi Vert,1,2.0
2024-06-05,Luke Combs,1,2.0
2024-06-05,Metro Boomin,6,12.0
2024-06-05,Miley Cyrus,1,2.0
2024-06-05,Morgan Wallen,4,8.0
2024-06-05,NLE Choppa,1,2.0
2024-06-05,Natanael Cano & Peso Pluma & Gabito Ballesteros,1,2.0
2024-06-05,Peso Pluma,2,4.0
2024-06-05,Peso Pluma & Natanael Cano,1,2.0
2024-06-05,PinkPantheress & Ice Spice,1,2.0
2024-06-05,Post Malone,1,2.0
2024-06-05,Rema,1,2.0
2024-06-05,SZA,1,2.0
2024-06-05,Steve Lacy,1,2.0
2024-06-05,Taylor Swift,4,8.0
2024-06-05,The Weeknd & Playboi Carti & Madonna,1,2.0
2024-06-05,"Tyler, The Creator",1,2.0
2024-06-05,Yng Lvcas & Peso Pluma,1,2.0
2024-06-05,Zach Bryan,1,2.0
2024-06-06,Bad Bunny,1,2.0
2024-06-06,Bizarrap & Peso Pluma,1,2.0
2024-06-06,Chino Pacas,1,2.0
2024-06-06,David Kushner,1,2.0
2024-06-06,Drake,1,2.0
2024-06-06,Dua Lipa,1,2.0
2024-06-06,Eslabon Armado,1,2.0
2024-06-06,FIFTY FIFTY,1,2.0
2024-06-06,Fuerza Regida,1,2.0
2024-06-06,Grupo Frontera & Bad Bunny,1,2.0
2024-06-06,Harry Styles,1,2.0
2024-06-06,J. Cole,1,2.0
2024-06-06,JVKE,1,2.0
2024-06-06,Junior H & Peso Pluma,1,2.0
2024-06-06,Kali,1,2.0
2024-06-06,Kali Uchis,1,2.0
2024-06-06,Lana Del Rey,1,2.0
2024-06-06,Lil Durk,2,4.0
2024-06-06,Lil Uzi Vert,1,2.0
2024-06-06,Luke Combs,1,2.0
2024-06-06,Metro Boomin,7,14.000000000000002
2024-06-06,Miley Cyrus,1,2.0
2024-06-06,Morgan Wallen,4,8.0
2024-06-06,NLE Choppa,1,2.0
2024-06-06,Natanael Cano & Peso Pluma & Gabito Ballesteros,1,2.0
2024-06-06,Peso Pluma,2,4.0
2024-06-06,Peso Pluma & Natanael Cano,1,2.0
2024-06-06,PinkPantheress & Ice Spice,1,2.0
2024-06-06,Post Malone,1,2.0
2024-06-06,Rema,1,2.0
2024-06-06,SZA,1,2.0
2024-06-06,Steve Lacy,1,2.0
2024-06-06,Taylor Swift,3,6.0
2024-06-06,The Weeknd & Playboi Carti & Madonna,1,2.0
2024-06-06,"Tyler, The Creator",1,2.0
2024-06-06,Yng Lvcas & Peso Pluma,1,2.0
2024-06-06,Zach Bryan,1,2.0
2024-06-07,Bad Bunny,1,2.0
2024-06-07,Bizarrap & Peso Pluma,1,2.0
2024-06-07,David Kushner,1,2.0
2024-06-07,Drake,1,2.0
2024-06-07,Dua Lipa,1,2.0
2024-06-07,Eslabon Armado,1,2.0
2024-06-07,FIFTY FIFTY,1,2.0
2024-06-07,Fuerza Regida,1,2.0
2024-06-07,Grupo Frontera & Bad Bunny,1,2.0
2024-06-07,Harry Styles,1,2.0
2024-06-07,J. Cole,1,2.0
2024-06-07,JVKE,1,2.0
2024-06-07,Junior H & Peso Pluma,1,2.0
2024-06-07,Kali,1,2.0
2024-06-07,Kali Uchis,1,2.0
2024-06-07,Lana Del Rey,1,2.0
2024-06-07,Lil Durk,2,4.0
2024-06-07,Luke Combs,1,2.0
2024-06-07,Metro Boomin,7,14.000000000000002
2024-06-07,Miley Cyrus,1,2.0
2024-06-07,Morgan Wallen,4,8.0
2024-06-07,NLE Choppa,1,2.0
2024-06-07,Natanael Cano & Peso Pluma & Gabito Ballesteros,1,2.0
2024-06-07,Peso Pluma,2,4.0
2024-06-07,Peso Pluma & Natanael Cano,1,2.0
2024-06-07,PinkPantheress & Ice Spice,1,2.0
2024-06-07,Post Malone,1,2.0
2024-06-07,Rema,1,2.0
2024-06-07,SZA,1,2.0
2024-06-07,Steve Lacy,1,2.0
2024-06-07,Taylor Swift,4,8.0
2024-06-07,The Weeknd,1,2.0
2024-06-07,The Weeknd & Playboi Carti & Madonna,1,2.0
2024-06-07,"Tyler, The Creator",1,2.0
2024-06-07,Yng Lvcas & Peso Pluma,1,2.0
2024-06-07,Zach Bryan,1,2.0
2024-06-08,Bad Bunny,1,2.0
2024-06-08,Bizarrap & Peso Pluma,1,2.0
2024-06-08,Chino Pacas,1,2.0
2024-06-08,David Kushner,1,2.0
2024-06-08,Drake,1,2.0
2024-06-08,Dua Lipa,1,2.0
2024-06-08,Eslabon Armado,1,2.0
2024-06-08,FIFTY FIFTY,1,2.0
2024-06-08,Fuerza Regida,1,2.0
2024-06-08,Grupo Frontera & Bad Bunny,1,2.0
2024-06-08,Harry Styles,1,2.0
2024-06-08,J. Cole,1,2.0
2024-06-08,JVKE,1,2.0
2024-06-08,Junior H & Peso Pluma,1,2.0
2024-06-08,Kali,1,2.0
2024-06-08,Kali Uchis,1,2.0
2024-06-08,Lana Del Rey,1,2.0
2024-06-08,Lil Durk,2,4.0
2024-06-08,Luke Combs,1,2.0
2024-06-08,Metro Boomin,8,16.0
2024-06-08,Miley Cyrus,1,2.0
2024-06-08,Morgan Wallen,4,8.0
2024-06-08,NLE Choppa,1,2.0
2024-06-08,Natanael Cano & Peso Pluma & Gabito Ballesteros,1,2.0
2024-06-08,Peso Pluma,2,4.0
2024-06-08,Peso Pluma & Natanael Cano,1,2.0
2024-06-08,PinkPantheress & Ice Spice,1,2.0
2024-06-08,Post Malone,1,2.0
2024-06-08,Rema,1,2.0
2024-06-08,SZA,1,2.0
2024-06-08,Taylor Swift,4,8.0
2024-06-08,The Weeknd & Playboi Carti & Madonna,1,2.0
2024-06-08,"Tyler, The Creator",1,2.0
2024-06-08,Yng Lvcas & Peso Pluma,1,2.0
2024-06-08,Zach Bryan,1,2.0
2024-06-09,Bad Bunny,1,2.0
2024-06-09,Bizarrap & Peso Pluma,1,2.0
2024-06-09,David Kushner,1,2.0
2024-06-09,Drake,1,2.0
2024-06-09,Dua Lipa,1,2.0
2024-06-09,Eslabon Armado,1,2.0
2024-06-09,FIFTY FIFTY,1,2.0
2024-06-09,Fuerza Regida,1,2.0
2024-06-09,Grupo Frontera & Bad Bunny,1,2.0
2024-06-09,Harry Styles,1,2.0
2024-06-09,J. Cole,1,2.0
2024-06-09,JVKE,1,2.0
2024-06-09,Junior H & Peso Pluma,1,2.0
2024-06-09,Kali,1,2.0
2024-06-09,Kali Uchis,1,2.0
2024-06-09,Kendrick Lamar,1,2.0
2024-06-09,Lil Durk,2,4.0
2024-06-09,Luke Combs,1,2.0
2024-06-09,Metro Boomin,8,16.0
2024-06-09,Miley Cyrus,1,2.0
2024-06-09,Morgan Wallen,4,8.0
2024-06-09,NLE Choppa,1,2.0
2024-06-09,Natanael Cano & Peso Pluma & Gabito Ballesteros,1,2.0
2024-06-09,Peso Pluma,2,4.0
2024-06-09,Peso Pluma & Natanael Cano,1,2.0
2024-06-09,PinkPantheress & Ice Spice,1,2.0
2024-06-09,Post Malone,1,2.0
2024-06-09,Rema,1,2.0
2024-06-09,SZA,1,2.0
2024-06-09,Taylor Swift,4,8.0
2024-06-09,The Weeknd,1,2.0
2024-06-09,The Weeknd & Playboi Carti & Madonna,1,2.0
2024-06-09,"Tyler, The Creator",1,2.0
2024-06-09,Yng Lvcas & Peso Pluma,1,2.0
2024-06-09,Zach Bryan,1,2.0
2024-06-10,Bad Bunny,1,2.0
2024-06-10,Bizarrap & Peso Pluma,1,2.0
2024-06-10,Chino Pacas,1,2.0
2024-06-10,David Kushner,1,2.0
2024-06-10,Drake,2,4.0
2024-06-10,Eslabon Armado,1,2.0
2024-06-10,FIFTY FIFTY,1,2.0
2024-06-10,Fuerza Regida,1,2.0
2024-06-10,Grupo Frontera & Bad Bunny,1,2.0
2024-06-10,Harry Styles,1,2.0
2024-06-10,J. Cole,1,2.0
2024-06-10,JVKE,1,2.0
2024-06-10,Junior H & Peso Pluma,1,2.0
2024-06-10,Kali,1,2.0
2024-06-10,Kali Uchis,1,2.0
2024-06-10,Kendrick Lamar,1,2.0
2024-06-10,Lil Durk,2,4.0
2024-06-10,Luke Combs,1,2.0
2024-06-10,Metro Boomin,7,14.000000000000002
2024-06-10,Miley Cyrus,1,2.0
2024-06-10,Morgan Wallen,4,8.0
2024-06-10,NLE Choppa,1,2.0
2024-06-10,Natanael Cano & Peso Pluma & Gabito Ballesteros,1,2.0
2024-06-10,Peso Pluma,2,4.0
2024-06-10,Peso Pluma & Natanael Cano,1,2.0
2024-06-10,PinkPantheress & Ice Spice,1,2.0
2024-06-10,Post Malone,1,2.0
2024-06-10,Rema,1,2.0
2024-06-10,SZA,1,2.0
2024-06-10,Steve Lacy,1,2.0
2024-06-10,Taylor Swift,3,6.0
2024-06-10,The Weeknd,1,2.0
2024-06-10,The Weeknd & Playboi Carti & Madonna,1,2.0
2024-06-10,"Tyler, The Creator",1,2.0
2024-06-10,Yng Lvcas & Peso Pluma,1,2.0
2024-06-10,Zach Bryan,1,2.0
2024-06-11,BTS,1,2.0
2024-06-11,Bad Bunny,1,2.0
2024-06-11,Bizarrap & Peso Pluma,1,2.0
2024-06-11,David Kushner,1,2.0
2024-06-11,Drake,1,2.0
2024-06-11,Eslabon Armado,1,2.0
2024-06-11,FIFTY FIFTY,1,2.0
2024-06-11,Fuerza Regida,1,2.0
2024-06-11,Grupo Frontera & Bad Bunny,1,2.0
2024-06-11,Harry Styles,1,2.0
2024-06-11,J Hus & Drake,1,2.0
2024-06-11,J. Cole,1,2.0
2024-06-11,Junior H & Peso Pluma,1,2.0
2024-06-11,Kali,1,2.0
2024-06-11,Kali Uchis,1,2.0
2024-06-11,Lil Durk,2,4.0
2024-06-11,Luke Combs,1,2.0
2024-06-11,Metro Boomin,6,12.0
2024-06-11,Miley Cyrus,1,2.0
2024-06-11,Morgan Wallen,4,8.0
2024-06-11,Natanael Cano & Peso Pluma & Gabito Ballesteros,1,2.0
2024-06-11,Noah Kahan,6,12.0
2024-06-11,Peso Pluma,2,4.0
2024-06-11,Peso Pluma & Natanael Cano,1,2.0
2024-06-11,PinkPantheress & Ice Spice,1,2.0
2024-06-11,Post Malone,1,2.0
2024-06-11,Rema,1,2.0
2024-06-11,SZA,1,2.0
2024-06-11,Taylor Swift,3,6.0
2024-06-11,The Weeknd & Playboi Carti & Madonna,1,2.0
2024-06-11,"Tyler, The Creator",1,2.0
2024-06-11,Yng Lvcas & Peso Pluma,1,2.0
2024-06-11,Zach Bryan,1,2.0
2024-06-12,Bad Bunny,1,2.0
2024-06-12,Bizarrap & Peso Pluma,1,2.0
2024-06-12,Chino Pacas,1,2.0
2024-06-12,David Kushner,1,2.0
2024-06-12,Drake,2,4.0
2024-06-12,Drake & 21 Savage,1,2.0
2024-06-12,Eslabon Armado,1,2.0
2024-06-12,FIFTY FIFTY,1,2.0
2024-06-12,Fuerza Regida,1,2.0
2024-06-12,Grupo Frontera & Bad Bunny,1,2.0
2024-06-12,Harry Styles,1,2.0
2024-06-12,J. Cole,1,2.0
2024-06-12,Junior H & Peso Pluma,1,2.0
2024-06-12,Kali,1,2.0
2024-06-12,Kali Uchis,1,2.0
2024-06-12,Lil Durk,2,4.0
2024-06-12,Lil Uzi Vert,1,2.0
2024-06-12,Luke Combs,2,4.0
2024-06-12,Metro Boomin,6,12.0
2024-06-12,Miley Cyrus,1,2.0
2024-06-12,Morgan Wallen,4,8.0
2024-06-12,NLE Choppa,1,2.0
2024-06-12,Natanael Cano & Peso Pluma & Gabito Ballesteros,1,2.0
2024-06-12,Noah Kahan,1,2.0
2024-06-12,Peso Pluma,2,4.0
2024-06-12,Peso Pluma & Natanael Cano,1,2.0
2024-06-12,PinkPantheress & Ice Spice,1,2.0
2024-06-12,Post Malone,1,2.0
2024-06-12,Rema,1,2.0
2024-06-12,SZA,1,2.0
2024-06-12,Steve Lacy,1,2.0
2024-06-12,Taylor Swift,3,6.0
2024-06-12,The Weeknd & Playboi Carti & Madonna,1,2.0
2024-06-12,"Tyler, The Creator",1,2.0
2024-06-12,Yng Lvcas & Peso Pluma,1,2.0
2024-06-12,Zach Bryan,1,2.0
2024-06-13,Bad Bunny,1,2.0
2024-06-13,Bizarrap & Peso Pluma,1,2.0
2024-06-13,David Kushner,1,2.0
2024-06-13,Drake,2,4.0
2024-06-13,Eslabon Armado,1,2.0
2024-06-13,FIFTY FIFTY,1,2.0
2024-06-13,Fuerza Regida,1,2.0
2024-06-13,Grupo Frontera & Bad Bunny,1,2.0
2024-06-13,Harry Styles,1,2.0
2024-06-13,J. Cole,1,2.0
2024-06-13,JVKE,1,2.0
2024-06-13,Junior H & Peso Pluma,1,2.0
2024-06-13,Kali,1,2.0
2024-06-13,Kali Uchis,1,2.0
2024-06-13,Kendrick Lamar,1,2.0
2024-06-13,Lil Durk,2,4.0
2024-06-13,Lil Uzi Vert,1,2.0
2024-06-13,Luke Combs,1,2.0
2024-06-13,Metro Boomin,6,12.0
2024-06-13,Miley Cyrus,1,2.0
2024-06-13,Morgan Wallen,4,8.0
2024-06-13,NLE Choppa,1,2.0
2024-06-13,Natanael Cano & Peso Pluma & Gabito Ballesteros,1,2.0
2024-06-13,Noah Kahan,1,2.0
2024-06-13,Peso Pluma,2,4.0
2024-06-13,Peso Pluma & Natanael Cano,1,2.0
2024-06-13,PinkPantheress & Ice Spice,1,2.0
2024-06-13,Post Malone,1,2.0
2024-06-13,Rema,1,2.0
2024-06-13,SZA,2,4.0
2024-06-13,Steve Lacy,1,2.0
2024-06-13,Taylor Swift,3,6.0
2024-06-13,The Weeknd,1,2.0
2024-06-13,"Tyler, The Creator",1,2.0
2024-06-13,Yng Lvcas & Peso Pluma,1,2.0
2024-06-13,Zach Bryan,1,2.0
2024-06-14,Bad Bunny,1,2.0
2024-06-14,Bizarrap & Peso Pluma,1,2.0
2024-06-14,David Kushner,1,2.0
2024-06-14,Drake,2,4.0
2024-06-14,Eslabon Armado,1,2.0
2024-06-14,FIFTY FIFTY,1,2.0
2024-06-14,Fuerza Regida,1,2.0
2024-06-14,Grupo Frontera & Bad Bunny,1,2.0
2024-06-14,Harry Styles,1,2.0
2024-06-14,J. Cole,1,2.0
2024-06-14,JVKE,1,2.0
2024-06-14,Junior H & Peso Pluma,1,2.0
2024-06-14,Kali,1,2.0
2024-06-14,Kali Uchis,1,2.0
2024-06-14,Kendrick Lamar,1,2.0
2024-06-14,Lil Durk,2,4.0
2024-06-14,Lil Uzi Vert,1,2.0
2024-06-14,Luke Combs,1,2.0
2024-06-14,Metro Boomin,7,14.000000000000002
2024-06-14,Miley Cyrus,1,2.0
2024-06-14,Morgan Wallen,4,8.0
2024-06-14,NLE Choppa,1,2.0
2024-06-14,Natanael Cano & Peso Pluma & Gabito Ballesteros,1,2.0
2024-06-14,Noah Kahan,1,2.0
2024-06-14,Peso Pluma,2,4.0
2024-06-14,Peso Pluma & Natanael Cano,1,2.0
2024-06-14,PinkPantheress & Ice Spice,1,2.0
2024-06-14,Post Malone,1,2.0
2024-06-14,SZA,2,4.0
2024-06-14,Steve Lacy,1,2.0
2024-06-14,Taylor Swift,3,6.0
2024-06-14,The Weeknd,1,2.0
2024-06-14,"Tyler, The Creator",1,2.0
2024-06-14,Yng Lvcas & Peso Pluma,1,2.0
2024-06-14,Zach Bryan,1,2.0
2024-06-15,Bad Bunny,1,2.0
2024-06-15,Bizarrap & Peso Pluma,1,2.0
2024-06-15,David Kushner,1,2.0
2024-06-15,Drake,2,4.0
2024-06-15,Eslabon Armado,1,2.0
2024-06-15,FIFTY FIFTY,1,2.0
2024-06-15,Fuerza Regida,1,2.0
2024-06-15,Grupo Frontera & Bad Bunny,1,2.0
2024-06-15,Harry Styles,1,2.0
2024-06-15,J. Cole,1,2.0
2024-06-15,JVKE,1,2.0
2024-06-15,Junior H & Peso Pluma,1,2.0
2024-06-15,Kali,1,2.0
2024-06-15,Kali Uchis,1,2.0
2024-06-15,Kendrick Lamar,1,2.0
2024-06-15,Lil Durk,2,4.0
2024-06-15,Lil Uzi Vert,1,2.0
2024-06-15,Luke Combs,1,2.0
2024-06-15,Metro Boomin,7,14.000000000000002
2024-06-15,Miley Cyrus,1,2.0
2024-06-15,Morgan Wallen,4,8.0
2024-06-15,NLE Choppa,1,2.0
2024-06-15,Natanael Cano & Peso Pluma & Gabito Ballesteros,1,2.0
2024-06-15,Noah Kahan,1,2.0
2024-06-15,Peso Pluma,2,4.0
2024-06-15,Peso Pluma & Natanael Cano,1,2.0
2024-06-15,PinkPantheress & Ice Spice,1,2.0
2024-06-15,Post Malone,1,2.0
2024-06-15,SZA,2,4.0
2024-06-15,Steve Lacy,1,2.0
2024-06-15,Taylor Swift,3,6.0
2024-06-15,The Weeknd,1,2.0
2024-06-15,"Tyler, The Creator",1,2.0
2024-06-15,Yng Lvcas & Peso Pluma,1,2.0
2024-06-15,Zach Bryan,1,2.0
2024-06-16,Bad Bunny,1,2.0
2024-06-16,Bizarrap & Peso Pluma,1,2.0
2024-06-16,Chino Pacas,1,2.0
2024-06-16,David Kushner,1,2.0
2024-06-16,Drake,2,4.0
2024-06-16,Eslabon Armado,1,2.0
2024-06-16,FIFTY FIFTY,1,2.0
2024-06-16,Fuerza Regida,1,2.0
2024-06-16,Grupo Frontera & Bad Bunny,1,2.0
2024-06-16,Harry Styles,1,2.0
2024-06-16,J. Cole,1,2.0
2024-06-16,JVKE,1,2.0
2024-06-16,Junior H & Peso Pluma,1,2.0
2024-06-16,Kali,1,2.0
2024-06-16,Kali Uchis,1,2.0
2024-06-16,Kendrick Lamar,1,2.0
2024-06-16,Lil Durk,2,4.0
2024-06-16,Lil Uzi Vert,1,2.0
2024-06-16,Luke Combs,1,2.0
2024-06-16,Metro Boomin,7,14.000000000000002
2024-06-16,Miley Cyrus,1,2.0
2024-06-16,Morgan Wallen,4,8.0
2024-06-16,NLE Choppa,1,2.0
2024-06-16,Natanael Cano & Peso Pluma & Gabito Ballesteros,1,2.0
2024-06-16,Noah Kahan,1,2.0
2024-06-16,Peso Pluma,2,4.0
2024-06-16,Peso Pluma & Natanael Cano,1,2.0
2024-06-16,PinkPantheress & Ice Spice,1,2.0
2024-06-16,Post Malone,1,2.0
2024-06-16,Rema,1,2.0
2024-06-16,SZA,1,2.0
2024-06-16,Steve Lacy,1,2.0
2024-06-16,Taylor Swift,2,4.0
2024-06-16,The Weeknd,1,2.0
2024-06-16,"Tyler, The Creator",1,2.0
2024-06-16,Yng Lvcas & Peso Pluma,1,2.0
2024-06-16,Zach Bryan,1,2.0
2024-06-17,Bad Bunny,1,2.0
2024-06-17,Bizarrap & Peso Pluma,1,2.0
2024-06-17,Chino Pacas,1,2.0
2024-06-17,David Kushner,1,2.0
2024-06-17,Drake,2,4.0
2024-06-17,Eslabon Armado,1,2.0
2024-06-17,FIFTY FIFTY,1,2.0
2024-06-17,Fuerza Regida,1,2.0
2024-06-17,Grupo Frontera & Bad Bunny,1,2.0
2024-06-17,Harry Styles,1,2.0
2024-06-17,J. Cole,1,2.0
2024-06-17,JVKE,1,2.0
2024-06-17,Junior H & Peso Pluma,1,2.0
2024-06-17,Kali,1,2.0
2024-06-17,Kali Uchis,1,2.0
2024-06-17,Kendrick Lamar,1,2.0
2024-06-17,Lil Durk,2,4.0
2024-06-17,Luke Combs,1,2.0
2024-06-17,Metro Boomin,7,14.000000000000002
2024-06-17,Miley Cyrus,1,2.0
2024-06-17,Morgan Wallen,4,8.0
2024-06-17,NLE Choppa,1,2.0
2024-06-17,Natanael Cano & Peso Pluma & Gabito Ballesteros,1,2.0
2024-06-17,Noah Kahan,1,2.0
2024-06-17,Peso Pluma,2,4.0
2024-06-17,Peso Pluma & Natanael Cano,1,2.0
2024-06-17,PinkPantheress & Ice Spice,1,2.0
2024-06-17,Post Malone,1,2.0
2024-06-17,Rema,1,2.0
2024-06-17,SZA,1,2.0
2024-06-17,Steve Lacy,1,2.0
2024-06-17,Taylor Swift,3,6.0
2024-06-17,The Weeknd,1,2.0
2024-06-17,"Tyler, The Creator",1,2.0
2024-06-17,Yng Lvcas & Peso Pluma,1,2.0
2024-06-17,Zach Bryan,1,2.0
2024-06-18,Bad Bunny,1,2.0
2024-06-18,Bizarrap & Peso Pluma,1,2.0
2024-06-18,David Kushner,1,2.0
2024-06-18,Doja Cat,1,2.0
2024-06-18,Drake,1,2.0
2024-06-18,Eslabon Armado,1,2.0
2024-06-18,FIFTY FIFTY,1,2.0
2024-06-18,Fuerza Regida,1,2.0
2024-06-18,Grupo Frontera & Bad Bunny,1,2.0
2024-06-18,Gunna,2,4.0
2024-06-18,Harry Styles,1,2.0
2024-06-18,J. Cole,1,2.0
2024-06-18,JVKE,1,2.0
2024-06-18,Junior H & Peso Pluma,1,2.0
2024-06-18,Kali,1,2.0
2024-06-18,Kali Uchis,1,2.0
2024-06-18,Kendrick Lamar,1,2.0
2024-06-18,Lil Durk,2,4.0
2024-06-18,Luke Combs,1,2.0
2024-06-18,Metro Boomin,6,12.0
2024-06-18,Miley Cyrus,1,2.0
2024-06-18,Morgan Wallen,4,8.0
2024-06-18,NLE Choppa,1,2.0
2024-06-18,Natanael Cano & Peso Pluma & Gabito Ballesteros,1,2.0
2024-06-18,Noah Kahan,1,2.0
2024-06-18,Peso Pluma,2,4.0
2024-06-18,Peso Pluma & Natanael Cano,1,2.0
2024-06-18,PinkPantheress & Ice Spice,1,2.0
2024-06-18,Post Malone,1,2.0
2024-06-18,Rema,1,2.0
2024-06-18,SZA,1,2.0
2024-06-18,Steve Lacy,1,2.0
2024-06-18,Taylor Swift,3,6.0
2024-06-18,The Weeknd,1,2.0
2024-06-18,"Tyler, The Creator",1,2.0
2024-06-18,Yng Lvcas & Peso Pluma,1,2.0
2024-06-18,Zach Bryan,1,2.0
2024-06-19,Bad Bunny,1,2.0
2024-06-19,Bizarrap & Peso Pluma,1,2.0
2024-06-19,Chino Pacas,1,2.0
2024-06-19,David Kushner,1,2.0
2024-06-19,Doja Cat,1,2.0
2024-06-19,Drake,1,2.0
2024-06-19,Eslabon Armado,1,2.0
2024-06-19,FIFTY FIFTY,1,2.0
2024-06-19,Fuerza Regida,1,2.0
2024-06-19,Grupo Frontera & Bad Bunny,1,2.0
2024-06-19,Gunna,2,4.0
2024-06-19,Harry Styles,1,2.0
2024-06-19,J. Cole,1,2.0
2024-06-19,JVKE,1,2.0
2024-06-19,Junior H & Peso Pluma,1,2.0
2024-06-19,Kali,1,2.0
2024-06-19,Kali Uchis,1,2.0
2024-06-19,Kendrick Lamar,1,2.0
2024-06-19,Lil Durk,2,4.0
2024-06-19,Luke Combs,2,4.0
2024-06-19,Metro Boomin,6,12.0
2024-06-19,Miley Cyrus,1,2.0
2024-06-19,Morgan Wallen,4,8.0
2024-06-19,Natanael Cano & Peso Pluma & Gabito Ballesteros,1,2.0
2024-06-19,Noah Kahan,1,2.0
2024-06-19,Peso Pluma,2,4.0
2024-06-19,Peso Pluma & Natanael Cano,1,2.0
2024-06-19,PinkPantheress & Ice Spice,1,2.0
2024-06-19,Post Malone,1,2.0
2024-06-19,Rema,1,2.0
2024-06-19,SZA,1,2.0
2024-06-19,Steve Lacy,1,2.0
2024-06-19,Taylor Swift,3,6.0
2024-06-19,"Tyler, The Creator",1,2.0
2024-06-19,Yng Lvcas & Peso Pluma,1,2.0
2024-06-19,Zach Bryan,1,2.0
2024-06-20,Bad Bunny,1,2.0
2024-06-20,Bizarrap & Peso Pluma,1,2.0
2024-06-20,Chino Pacas,1,2.0
2024-06-20,David Kushner,1,2.0
2024-06-20,Doja Cat,1,2.0
2024-06-20,Drake,1,2.0
2024-06-20,Eslabon Armado,1,2.0
2024-06-20,FIFTY FIFTY,1,2.0
2024-06-20,Fuerza Regida,1,2.0
2024-06-20,Grupo Frontera & Bad Bunny,1,2.0
2024-06-20,Gunna,1,2.0
2024-06-20,Harry Styles,1,2.0
2024-06-20,J. Cole,1,2.0
2024-06-20,JVKE,1,2.0
2024-06-20,Junior H & Peso Pluma,1,2.0
2024-06-20,Kali,1,2.0
2024-06-20,Kali Uchis,1,2.0
2024-06-20,Kendrick Lamar,1,2.0
2024-06-20,Lil Durk,2,4.0
2024-06-20,Luke Combs,2,4.0
2024-06-20,Metro Boomin,6,12.0
2024-06-20,Miley Cyrus,1,2.0
2024-06-20,Morgan Wallen,4,8.0
2024-06-20,Natanael Cano & Peso Pluma & Gabito Ballesteros,1,2.0
2024-06-20,Noah Kahan,1,2.0
2024-06-20,Peso Pluma,2,4.0
2024-06-20,Peso Pluma & Natanael Cano,1,2.0
2024-06-20,PinkPantheress & Ice Spice,1,2.0
2024-06-20,Post Malone,1,2.0
2024-06-20,Rema,1,2.0
2024-06-20,SZA,1,2.0
2024-06-20,Steve Lacy,1,2.0
2024-06-20,Taylor Swift,3,6.0
2024-06-20,The Weeknd,1,2.0
2024-06-20,"Tyler, The Creator",1,2.0
2024-06-20,Yng Lvcas & Peso Pluma,1,2.0
2024-06-20,Zach Bryan,1,2.0
2024-06-21,Bad Bunny,1,2.0
2024-06-21,Bizarrap & Peso Pluma,1,2.0
2024-06-21,David Kushner,1,2.0
2024-06-21,Doja Cat,1,2.0
2024-06-21,Drake,2,4.0
2024-06-21,Eslabon Armado,1,2.0
2024-06-21,FIFTY FIFTY,1,2.0
2024-06-21,Fuerza Regida,1,2.0
2024-06-21,Grupo Frontera & Bad Bunny,1,2.0
2024-06-21,Gunna,1,2.0
2024-06-21,Harry Styles,1,2.0
2024-06-21,J. Cole,1,2.0
2024-06-21,JVKE,1,2.0
2024-06-21,Junior H & Peso Pluma,1,2.0
2024-06-21,Kali,1,2.0
2024-06-21,Kali Uchis,1,2.0
2024-06-21,Kendrick Lamar,1,2.0
2024-06-21,Lil Durk,2,4.0
2024-06-21,Luke Combs,1,2.0
2024-06-21,Metro Boomin,6,12.0
2024-06-21,Miley Cyrus,1,2.0
2024-06-21,Morgan Wallen,4,8.0
2024-06-21,NLE Choppa,1,2.0
2024-06-21,Noah Kahan,1,2.0
2024-06-21,Peso Pluma,2,4.0
2024-06-21,Peso Pluma & Natanael Cano,1,2.0
2024-06-21,PinkPantheress & Ice Spice,1,2.0
2024-06-21,Post Malone,1,2.0
2024-06-21,Rema,1,2.0
2024-06-21,SZA,2,4.0
2024-06-21,Steve Lacy,1,2.0
2024-06-21,Taylor Swift,3,6.0
2024-06-21,The Weeknd,1,2.0
2024-06-21,"Tyler, The Creator",1,2.0
2024-06-21,Yng Lvcas & Peso Pluma,1,2.0
2024-06-21,Zach Bryan,1,2.0
2024-06-22,Bad Bunny,1,2.0
2024-06-22,Bizarrap & Peso Pluma,1,2.0
2024-06-22,David Kushner,1,2.0
2024-06-22,Doja Cat,1,2.0
2024-06-22,Drake,2,4.0
2024-06-22,Eslabon Armado,1,2.0
2024-06-22,FIFTY FIFTY,1,2.0
2024-06-22,Fuerza Regida,1,2.0
2024-06-22,Grupo Frontera & Bad Bunny,1,2.0
2024-06-22,Gunna,1,2.0
2024-06-22,Harry Styles,1,2.0
2024-06-22,J. Cole,1,2.0
2024-06-22,JVKE,1,2.0
2024-06-22,Junior H & Peso Pluma,1,2.0
2024-06-22,Kali,1,2.0
2024-06-22,Kali Uchis,1,2.0
2024-06-22,Kendrick Lamar,1,2.0
2024-06-22,Lil Durk,2,4.0
2024-06-22,Luke Combs,1,2.0
2024-06-22,Metro Boomin,6,12.0
2024-06-22,Miley Cyrus,1,2.0
2024-06-22,Morgan Wallen,4,8.0
2024-06-22,NLE Choppa,1,2.0
2024-06-22,Noah Kahan,1,2.0
2024-06-22,Peso Pluma,2,4.0
2024-06-22,Peso Pluma & Natanael Cano,1,2.0
2024-06-22,PinkPantheress & Ice Spice,1,2.0
2024-06-22,Post Malone,1,2.0
2024-06-22,Rema,1,2.0
2024-06-22,SZA,2,4.0
2024-06-22,Steve Lacy,1,2.0
2024-06-22,Taylor Swift,3,6.0
2024-06-22,The Weeknd,1,2.0
2024-06-22,"Tyler, The Creator",1,2.0
2024-06-22,Yng Lvcas & Peso Pluma,1,2.0
2024-06-22,Zach Bryan,1,2.0
2024-06-23,Bad Bunny,1,2.0
2024-06-23,Bizarrap & Peso Pluma,1,2.0
2024-06-23,Chino Pacas,1,2.0
2024-06-23,David Kushner,1,2.0
2024-06-23,Doja Cat,1,2.0
2024-06-23,Drake,2,4.0
2024-06-23,Eslabon Armado,1,2.0
2024-06-23,FIFTY FIFTY,1,2.0
2024-06-23,Fuerza Regida,1,2.0
2024-06-23,Grupo Frontera & Bad Bunny,1,2.0
2024-06-23,Gunna,1,2.0
2024-06-23,Harry Styles,1,2.0
2024-06-23,J. Cole,1,2.0
2024-06-23,JVKE,1,2.0
2024-06-23,Junior H & Peso Pluma,1,2.0
2024-06-23,Kali,1,2.0
2024-06-23,Kali Uchis,1,2.0
2024-06-23,Kendrick Lamar,1,2.0
2024-06-23,Lil Durk,2,4.0
2024-06-23,Luke Combs,1,2.0
2024-06-23,Metro Boomin,6,12.0
2024-06-23,Miley Cyrus,1,2.0
2024-06-23,Morgan Wallen,4,8.0
2024-06-23,Noah Kahan,1,2.0
2024-06-23,Peso Pluma,2,4.0
2024-06-23,Peso Pluma & Natanael Cano,1,2.0
2024-06-23,PinkPantheress & Ice Spice,1,2.0
2024-06-23,Post Malone,1,2.0
2024-06-23,Rema,1,2.0
2024-06-23,SZA,2,4.0
2024-06-23,Steve Lacy,1,2.0
2024-06-23,Taylor Swift,3,6.0
2024-06-23,The Weeknd,1,2.0
2024-06-23,"Tyler, The Creator",1,2.0
2024-06-23,Yng Lvcas & Peso Pluma,1,2.0
2024-06-23,Zach Bryan,1,2.0
2024-06-24,Bad Bunny,1,2.0
2024-06-24,Bizarrap & Peso Pluma,1,2.0
2024-06-24,Chino Pacas,1,2.0
2024-06-24,David Kushner,1,2.0
2024-06-24,Doja Cat,1,2.0
2024-06-24,Drake,2,4.0
2024-06-24,Eslabon Armado,1,2.0
2024-06-24,FIFTY FIFTY,1,2.0
2024-06-24,Fuerza Regida,1,2.0
2024-06-24,Grupo Frontera & Bad Bunny,1,2.0
2024-06-24,Gunna,1,2.0
2024-06-24,Harry Styles,1,2.0
2024-06-24,J. Cole,1,2.0
2024-06-24,JVKE,1,2.0
2024-06-24,Junior H & Peso Pluma,1,2.0
2024-06-24,Kali,1,2.0
2024-06-24,Kali Uchis,1,2.0
2024-06-24,Kendrick Lamar,1,2.0
2024-06-24,Lil Durk,2,4.0
2024-06-24,Lil Uzi Vert,1,2.0
2024-06-24,Luke Combs,1,2.0
2024-06-24,Metro Boomin,6,12.0
2024-06-24,Miley Cyrus,1,2.0
2024-06-24,Morgan Wallen,4,8.0
2024-06-24,Noah Kahan,1,2.0
2024-06-24,Peso Pluma,1,2.0
2024-06-24,Peso Pluma & Natanael Cano,1,2.0
2024-06-24,PinkPantheress & Ice Spice,1,2.0
2024-06-24,Post Malone,1,2.0
2024-06-24,Rema,1,2.0
2024-06-24,SZA,2,4.0
2024-06-24,Steve Lacy,1,2.0
2024-06-24,Taylor Swift,3,6.0
2024-06-24,The Weeknd,1,2.0
2024-06-24,"Tyler, The Creator",1,2.0
2024-06-24,Yng Lvcas & Peso Pluma,1,2.0
2024-06-24,Zach Bryan,1,2.0
2024-06-25,Bad Bunny,1,2.0
2024-06-25,Bizarrap & Peso Pluma,1,2.0
2024-06-25,Doja Cat,1,2.0
2024-06-25,Drake,1,2.0
2024-06-25,Eslabon Armado,1,2.0
2024-06-25,FIFTY FIFTY,1,2.0
2024-06-25,Fuerza Regida,2,4.0
2024-06-25,Grupo Frontera & Bad Bunny,1,2.0
2024-06-25,Gunna,1,2.0
2024-06-25,Harry Styles,1,2.0
2024-06-25,J. Cole,1,2.0
2024-06-25,Kali,1,2.0
2024-06-25,Lil Durk,1,2.0
2024-06-25,Luke Combs,1,2.0
2024-06-25,Lyrical Lemonade & Juice WRLD & Cordae,1,2.0
2024-06-25,Metro Boomin,4,8.0
2024-06-25,Miley Cyrus,1,2.0
2024-06-25,Morgan Wallen,4,8.0
2024-06-25,Nicki Minaj & Ice Spice & Aqua,1,2.0
2024-06-25,Peso Pluma,5,10.0
2024-06-25,PinkPantheress & Ice Spice,1,2.0
2024-06-25,Post Malone,1,2.0
2024-06-25,SZA,1,2.0
2024-06-25,Taylor Swift,3,6.0
2024-06-25,"Tyler, The Creator",1,2.0
2024-06-25,Yng Lvcas & Peso Pluma,1,2.0
2024-06-25,Young Thug,10,20.0
2024-06-25,Zach Bryan,1,2.0
2024-06-26,Bad Bunny,1,2.0
2024-06-26,Bizarrap & Peso Pluma,1,2.0
2024-06-26,Chino Pacas,1,2.0
2024-06-26,David Kushner,1,2.0
2024-06-26,Doja Cat,1,2.0
2024-06-26,Drake,1,2.0
2024-06-26,Eslabon Armado,1,2.0
2024-06-26,FIFTY FIFTY,1,2.0
2024-06-26,Fuerza Regida,2,4.0
2024-06-26,Grupo Frontera & Bad Bunny,1,2.0
2024-06-26,Gunna,1,2.0
2024-06-26,Harry Styles,1,2.0
2024-06-26,J. Cole,1,2.0
2024-06-26,Junior H & Peso Pluma,1,2.0
2024-06-26,Kali,1,2.0
2024-06-26,Kali Uchis,1,2.0
2024-06-26,Lil Durk,2,4.0
2024-06-26,Luke Combs,1,2.0
2024-06-26,Lyrical Lemonade & Juice WRLD & Cordae,1,2.0
2024-06-26,Metro Boomin,5,10.0
2024-06-26,Miley Cyrus,1,2.0
2024-06-26,Morgan Wallen,4,8.0
2024-06-26,Nicki Minaj & Ice Spice & Aqua,1,2.0
2024-06-26,Noah Kahan,1,2.0
2024-06-26,Peso Pluma,4,8.0
2024-06-26,Peso Pluma & Natanael Cano,1,2.0
2024-06-26,PinkPantheress & Ice Spice,1,2.0
2024-06-26,Post Malone,1,2.0
2024-06-26,Rema,1,2.0
2024-06-26,SZA,2,4.0
2024-06-26,Taylor Swift,3,6.0
2024-06-26,"Tyler, The Creator",1,2.0
2024-06-26,Yng Lvcas & Peso Pluma,1,2.0
2024-06-26,Young Thug,1,2.0
2024-06-26,Zach Bryan,1,2.0
2024-06-27,Bad Bunny,1,2.0
2024-06-27,Bizarrap & Peso Pluma,1,2.0
2024-06-27,Chino Pacas,1,2.0
2024-06-27,David Kushner,1,2.0
2024-06-27,Doja Cat,1,2.0
2024-06-27,Drake,1,2.0
2024-06-27,Eslabon Armado,1,2.0
2024-06-27,FIFTY FIFTY,1,2.0
2024-06-27,Fuerza Regida,2,4.0
2024-06-27,Grupo Frontera & Bad Bunny,1,2.0
2024-06-27,Gunna,1,2.0
2024-06-27,Harry Styles,1,2.0
2024-06-27,J. Cole,1,2.0
2024-06-27,JVKE,1,2.0
2024-06-27,Junior H & Peso Pluma,1,2.0
2024-06-27,Kali,1,2.0
2024-06-27,Kali Uchis,1,2.0
2024-06-27,Lil Durk,2,4.0
2024-06-27,Luke Combs,1,2.0
2024-06-27,Lyrical Lemonade & Juice WRLD & Cordae,1,2.0
2024-06-27,Metro Boomin,5,10.0
2024-06-27,Miley Cyrus,1,2.0
2024-06-27,Morgan Wallen,4,8.0
2024-06-27,Nicki Minaj & Ice Spice & Aqua,1,2.0
2024-06-27,Noah Kahan,1,2.0
2024-06-27,Peso Pluma,4,8.0
2024-06-27,Peso Pluma & Natanael Cano,1,2.0
2024-06-27,PinkPantheress & Ice Spice,1,2.0
2024-06-27,Post Malone,1,2.0
2024-06-27,Rema,1,2.0
2024-06-27,SZA,1,2.0
2024-06-27,Taylor Swift,3,6.0
2024-06-27,"Tyler, The Creator",1,2.0
2024-06-27,Yng Lvcas & Peso Pluma,1,2.0
2024-06-27,Young Thug,1,2.0
2024-06-27,Zach Bryan,1,2.0
2024-06-28,Bad Bunny,1,2.0
2024-06-28,Bizarrap & Peso Pluma,1,2.0
2024-06-28,Chino Pacas,1,2.0
2024-06-28,David Kushner,1,2.0
2024-06-28,Doja Cat,1,2.0
2024-06-28,Drake,1,2.0
2024-06-28,Eslabon Armado,1,2.0
2024-06-28,FIFTY FIFTY,1,2.0
2024-06-28,Fuerza Regida,2,4.0
2024-06-28,Grupo Frontera & Bad Bunny,1,2.0
2024-06-28,Gunna,1,2.0
2024-06-28,Harry Styles,1,2.0
2024-06-28,J. Cole,1,2.0
2024-06-28,JVKE,1,2.0
2024-06-28,Junior H & Peso Pluma,1,2.0
2024-06-28,Kali,1,2.0
2024-06-28,Kali Uchis,1,2.0
2024-06-28,Lil Durk,1,2.0
2024-06-28,Luke Combs,1,2.0
2024-06-28,Lyrical Lemonade & Juice WRLD & Cordae,1,2.0
2024-06-28,Metro Boomin,5,10.0
2024-06-28,Miley Cyrus,1,2.0
2024-06-28,Morgan Wallen,4,8.0
2024-06-28,Nicki Minaj & Ice Spice & Aqua,1,2.0
2024-06-28,Noah Kahan,1,2.0
2024-06-28,Peso Pluma,4,8.0
2024-06-28,Peso Pluma & Natanael Cano,1,2.0
2024-06-28,PinkPantheress & Ice Spice,1,2.0
2024-06-28,Post Malone,1,2.0
2024-06-28,SZA,2,4.0
2024-06-28,Taylor Swift,3,6.0
2024-06-28,The Weeknd,1,2.0
2024-06-28,"Tyler, The Creator",1,2.0
2024-06-28,Yng Lvcas & Peso Pluma,1,2.0
2024-06-28,Young Thug,1,2.0
2024-06-28,Zach Bryan,1,2.0
2024-06-29,Bad Bunny,1,2.0
2024-06-29,Bizarrap & Peso Pluma,1,2.0
2024-06-29,Chino Pacas,1,2.0
2024-06-29,David Kushner,1,2.0
2024-06-29,Doja Cat,1,2.0
2024-06-29,Drake,1,2.0
2024-06-29,Eslabon Armado,1,2.0
2024-06-29,FIFTY FIFTY,1,2.0
2024-06-29,Fuerza Regida,2,4.0
2024-06-29,Grupo Frontera & Bad Bunny,1,2.0
2024-06-29,Gunna,1,2.0
2024-06-29,Harry Styles,1,2.0
2024-06-29,J. Cole,1,2.0
2024-06-29,JVKE,1,2.0
2024-06-29,Junior H & Peso Pluma,1,2.0
2024-06-29,Kali,1,2.0
2024-06-29,Kali Uchis,1,2.0
2024-06-29,Lil Durk,1,2.0
2024-06-29,Luke Combs,1,2.0
2024-06-29,Lyrical Lemonade & Juice WRLD & Cordae,1,2.0
2024-06-29,Metro Boomin,5,10.0
2024-06-29,Miley Cyrus,1,2.0
2024-06-29,Morgan Wallen,4,8.0
2024-06-29,Nicki Minaj & Ice Spice & Aqua,1,2.0
2024-06-29,Noah Kahan,1,2.0
2024-06-29,Peso Pluma,3,6.0
2024-06-29,Peso Pluma & Natanael Cano,1,2.0
2024-06-29,PinkPantheress & Ice Spice,1,2.0
2024-06-29,Post Malone,1,2.0
2024-06-29,Rema,1,2.0
2024-06-29,SZA,2,4.0
2024-06-29,Taylor Swift,3,6.0
2024-06-29,The Weeknd,1,2.0
2024-06-29,"Tyler, The Creator",1,2.0
2024-06-29,Yng Lvcas & Peso Pluma,1,2.0
2024-06-29,Young Thug,1,2.0
2024-06-29,Zach Bryan,1,2.0
2024-06-30,Bad Bunny,1,2.0
2024-06-30,Bizarrap & Peso Pluma,1,2.0
2024-06-30,David Kushner,1,2.0
2024-06-30,Doja Cat,1,2.0
2024-06-30,Drake,1,2.0
2024-06-30,Eslabon Armado,1,2.0
2024-06-30,FIFTY FIFTY,1,2.0
2024-06-30,Fuerza Regida,2,4.0
2024-06-30,Grupo Frontera & Bad Bunny,1,2.0
2024-06-30,Gunna,1,2.0
2024-06-30,Harry Styles,1,2.0
2024-06-30,J. Cole,1,2.0
2024-06-30,JVKE,1,2.0
2024-06-30,Junior H & Peso Pluma,1,2.0
2024-06-30,Kali Uchis,1,2.0
2024-06-30,Kaliii,1,2.0
2024-06-30,Kendrick Lamar,1,2.0
2024-06-30,Lil Durk,1,2.0
2024-06-30,Luke Combs,1,2.0
2024-06-30,Lyrical Lemonade & Juice WRLD & Cordae,1,2.0
2024-06-30,Metro Boomin,5,10.0
2024-06-30,Miley Cyrus,1,2.0
2024-06-30,Morgan Wallen,4,8.0
2024-06-30,Nicki Minaj & Ice Spice & Aqua,1,2.0
2024-06-30,Noah Kahan,1,2.0
2024-06-30,Peso Pluma,3,6.0
2024-06-30,Peso Pluma & Natanael Cano,1,2.0
2024-06-30,PinkPantheress & Ice Spice,1,2.0
2024-06-30,Post Malone,1,2.0
2024-06-30,Rema,1,2.0
2024-06-30,SZA,2,4.0
2024-06-30,Taylor Swift,3,6.0
2024-06-30,The Weeknd,1,2.0
2024-06-30,"Tyler, The Creator",1,2.0
2024-06-30,Yng Lvcas & Peso Pluma,1,2.0
2024-06-30,Young Thug,1,2.0
2024-06-30,Zach Bryan,1,2.0
2024-07-01,Bad Bunny,1,2.0
2024-07-01,Bizarrap & Peso Pluma,1,2.0
2024-07-01,David Kushner,1,2.0
2024-07-01,Doja Cat,1,2.0
2024-07-01,Drake,2,4.0
2024-07-01,Eslabon Armado,1,2.0
2024-07-01,FIFTY FIFTY,1,2.0
2024-07-01,Fuerza Regida,2,4.0
2024-07-01,Grupo Frontera & Bad Bunny,1,2.0
2024-07-01,Gunna,1,2.0
2024-07-01,Harry Styles,1,2.0
2024-07-01,J. Cole,1,2.0
2024-07-01,Junior H & Peso Pluma,1,2.0
2024-07-01,Kali Uchis,1,2.0
2024-07-01,Kaliii,1,2.0
2024-07-01,Kendrick Lamar,1,2.0
2024-07-01,Lil Durk,2,4.0
2024-07-01,Luke Combs,1,2.0
2024-07-01,Lyrical Lemonade & Juice WRLD & Cordae,1,2.0
2024-07-01,Metro Boomin,5,10.0
2024-07-01,Miley Cyrus,1,2.0
2024-07-01,Morgan Wallen,4,8.0
2024-07-01,Nicki Minaj & Ice Spice & Aqua,1,2.0
2024-07-01,Noah Kahan,1,2.0
2024-07-01,Peso Pluma,3,6.0
2024-07-01,Peso Pluma & Natanael Cano,1,2.0
2024-07-01,PinkPantheress & Ice Spice,1,2.0
2024-07-01,Post Malone,1,2.0
2024-07-01,Rema,1,2.0
2024-07-01,SZA,2,4.0
2024-07-01,Taylor Swift,3,6.0
2024-07-01,"Tyler, The Creator",1,2.0
2024-07-01,Yng Lvcas & Peso Pluma,1,2.0
2024-07-01,Young Thug,1,2.0
2024-07-01,Zach Bryan,1,2.0
2024-07-02,Bad Bunny,1,2.0
2024-07-02,Eslabon Armado,1,2.0
2024-07-02,Fuerza Regida,2,4.0
2024-07-02,Grupo Frontera & Bad Bunny,1,2.0
2024-07-02,Gunna,1,2.0
2024-07-02,Harry Styles,1,2.0
2024-07-02,Kaliii,1,2.0
2024-07-02,Lil Durk,1,2.0
2024-07-02,Lil Uzi Vert,25,50.0
2024-07-02,Luke Combs,1,2.0
2024-07-02,Miley Cyrus,1,2.0
2024-07-02,Morgan Wallen,3,6.0
2024-07-02,Nicki Minaj & Ice Spice & Aqua,1,2.0
2024-07-02,Olivia Rodrigo,1,2.0
2024-07-02,Peso Pluma,2,4.0
2024-07-02,PinkPantheress & Ice Spice,1,2.0
2024-07-02,SZA,1,2.0
2024-07-02,Tainy,1,2.0
2024-07-02,Taylor Swift,1,2.0
2024-07-02,"Tyler, The Creator",1,2.0
2024-07-02,Yng Lvcas & Peso Pluma,1,2.0
2024-07-02,Zach Bryan,1,2.0
2024-07-03,Bad Bunny,1,2.0
2024-07-03,Bizarrap & Peso Pluma,1,2.0
2024-07-03,Drake,1,2.0
2024-07-03,Eslabon Armado,1,2.0
2024-07-03,FIFTY FIFTY,1,2.0
2024-07-03,Fuerza Regida,2,4.0
2024-07-03,Grupo Frontera & Bad Bunny,1,2.0
2024-07-03,Gunna,1,2.0
2024-07-03,Harry Styles,1,2.0
2024-07-03,J. Cole,1,2.0
2024-07-03,Junior H & Peso Pluma,1,2.0
2024-07-03,Kaliii,1,2.0
2024-07-03,Lil Durk,1,2.0
2024-07-03,Lil Uzi Vert,15,30.0
2024-07-03,Luke Combs,1,2.0
2024-07-03,Miley Cyrus,1,2.0
2024-07-03,Morgan Wallen,4,8.0
2024-07-03,Nicki Minaj & Ice Spice & Aqua,1,2.0
2024-07-03,Olivia Rodrigo,1,2.0
2024-07-03,Peso Pluma,5,10.0
2024-07-03,PinkPantheress & Ice Spice,1,2.0
2024-07-03,SZA,1,2.0
2024-07-03,Tainy,1,2.0
2024-07-03,Taylor Swift,2,4.0
2024-07-03,"Tyler, The Creator",1,2.0
2024-07-03,Yng Lvcas & Peso Pluma,1,2.0
2024-07-03,Zach Bryan,1,2.0
2024-07-04,Bad Bunny,1,2.0
2024-07-04,Bizarrap & Peso Pluma,1,2.0
2024-07-04,Drake,1,2.0
2024-07-04,Eslabon Armado,1,2.0
2024-07-04,FIFTY FIFTY,1,2.0
2024-07-04,Fuerza Regida,2,4.0
2024-07-04,Grupo Frontera & Bad Bunny,1,2.0
2024-07-04,Gunna,1,2.0
2024-07-04,Harry Styles,1,2.0
2024-07-04,J. Cole,1,2.0
2024-07-04,Junior H & Peso Pluma,1,2.0
2024-07-04,Kaliii,1,2.0
2024-07-04,Lil Durk,1,2.0
2024-07-04,Lil Uzi Vert,10,20.0
2024-07-04,Luke Combs,1,2.0
2024-07-04,Metro Boomin,2,4.0
2024-07-04,Miley Cyrus,1,2.0
2024-07-04,Morgan Wallen,4,8.0
2024-07-04,Nicki Minaj & Ice Spice & Aqua,1,2.0
2024-07-04,Olivia Rodrigo,1,2.0
2024-07-04,Peso Pluma,5,10.0
2024-07-04,PinkPantheress & Ice Spice,1,2.0
2024-07-04,Post Malone,1,2.0
2024-07-04,Rema,1,2.0
2024-07-04,SZA,1,2.0
2024-07-04,Tainy,1,2.0
2024-07-04,Taylor Swift,3,6.0
2024-07-04,"Tyler, The Creator",1,2.0
2024-07-04,Yng Lvcas & Peso Pluma,1,2.0
2024-07-04,Zach Bryan,1,2.0
2024-07-05,Bad Bunny,1,2.0
2024-07-05,Bizarrap & Peso Pluma,1,2.0
2024-07-05,Bruce Springsteen,1,2.0
2024-07-05,Creedence Clearwater Revival,1,2.0
2024-07-05,Darius Rucker,1,2.0
2024-07-05,Don McLean,1,2.0
2024-07-05,Drake,1,2.0
2024-07-05,Eslabon Armado,1,2.0
2024-07-05,FIFTY FIFTY,1,2.0
2024-07-05,Fuerza Regida,2,4.0
2024-07-05,Grupo Frontera & Bad Bunny,1,2.0
2024-07-05,Gunna,1,2.0
2024-07-05,Harry Styles,1,2.0
2024-07-05,J. Cole,1,2.0
2024-07-05,John Denver,1,2.0
2024-07-05,Junior H & Peso Pluma,1,2.0
2024-07-05,Kaliii,1,2.0
2024-07-05,Katy Perry,1,2.0
2024-07-05,Kenny Chesney,1,2.0
2024-07-05,Kid Rock,1,2.0
2024-07-05,Lil Durk,1,2.0
2024-07-05,Lil Uzi Vert,3,6.0
2024-07-05,Luke Combs,2,4.0
2024-07-05,Lynyrd Skynyrd,1,2.0
2024-07-05,Miley Cyrus,2,4.0
2024-07-05,Morgan Wallen,4,8.0
2024-07-05,Nicki Minaj & Ice Spice & Aqua,1,2.0
2024-07-05,Olivia Rodrigo,1,2.0
2024-07-05,OneRepublic,1,2.0
2024-07-05,Peso Pluma,3,6.0
2024-07-05,PinkPantheress & Ice Spice,1,2.0
2024-07-05,SZA,1,2.0
2024-07-05,Tainy,1,2.0
2024-07-05,Taylor Swift,1,2.0
2024-07-05,Toby Keith,1,2.0
2024-07-05,Tom Petty and the Heartbreakers,1,2.0
2024-07-05,"Tyler, The Creator",1,2.0
2024-07-05,Yng Lvcas & Peso Pluma,1,2.0
2024-07-05,Zac Brown Band,1,2.0
2024-07-05,Zach Bryan,1,2.0
2024-07-06,Bad Bunny,1,2.0
2024-07-06,Bizarrap & Peso Pluma,1,2.0
2024-07-06,Bruce Springsteen,1,2.0
2024-07-06,Creedence Clearwater Revival,1,2.0
2024-07-06,Darius Rucker,1,2.0
2024-07-06,Don McLean,1,2.0
2024-07-06,Drake,1,2.0
2024-07-06,Eslabon Armado,1,2.0
2024-07-06,FIFTY FIFTY,1,2.0
2024-07-06,Fuerza Regida,2,4.0
2024-07-06,Grupo Frontera & Bad Bunny,1,2.0
2024-07-06,Gunna,1,2.0
2024-07-06,Harry Styles,1,2.0
2024-07-06,J. Cole,1,2.0
2024-07-06,John Denver,1,2.0
2024-07-06,Junior H & Peso Pluma,1,2.0
2024-07-06,Kaliii,1,2.0
2024-07-06,Katy Perry,1,2.0
2024-07-06,Kenny Chesney,1,2.0
2024-07-06,Kid Rock,1,2.0
2024-07-06,Lil Durk,1,2.0
2024-07-06,Lil Uzi Vert,3,6.0
2024-07-06,Luke Combs,2,4.0
2024-07-06,Lynyrd Skynyrd,1,2.0
2024-07-06,Miley Cyrus,2,4.0
2024-07-06,Morgan Wallen,4,8.0
2024-07-06,Nicki Minaj & Ice Spice & Aqua,1,2.0
2024-07-06,Olivia Rodrigo,1,2.0
2024-07-06,OneRepublic,1,2.0
2024-07-06,Peso Pluma,3,6.0
2024-07-06,PinkPantheress & Ice Spice,1,2.0
2024-07-06,SZA,1,2.0
2024-07-06,Tainy,1,2.0
2024-07-06,Taylor Swift,1,2.0
2024-07-06,Toby Keith,1,2.0
2024-07-06,Tom Petty and the Heartbreakers,1,2.0
2024-07-06,"Tyler, The Creator",1,2.0
2024-07-06,Yng Lvcas & Peso Pluma,1,2.0
2024-07-06,Zac Brown Band,1,2.0
2024-07-06,Zach Bryan,1,2.0
2024-07-07,Bad Bunny,1,2.0
2024-07-07,Bizarrap & Peso Pluma,1,2.0
2024-07-07,David Kushner,1,2.0
2024-07-07,Drake,1,2.0
2024-07-07,Eslabon Armado,1,2.0
2024-07-07,FIFTY FIFTY,1,2.0
2024-07-07,Fuerza Regida,2,4.0
2024-07-07,Grupo Frontera & Bad Bunny,1,2.0
2024-07-07,Gunna,1,2.0
2024-07-07,Harry Styles,1,2.0
2024-07-07,J. Cole,1,2.0
2024-07-07,Junior H & Peso Pluma,1,2.0
2024-07-07,Kali Uchis,1,2.0
2024-07-07,Kaliii,1,2.0
2024-07-07,Lil Durk,1,2.0
2024-07-07,Lil Uzi Vert,3,6.0
2024-07-07,Luke Combs,1,2.0
2024-07-07,Metro Boomin,2,4.0
2024-07-07,Miley Cyrus,2,4.0
2024-07-07,Morgan Wallen,5,10.0
2024-07-07,Nicki Minaj & Ice Spice & Aqua,1,2.0
2024-07-07,Olivia Rodrigo,1,2.0
2024-07-07,OneRepublic,1,2.0
2024-07-07,Peso Pluma,5,10.0
2024-07-07,PinkPantheress & Ice Spice,1,2.0
2024-07-07,Post Malone,1,2.0
2024-07-07,Rema,1,2.0
2024-07-07,SZA,2,4.0
2024-07-07,Tainy,1,2.0
2024-07-07,Taylor Swift,3,6.0
2024-07-07,"Tyler, The Creator",1,2.0
2024-07-07,Yng Lvcas & Peso Pluma,1,2.0
2024-07-07,Zac Brown Band,1,2.0
2024-07-07,Zach Bryan,1,2.0
2024-07-08,Bad Bunny,1,2.0
2024-07-08,Bizarrap & Peso Pluma,1,2.0
2024-07-08,David Kushner,1,2.0
2024-07-08,Drake,2,4.0
2024-07-08,Eslabon Armado,1,2.0
2024-07-08,FIFTY FIFTY,1,2.0
2024-07-08,Fuerza Regida,2,4.0
2024-07-08,Grupo Frontera & Bad Bunny,1,2.0
2024-07-08,Gunna,1,2.0
2024-07-08,Harry Styles,1,2.0
2024-07-08,J. Cole,1,2.0
2024-07-08,Junior H & Peso Pluma,1,2.0
2024-07-08,Kali Uchis,1,2.0
2024-07-08,Kaliii,1,2.0
2024-07-08,Kendrick Lamar,1,2.0
2024-07-08,Lil Durk,1,2.0
2024-07-08,Lil Uzi Vert,3,6.0
2024-07-08,Luke Combs,1,2.0
2024-07-08,Metro Boomin,3,6.0
2024-07-08,Miley Cyrus,1,2.0
2024-07-08,Morgan Wallen,4,8.0
2024-07-08,Nicki Minaj & Ice Spice & Aqua,1,2.0
2024-07-08,Olivia Rodrigo,1,2.0
2024-07-08,Peso Pluma,4,8.0
2024-07-08,PinkPantheress & Ice Spice,1,2.0
2024-07-08,Post Malone,1,2.0
2024-07-08,Rema,1,2.0
2024-07-08,SZA,2,4.0
2024-07-08,Tainy,1,2.0
2024-07-08,Taylor Swift,4,8.0
2024-07-08,"Tyler, The Creator",1,2.0
2024-07-08,Yng Lvcas & Peso Pluma,1,2.0
2024-07-08,Young Thug,1,2.0
2024-07-08,Zach Bryan,1,2.0
2024-07-09,Bad Bunny,1,2.0
2024-07-09,Drake,1,2.0
2024-07-09,Eslabon Armado,1,2.0
2024-07-09,FIFTY FIFTY,1,2.0
2024-07-09,Fuerza Regida,2,4.0
2024-07-09,Grupo Frontera & Bad Bunny,1,2.0
2024-07-09,Gunna,1,2.0
2024-07-09,Harry Styles,1,2.0
2024-07-09,J. Cole,1,2.0
2024-07-09,Junior H & Peso Pluma,1,2.0
2024-07-09,Lil Durk,1,2.0
2024-07-09,Lil Uzi Vert,1,2.0
2024-07-09,Luke Combs,1,2.0
2024-07-09,Miley Cyrus,1,2.0
2024-07-09,Morgan Wallen,3,6.0
2024-07-09,NewJeans,1,2.0
2024-07-09,Nicki Minaj & Ice Spice & Aqua,1,2.0
2024-07-09,Olivia Rodrigo,1,2.0
2024-07-09,Peso Pluma,1,2.0
2024-07-09,PinkPantheress & Ice Spice,1,2.0
2024-07-09,SZA,1,2.0
2024-07-09,Taylor Swift,23,46.0
2024-07-09,"Tyler, The Creator",1,2.0
2024-07-09,Yng Lvcas & Peso Pluma,1,2.0
2024-07-09,Zach Bryan,1,2.0
2024-07-10,Bad Bunny,1,2.0
2024-07-10,Drake,1,2.0
2024-07-10,Eslabon Armado,1,2.0
2024-07-10,FIFTY FIFTY,1,2.0
2024-07-10,Fuerza Regida,2,4.0
2024-07-10,Grupo Frontera & Bad Bunny,1,2.0
2024-07-10,Gunna,1,2.0
2024-07-10,Harry Styles,1,2.0
2024-07-10,Junior H & Peso Pluma,1,2.0
2024-07-10,Lil Durk,1,2.0
2024-07-10,Lil Uzi Vert,1,2.0
2024-07-10,Luke Combs,1,2.0
2024-07-10,Miley Cyrus,1,2.0
2024-07-10,Morgan Wallen,4,8.0
2024-07-10,NewJeans,1,2.0
2024-07-10,Nicki Minaj & Ice Spice & Aqua,1,2.0
2024-07-10,Olivia Rodrigo,1,2.0
2024-07-10,Peso Pluma,1,2.0
2024-07-10,PinkPantheress & Ice Spice,1,2.0
2024-07-10,SZA,1,2.0
2024-07-10,Taylor Swift,23,46.0
2024-07-10,"Tyler, The Creator",1,2.0
2024-07-10,Yng Lvcas & Peso Pluma,1,2.0
2024-07-10,Zach Bryan,1,2.0
2024-07-11,Bad Bunny,1,2.0
2024-07-11,Drake,1,2.0
2024-07-11,Eslabon Armado,1,2.0
2024-07-11,FIFTY FIFTY,1,2.0
2024-07-11,Fuerza Regida,2,4.0
2024-07-11,Grupo Frontera & Bad Bunny,1,2.0
2024-07-11,Gunna,1,2.0
2024-07-11,Harry Styles,1,2.0
2024-07-11,J. Cole,1,2.0
2024-07-11,Junior H & Peso Pluma,1,2.0
2024-07-11,Lil Durk,1,2.0
2024-07-11,Lil Uzi Vert,1,2.0
2024-07-11,Luke Combs,1,2.0
2024-07-11,Morgan Wallen,4,8.0
2024-07-11,NewJeans,1,2.0
2024-07-11,Nicki Minaj & Ice Spice & Aqua,1,2.0
2024-07-11,Olivia Rodrigo,1,2.0
2024-07-11,Peso Pluma,1,2.0
2024-07-11,PinkPantheress & Ice Spice,1,2.0
2024-07-11,SZA,1,2.0
2024-07-11,Taylor Swift,23,46.0
2024-07-11,"Tyler, The Creator",1,2.0
2024-07-11,Yng Lvcas & Peso Pluma,1,2.0
2024-07-11,Zach Bryan,1,2.0
2024-07-12,Bad Bunny,1,2.0
2024-07-12,Drake,1,2.0
2024-07-12,Eslabon Armado,1,2.0
2024-07-12,FIFTY FIFTY,1,2.0
2024-07-12,Fuerza Regida,2,4.0
2024-07-12,Grupo Frontera & Bad Bunny,1,2.0
2024-07-12,Gunna,1,2.0
2024-07-12,Harry Styles,1,2.0
2024-07-12,J. Cole,1,2.0
2024-07-12,Junior H & Peso Pluma,1,2.0
2024-07-12,Lil Durk,1,2.0
2024-07-12,Lil Uzi Vert,1,2.0
2024-07-12,Luke Combs,1,2.0
2024-07-12,Morgan Wallen,4,8.0
2024-07-12,NewJeans,1,2.0
2024-07-12,Nicki Minaj & Ice Spice & Aqua,1,2.0
2024-07-12,Olivia Rodrigo,1,2.0
2024-07-12,Peso Pluma,1,2.0
2024-07-12,PinkPantheress & Ice Spice,1,2.0
2024-07-12,SZA,1,2.0
2024-07-12,Taylor Swift,23,46.0
2024-07-12,"Tyler, The Creator",1,2.0
2024-07-12,Yng Lvcas & Peso Pluma,1,2.0
2024-07-12,Zach Bryan,1,2.0
2024-07-13,Bad Bunny,1,2.0
2024-07-13,Drake,1,2.0
2024-07-13,Eslabon Armado,1,2.0
2024-07-13,FIFTY FIFTY,1,2.0
2024-07-13,Fuerza Regida,2,4.0
2024-07-13,Grupo Frontera & Bad Bunny,1,2.0
2024-07-13,Gunna,1,2.0
2024-07-13,Harry Styles,1,2.0
2024-07-13,J. Cole,1,2.0
2024-07-13,Junior H & Peso Pluma,1,2.0
2024-07-13,Kali Uchis,1,2.0
2024-07-13,Lil Durk,1,2.0
2024-07-13,Lil Uzi Vert,1,2.0
2024-07-13,Luke Combs,1,2.0
2024-07-13,Miley Cyrus,1,2.0
2024-07-13,Morgan Wallen,4,8.0
2024-07-13,NewJeans,1,2.0
2024-07-13,Nicki Minaj & Ice Spice & Aqua,1,2.0
2024-07-13,Olivia Rodrigo,1,2.0
2024-07-13,Peso Pluma,1,2.0
2024-07-13,PinkPantheress & Ice Spice,1,2.0
2024-07-13,SZA,1,2.0
2024-07-13,Taylor Swift,21,42.0
2024-07-13,"Tyler, The Creator",1,2.0
2024-07-13,Yng Lvcas & Peso Pluma,1,2.0
2024-07-13,Zach Bryan,1,2.0
2024-07-14,Bad Bunny,1,2.0
2024-07-14,Bizarrap & Peso Pluma,1,2.0
2024-07-14,Drake,1,2.0
2024-07-14,Eslabon Armado,1,2.0
2024-07-14,FIFTY FIFTY,1,2.0
2024-07-14,Fuerza Regida,2,4.0
2024-07-14,Grupo Frontera & Bad Bunny,1,2.0
2024-07-14,Gunna,1,2.0
2024-07-14,Harry Styles,1,2.0
2024-07-14,J. Cole,1,2.0
2024-07-14,Junior H & Peso Pluma,1,2.0
2024-07-14,Kali Uchis,1,2.0
2024-07-14,Lil Durk,1,2.0
2024-07-14,Lil Uzi Vert,1,2.0
2024-07-14,Luke Combs,1,2.0
2024-07-14,Miley Cyrus,1,2.0
2024-07-14,Morgan Wallen,4,8.0
2024-07-14,NewJeans,1,2.0
2024-07-14,Nicki Minaj & Ice Spice & Aqua,1,2.0
2024-07-14,Olivia Rodrigo,1,2.0
2024-07-14,Peso Pluma,2,4.0
2024-07-14,PinkPantheress & Ice Spice,1,2.0
2024-07-14,Post Malone,1,2.0
2024-07-14,SZA,1,2.0
2024-07-14,Taylor Swift,18,36.0
2024-07-14,"Tyler, The Creator",1,2.0
2024-07-14,Yng Lvcas & Peso Pluma,1,2.0
2024-07-14,Zach Bryan,1,2.0
2024-07-15,Bad Bunny,1,2.0
2024-07-15,Bizarrap & Peso Pluma,1,2.0
2024-07-15,Drake,2,4.0
2024-07-15,Eslabon Armado,1,2.0
2024-07-15,FIFTY FIFTY,1,2.0
2024-07-15,Fuerza Regida,2,4.0
2024-07-15,Grupo Frontera & Bad Bunny,1,2.0
2024-07-15,Gunna,1,2.0
2024-07-15,Harry Styles,1,2.0
2024-07-15,J. Cole,1,2.0
2024-07-15,Junior H & Peso Pluma,1,2.0
2024-07-15,Kali Uchis,1,2.0
2024-07-15,Lil Durk,1,2.0
2024-07-15,Lil Uzi Vert,1,2.0
2024-07-15,Luke Combs,1,2.0
2024-07-15,Metro Boomin,1,2.0
2024-07-15,Miley Cyrus,1,2.0
2024-07-15,Morgan Wallen,4,8.0
2024-07-15,NewJeans,1,2.0
2024-07-15,Nicki Minaj & Ice Spice & Aqua,1,2.0
2024-07-15,Olivia Rodrigo,1,2.0
2024-07-15,Peso Pluma,2,4.0
2024-07-15,PinkPantheress & Ice Spice,1,2.0
2024-07-15,Rema,1,2.0
2024-07-15,SZA,1,2.0
2024-07-15,Tainy,1,2.0
2024-07-15,Taylor Swift,15,30.0
2024-07-15,"Tyler, The Creator",1,2.0
2024-07-15,Yng Lvcas & Peso Pluma,1,2.0
2024-07-15,Zach Bryan,1,2.0
2024-07-16,Bad Bunny,1,2.0
2024-07-16,Billie Eilish,1,2.0
2024-07-16,Bizarrap & Peso Pluma,1,2.0
2024-07-16,Drake,2,4.0
2024-07-16,Eslabon Armado,1,2.0
2024-07-16,FIFTY FIFTY,1,2.0
2024-07-16,Fuerza Regida,2,4.0
2024-07-16,Grupo Frontera & Bad Bunny,1,2.0
2024-07-16,Gunna,1,2.0
2024-07-16,Harry Styles,1,2.0
2024-07-16,J. Cole,1,2.0
2024-07-16,Jung Kook & Latto,1,2.0
2024-07-16,Junior H & Peso Pluma,1,2.0
2024-07-16,Kali Uchis,1,2.0
2024-07-16,Kaliii,1,2.0
2024-07-16,Lil Durk,1,2.0
2024-07-16,Lil Uzi Vert,1,2.0
2024-07-16,Luke Combs,1,2.0
2024-07-16,Metro Boomin,1,2.0
2024-07-16,Miley Cyrus,1,2.0
2024-07-16,Morgan Wallen,4,8.0
2024-07-16,Myke Towers,1,2.0
2024-07-16,NewJeans,1,2.0
2024-07-16,Nicki Minaj & Ice Spice & Aqua,1,2.0
2024-07-16,Olivia Rodrigo,1,2.0
2024-07-16,Peso Pluma,2,4.0
2024-07-16,PinkPantheress & Ice Spice,1,2.0
2024-07-16,Post Malone,2,4.0
2024-07-16,Rema,1,2.0
2024-07-16,SZA,2,4.0
2024-07-16,Taylor Swift,8,16.0
2024-07-16,Troye Sivan,1,2.0
2024-07-16,"Tyler, The Creator",1,2.0
2024-07-16,Yng Lvcas & Peso Pluma,1,2.0
2024-07-16,Zach Bryan,1,2.0
2024-07-17,Bad Bunny,1,2.0
2024-07-17,Billie Eilish,1,2.0
2024-07-17,Bizarrap & Peso Pluma,1,2.0
2024-07-17,Drake,2,4.0
2024-07-17,Eslabon Armado,1,2.0
2024-07-17,FIFTY FIFTY,1,2.0
2024-07-17,Fuerza Regida,2,4.0
2024-07-17,Grupo Frontera & Bad Bunny,1,2.0
2024-07-17,Gunna,1,2.0
2024-07-17,Harry Styles,1,2.0
2024-07-17,J. Cole,1,2.0
2024-07-17,Jung Kook & Latto & BTS,1,2.0
2024-07-17,Junior H & Peso Pluma,1,2.0
2024-07-17,Kali Uchis,1,2.0
2024-07-17,Lil Durk,1,2.0
2024-07-17,Lil Uzi Vert,1,2.0
2024-07-17,Luke Combs,1,2.0
2024-07-17,Metro Boomin,1,2.0
2024-07-17,Miley Cyrus,1,2.0
2024-07-17,Morgan Wallen,5,10.0
2024-07-17,Myke Towers,1,2.0
2024-07-17,NewJeans,1,2.0
2024-07-17,Nicki Minaj & Ice Spice & Aqua,1,2.0
2024-07-17,Olivia Rodrigo,1,2.0
2024-07-17,Peso Pluma,3,6.0
2024-07-17,PinkPantheress & Ice Spice,1,2.0
2024-07-17,Post Malone,2,4.0
2024-07-17,Rema,1,2.0
2024-07-17,SZA,2,4.0
2024-07-17,Taylor Swift,7,14.000000000000002
2024-07-17,Troye Sivan,1,2.0
2024-07-17,"Tyler, The Creator",1,2.0
2024-07-17,Yng Lvcas & Peso Pluma,1,2.0
2024-07-17,Zach Bryan,1,2.0
2024-07-18,Bad Bunny,1,2.0
2024-07-18,Billie Eilish,1,2.0
2024-07-18,Bizarrap & Peso Pluma,1,2.0
2024-07-18,Drake,2,4.0
2024-07-18,Eslabon Armado,1,2.0
2024-07-18,FIFTY FIFTY,1,2.0
2024-07-18,Fuerza Regida,2,4.0
2024-07-18,Grupo Frontera & Bad Bunny,1,2.0
2024-07-18,Gunna,1,2.0
2024-07-18,Harry Styles,1,2.0
2024-07-18,J. Cole,1,2.0
2024-07-18,Jung Kook & Latto & BTS,1,2.0
2024-07-18,Junior H & Peso Pluma,1,2.0
2024-07-18,Kali Uchis,1,2.0
2024-07-18,Lil Durk,1,2.0
2024-07-18,Lil Uzi Vert,1,2.0
2024-07-18,Luke Combs,1,2.0
2024-07-18,Metro Boomin,1,2.0
2024-07-18,Miley Cyrus,1,2.0
2024-07-18,Morgan Wallen,5,10.0
2024-07-18,Myke Towers,1,2.0
2024-07-18,NewJeans,1,2.0
2024-07-18,Nicki Minaj & Ice Spice & Aqua,1,2.0
2024-07-18,Olivia Rodrigo,1,2.0
2024-07-18,Peso Pluma,3,6.0
2024-07-18,PinkPantheress & Ice Spice,1,2.0
2024-07-18,Post Malone,2,4.0
2024-07-18,Rema,1,2.0
2024-07-18,SZA,2,4.0
2024-07-18,Taylor Swift,7,14.000000000000002
2024-07-18,Troye Sivan,1,2.0
2024-07-18,"Tyler, The Creator",1,2.0
2024-07-18,Yng Lvcas & Peso Pluma,1,2.0
2024-07-18,Zach Bryan,1,2.0
2024-07-19,Bad Bunny,1,2.0
2024-07-19,Bailey Zimmerman,1,2.0
2024-07-19,Billie Eilish,1,2.0
2024-07-19,Bizarrap & Peso Pluma,1,2.0
2024-07-19,David Kushner,1,2.0
2024-07-19,Drake,2,4.0
2024-07-19,Eslabon Armado,1,2.0
2024-07-19,FIFTY FIFTY,1,2.0
2024-07-19,Fuerza Regida,2,4.0
2024-07-19,Grupo Frontera & Bad Bunny,1,2.0
2024-07-19,Gunna,1,2.0
2024-07-19,Harry Styles,1,2.0
2024-07-19,J. Cole,1,2.0
2024-07-19,Jung Kook & Latto,1,2.0
2024-07-19,Junior H & Peso Pluma,1,2.0
2024-07-19,Kali Uchis,1,2.0
2024-07-19,Lil Durk,1,2.0
2024-07-19,Lil Uzi Vert,1,2.0
2024-07-19,Luke Combs,1,2.0
2024-07-19,Metro Boomin,1,2.0
2024-07-19,Miley Cyrus,1,2.0
2024-07-19,Morgan Wallen,4,8.0
2024-07-19,Myke Towers,1,2.0
2024-07-19,NewJeans,1,2.0
2024-07-19,Nicki Minaj & Ice Spice & Aqua,1,2.0
2024-07-19,Noah Kahan,1,2.0
2024-07-19,Olivia Rodrigo,1,2.0
2024-07-19,Peso Pluma,2,4.0
2024-07-19,PinkPantheress & Ice Spice,1,2.0
2024-07-19,Post Malone,2,4.0
2024-07-19,Rema,1,2.0
2024-07-19,SZA,2,4.0
2024-07-19,Taylor Swift,6,12.0
2024-07-19,Troye Sivan,1,2.0
2024-07-19,"Tyler, The Creator",1,2.0
2024-07-19,Yng Lvcas & Peso Pluma,1,2.0
2024-07-19,Zach Bryan,1,2.0
2024-07-20,Bad Bunny,1,2.0
2024-07-20,Billie Eilish,1,2.0
2024-07-20,Bizarrap & Peso Pluma,1,2.0
2024-07-20,David Kushner,1,2.0
2024-07-20,Drake,2,4.0
2024-07-20,Eslabon Armado,1,2.0
2024-07-20,FIFTY FIFTY,1,2.0
2024-07-20,Fuerza Regida,2,4.0
2024-07-20,Grupo Frontera & Bad Bunny,1,2.0
2024-07-20,Gunna,1,2.0
2024-07-20,Harry Styles,1,2.0
2024-07-20,J. Cole,1,2.0
2024-07-20,Jung Kook & Latto,1,2.0
2024-07-20,Junior H & Peso Pluma,1,2.0
2024-07-20,Kali Uchis,1,2.0
2024-07-20,Kendrick Lamar,1,2.0
2024-07-20,Laufey,1,2.0
2024-07-20,Lil Durk,1,2.0
2024-07-20,Lil Uzi Vert,1,2.0
2024-07-20,Luke Combs,1,2.0
2024-07-20,Metro Boomin,1,2.0
2024-07-20,Miley Cyrus,1,2.0
2024-07-20,Morgan Wallen,4,8.0
2024-07-20,Myke Towers,1,2.0
2024-07-20,NewJeans,1,2.0
2024-07-20,Nicki Minaj & Ice Spice & Aqua,1,2.0
2024-07-20,Noah Kahan,1,2.0
2024-07-20,Noah Kahan & Post Malone,1,2.0
2024-07-20,Olivia Rodrigo,1,2.0
2024-07-20,Peso Pluma,2,4.0
2024-07-20,PinkPantheress & Ice Spice,1,2.0
2024-07-20,Post Malone,2,4.0
2024-07-20,Rema,1,2.0
2024-07-20,SZA,2,4.0
2024-07-20,Taylor Swift,4,8.0
2024-07-20,Troye Sivan,1,2.0
2024-07-20,"Tyler, The Creator",1,2.0
2024-07-20,Yng Lvcas & Peso Pluma,1,2.0
2024-07-20,Zach Bryan,1,2.0
2024-07-21,Bad Bunny,1,2.0
2024-07-21,Billie Eilish,1,2.0
2024-07-21,Bizarrap & Peso Pluma,1,2.0
2024-07-21,David Kushner,1,2.0
2024-07-21,Drake,2,4.0
2024-07-21,Eslabon Armado,1,2.0
2024-07-21,FIFTY FIFTY,1,2.0
2024-07-21,Fuerza Regida,2,4.0
2024-07-21,Grupo Frontera & Bad Bunny,1,2.0
2024-07-21,Gunna,1,2.0
2024-07-21,Harry Styles,1,2.0
2024-07-21,J. Cole,1,2.0
2024-07-21,Jung Kook & Latto,1,2.0
2024-07-21,Junior H & Peso Pluma,1,2.0
2024-07-21,Kali Uchis,1,2.0
2024-07-21,Kendrick Lamar,1,2.0
2024-07-21,Laufey,1,2.0
2024-07-21,Lil Durk,1,2.0
2024-07-21,Lil Uzi Vert,1,2.0
2024-07-21,Luke Combs,1,2.0
2024-07-21,Metro Boomin,1,2.0
2024-07-21,Miley Cyrus,1,2.0
2024-07-21,Morgan Wallen,4,8.0
2024-07-21,Myke Towers,1,2.0
2024-07-21,NewJeans,1,2.0
2024-07-21,Nicki Minaj & Ice Spice & Aqua,1,2.0
2024-07-21,Noah Kahan,1,2.0
2024-07-21,Noah Kahan & Post Malone,1,2.0
2024-07-21,Olivia Rodrigo,1,2.0
2024-07-21,Peso Pluma,2,4.0
2024-07-21,PinkPantheress & Ice Spice,1,2.0
2024-07-21,Post Malone,2,4.0
2024-07-21,Rema,1,2.0
2024-07-21,SZA,2,4.0
2024-07-21,Taylor Swift,4,8.0
2024-07-21,Troye Sivan,1,2.0
2024-07-21,"Tyler, The Creator",1,2.0
2024-07-21,Yng Lvcas & Peso Pluma,1,2.0
2024-07-21,Zach Bryan,1,2.0
2024-07-22,Bad Bunny,1,2.0
2024-07-22,Billie Eilish,1,2.0
2024-07-22,Bizarrap & Peso Pluma,1,2.0
2024-07-22,David Kushner,1,2.0
2024-07-22,Drake,2,4.0
2024-07-22,Dua Lipa,1,2.0
2024-07-22,Eslabon Armado,1,2.0
2024-07-22,FIFTY FIFTY,1,2.0
2024-07-22,Fuerza Regida,2,4.0
2024-07-22,Grupo Frontera & Bad Bunny,1,2.0
2024-07-22,Gunna,1,2.0
2024-07-22,Harry Styles,1,2.0
2024-07-22,J. Cole,1,2.0
2024-07-22,Jason Aldean,1,2.0
2024-07-22,Jung Kook & Latto,1,2.0
2024-07-22,Junior H & Peso Pluma,1,2.0
2024-07-22,Kali Uchis,1,2.0
2024-07-22,Kendrick Lamar,1,2.0
2024-07-22,Laufey,1,2.0
2024-07-22,Lil Durk,1,2.0
2024-07-22,Lil Uzi Vert,1,2.0
2024-07-22,Luke Combs,1,2.0
2024-07-22,Metro Boomin,1,2.0
2024-07-22,Miley Cyrus,1,2.0
2024-07-22,Morgan Wallen,4,8.0
2024-07-22,Myke Towers,1,2.0
2024-07-22,NewJeans,1,2.0
2024-07-22,Nicki Minaj & Ice Spice & Aqua,1,2.0
2024-07-22,Noah Kahan & Post Malone,1,2.0
2024-07-22,Olivia Rodrigo,1,2.0
2024-07-22,Peso Pluma,2,4.0
2024-07-22,PinkPantheress & Ice Spice,1,2.0
2024-07-22,Post Malone,2,4.0
2024-07-22,SZA,2,4.0
2024-07-22,Taylor Swift,4,8.0
2024-07-22,Troye Sivan,1,2.0
2024-07-22,"Tyler, The Creator",1,2.0
2024-07-22,Yng Lvcas & Peso Pluma,1,2.0
2024-07-22,Zach Bryan,1,2.0
2024-07-23,Bad Bunny,1,2.0
2024-07-23,Billie Eilish,1,2.0
2024-07-23,Bizarrap & Peso Pluma,1,2.0
2024-07-23,Drake,1,2.0
2024-07-23,Dua Lipa,1,2.0
2024-07-23,Eslabon Armado,1,2.0
2024-07-23,FIFTY FIFTY,1,2.0
2024-07-23,Fuerza Regida,2,4.0
2024-07-23,Grupo Frontera & Bad Bunny,1,2.0
2024-07-23,Gunna,1,2.0
2024-07-23,Harry Styles,1,2.0
2024-07-23,Ice Spice,1,2.0
2024-07-23,J. Cole,1,2.0
2024-07-23,Jason Aldean,1,2.0
2024-07-23,Jung Kook & Latto,1,2.0
2024-07-23,Junior H & Peso Pluma,1,2.0
2024-07-23,Kali Uchis,1,2.0
2024-07-23,Laufey,1,2.0
2024-07-23,Lil Durk,1,2.0
2024-07-23,Lil Uzi Vert,1,2.0
2024-07-23,Luke Combs,2,4.0
2024-07-23,Miley Cyrus,1,2.0
2024-07-23,Morgan Wallen,5,10.0
2024-07-23,Myke Towers,1,2.0
2024-07-23,NewJeans,4,8.0
2024-07-23,Nicki Minaj & Ice Spice & Aqua,1,2.0
2024-07-23,Noah Kahan & Post Malone,1,2.0
2024-07-23,Olivia Rodrigo,1,2.0
2024-07-23,Peso Pluma,2,4.0
2024-07-23,PinkPantheress & Ice Spice,1,2.0
2024-07-23,Post Malone,1,2.0
2024-07-23,SZA,1,2.0
2024-07-23,Taylor Swift,4,8.0
2024-07-23,Travis Scott & Bad Bunny & The Weeknd,1,2.0
2024-07-23,"Tyler, The Creator",1,2.0
2024-07-23,Yng Lvcas & Peso Pluma,1,2.0
2024-07-23,Zach Bryan,1,2.0
2024-07-24,Bad Bunny,1,2.0
2024-07-24,Billie Eilish,1,2.0
2024-07-24,Bizarrap & Peso Pluma,1,2.0
2024-07-24,Drake,1,2.0
2024-07-24,Dua Lipa,1,2.0
2024-07-24,Eslabon Armado,1,2.0
2024-07-24,FIFTY FIFTY,1,2.0
2024-07-24,Fuerza Regida,2,4.0
2024-07-24,Grupo Frontera & Bad Bunny,1,2.0
2024-07-24,Gunna,1,2.0
2024-07-24,Harry Styles,1,2.0
2024-07-24,Ice Spice,1,2.0
2024-07-24,J. Cole,1,2.0
2024-07-24,Jason Aldean,1,2.0
2024-07-24,Jung Kook & Latto,1,2.0
2024-07-24,Junior H & Peso Pluma,1,2.0
2024-07-24,Kali Uchis,1,2.0
2024-07-24,Laufey,1,2.0
2024-07-24,Lil Durk,1,2.0
2024-07-24,Lil Uzi Vert,1,2.0
2024-07-24,Luke Combs,2,4.0
2024-07-24,Miley Cyrus,1,2.0
2024-07-24,Morgan Wallen,5,10.0
2024-07-24,Myke Towers,1,2.0
2024-07-24,NewJeans,4,8.0
2024-07-24,Nicki Minaj & Ice Spice & Aqua,1,2.0
2024-07-24,Noah Kahan & Post Malone,1,2.0
2024-07-24,Olivia Rodrigo,1,2.0
2024-07-24,Peso Pluma,2,4.0
2024-07-24,PinkPantheress & Ice Spice,1,2.0
2024-07-24,Post Malone,1,2.0
2024-07-24,SZA,1,2.0
2024-07-24,Taylor Swift,4,8.0
2024-07-24,Travis Scott & Bad Bunny & The Weeknd,1,2.0
2024-07-24,"Tyler, The Creator",1,2.0
2024-07-24,Yng Lvcas & Peso Pluma,1,2.0
2024-07-24,Zach Bryan,1,2.0
2024-07-25,Bad Bunny,1,2.0
2024-07-25,Bailey Zimmerman,1,2.0
2024-07-25,Billie Eilish,1,2.0
2024-07-25,Charli XCX,1,2.0
2024-07-25,Drake,1,2.0
2024-07-25,Dua Lipa,1,2.0
2024-07-25,Eslabon Armado,1,2.0
2024-07-25,FIFTY FIFTY,1,2.0
2024-07-25,Fuerza Regida,2,4.0
2024-07-25,Grupo Frontera & Bad Bunny,1,2.0
2024-07-25,Gunna,1,2.0
2024-07-25,Harry Styles,1,2.0
2024-07-25,Ice Spice,1,2.0
2024-07-25,J. Cole,1,2.0
2024-07-25,Jason Aldean,1,2.0
2024-07-25,Jung Kook & Latto,1,2.0
2024-07-25,Junior H & Peso Pluma,1,2.0
2024-07-25,Kali Uchis,1,2.0
2024-07-25,Laufey,1,2.0
2024-07-25,Lil Durk,1,2.0
2024-07-25,Lil Uzi Vert,1,2.0
2024-07-25,Luke Combs,1,2.0
2024-07-25,Miley Cyrus,1,2.0
2024-07-25,Morgan Wallen,5,10.0
2024-07-25,Myke Towers,1,2.0
2024-07-25,NewJeans,4,8.0
2024-07-25,Nicki Minaj & Ice Spice & Aqua,1,2.0
2024-07-25,Noah Kahan & Post Malone,1,2.0
2024-07-25,Olivia Rodrigo,1,2.0
2024-07-25,Peso Pluma,2,4.0
2024-07-25,PinkPantheress & Ice Spice,1,2.0
2024-07-25,Post Malone,1,2.0
2024-07-25,SZA,1,2.0
2024-07-25,Taylor Swift,4,8.0
2024-07-25,Travis Scott & Bad Bunny & The Weeknd,1,2.0
2024-07-25,"Tyler, The Creator",1,2.0
2024-07-25,Yng Lvcas & Peso Pluma,1,2.0
2024-07-25,Zach Bryan,1,2.0
2024-07-26,Bad Bunny,1,2.0
2024-07-26,Bailey Zimmerman,1,2.0
2024-07-26,Billie Eilish,1,2.0
2024-07-26,Charli XCX,1,2.0
2024-07-26,Drake,1,2.0
2024-07-26,Dua Lipa,1,2.0
2024-07-26,Eslabon Armado,1,2.0
2024-07-26,FIFTY FIFTY,1,2.0
2024-07-26,Fuerza Regida,2,4.0
2024-07-26,Grupo Frontera & Bad Bunny,1,2.0
2024-07-26,Gunna,1,2.0
2024-07-26,Harry Styles,1,2.0
2024-07-26,Ice Spice,1,2.0
2024-07-26,J. Cole,1,2.0
2024-07-26,Jason Aldean,1,2.0
2024-07-26,Jung Kook & Latto,1,2.0
2024-07-26,Junior H & Peso Pluma,1,2.0
2024-07-26,Kali Uchis,1,2.0
2024-07-26,Laufey,1,2.0
2024-07-26,Lil Durk,1,2.0
2024-07-26,Lil Uzi Vert,1,2.0
2024-07-26,Luke Combs,1,2.0
2024-07-26,Miley Cyrus,1,2.0
2024-07-26,Morgan Wallen,4,8.0
2024-07-26,Myke Towers,1,2.0
2024-07-26,NewJeans,2,4.0
2024-07-26,Nicki Minaj & Ice Spice & Aqua,1,2.0
2024-07-26,Noah Kahan & Post Malone,1,2.0
2024-07-26,Olivia Rodrigo,1,2.0
2024-07-26,Peso Pluma,2,4.0
2024-07-26,PinkPantheress & Ice Spice,1,2.0
2024-07-26,Post Malone,1,2.0
2024-07-26,Ryan Gosling,1,2.0
2024-07-26,SZA,2,4.0
2024-07-26,Taylor Swift,4,8.0
2024-07-26,Travis Scott & Bad Bunny & The Weeknd,1,2.0
2024-07-26,Troye Sivan,1,2.0
2024-07-26,"Tyler, The Creator",1,2.0
2024-07-26,Yng Lvcas & Peso Pluma,1,2.0
2024-07-26,Zach Bryan,1,2.0
2024-07-27,Bad Bunny,1,2.0
2024-07-27,Bailey Zimmerman,1,2.0
2024-07-27,Billie Eilish,1,2.0
2024-07-27,Charli XCX,1,2.0
2024-07-27,David Kushner,1,2.0
2024-07-27,Drake,1,2.0
2024-07-27,Dua Lipa,1,2.0
2024-07-27,Eslabon Armado,1,2.0
2024-07-27,FIFTY FIFTY,1,2.0
2024-07-27,Fuerza Regida,2,4.0
2024-07-27,Grupo Frontera & Bad Bunny,1,2.0
2024-07-27,Gunna,1,2.0
2024-07-27,Harry Styles,1,2.0
2024-07-27,Ice Spice,1,2.0
2024-07-27,J. Cole,1,2.0
2024-07-27,Jason Aldean,1,2.0
2024-07-27,Jung Kook & Latto,1,2.0
2024-07-27,Junior H & Peso Pluma,1,2.0
2024-07-27,Kali Uchis,1,2.0
2024-07-27,Laufey,1,2.0
2024-07-27,Lil Durk,1,2.0
2024-07-27,Lil Uzi Vert,1,2.0
2024-07-27,Luke Combs,1,2.0
2024-07-27,Miley Cyrus,1,2.0
2024-07-27,Morgan Wallen,4,8.0
2024-07-27,Myke Towers,1,2.0
2024-07-27,NewJeans,1,2.0
2024-07-27,Nicki Minaj & Ice Spice & Aqua,1,2.0
2024-07-27,Noah Kahan & Post Malone,1,2.0
2024-07-27,Olivia Rodrigo,1,2.0
2024-07-27,Peso Pluma,2,4.0
2024-07-27,PinkPantheress & Ice Spice,1,2.0
2024-07-27,Post Malone,1,2.0
2024-07-27,Ryan Gosling,1,2.0
2024-07-27,SZA,2,4.0
2024-07-27,Taylor Swift,4,8.0
2024-07-27,Travis Scott & Bad Bunny & The Weeknd,1,2.0
2024-07-27,Troye Sivan,1,2.0
2024-07-27,"Tyler, The Creator",1,2.0
2024-07-27,Yng Lvcas & Peso Pluma,1,2.0
2024-07-27,Zach Bryan,1,2.0
2024-07-28,Bad Bunny,1,2.0
2024-07-28,Bailey Zimmerman,1,2.0
2024-07-28,Billie Eilish,1,2.0
2024-07-28,Charli XCX,1,2.0
2024-07-28,David Kushner,1,2.0
2024-07-28,Drake,1,2.0
2024-07-28,Dua Lipa,1,2.0
2024-07-28,Eslabon Armado,1,2.0
2024-07-28,FIFTY FIFTY,1,2.0
2024-07-28,Fuerza Regida,2,4.0
2024-07-28,Grupo Frontera & Bad Bunny,1,2.0
2024-07-28,Gunna,1,2.0
2024-07-28,Harry Styles,1,2.0
2024-07-28,Ice Spice,1,2.0
2024-07-28,J. Cole,1,2.0
2024-07-28,Jason Aldean,1,2.0
2024-07-28,Jung Kook & Latto,1,2.0
2024-07-28,Junior H & Peso Pluma,1,2.0
2024-07-28,Kali Uchis,1,2.0
2024-07-28,Laufey,1,2.0
2024-07-28,Lil Durk,1,2.0
2024-07-28,Lil Uzi Vert,1,2.0
2024-07-28,Luke Combs,1,2.0
2024-07-28,Miley Cyrus,1,2.0
2024-07-28,Morgan Wallen,4,8.0
2024-07-28,Myke Towers,1,2.0
2024-07-28,NewJeans,1,2.0
2024-07-28,Nicki Minaj & Ice Spice & Aqua,1,2.0
2024-07-28,Noah Kahan & Post Malone,1,2.0
2024-07-28,Olivia Rodrigo,1,2.0
2024-07-28,Peso Pluma,2,4.0
2024-07-28,PinkPantheress & Ice Spice,1,2.0
2024-07-28,Post Malone,1,2.0
2024-07-28,Ryan Gosling,1,2.0
2024-07-28,SZA,2,4.0
2024-07-28,Taylor Swift,4,8.0
2024-07-28,Travis Scott & Bad Bunny & The Weeknd,1,2.0
2024-07-28,Troye Sivan,1,2.0
2024-07-28,"Tyler, The Creator",1,2.0
2024-07-28,Yng Lvcas & Peso Pluma,1,2.0
2024-07-28,Zach Bryan,1,2.0
2024-07-29,Billie Eilish,1,2.0
2024-07-29,Charli XCX,1,2.0
2024-07-29,Drake & Central Cee,1,2.0
2024-07-29,Dua Lipa,1,2.0
2024-07-29,Eslabon Armado,1,2.0
2024-07-29,Grupo Frontera & Bad Bunny,1,2.0
2024-07-29,Gunna,1,2.0
2024-07-29,Ivan Cornejo,1,2.0
2024-07-29,Jung Kook & Latto,1,2.0
2024-07-29,Luke Combs,1,2.0
2024-07-29,Morgan Wallen,3,6.0
2024-07-29,NewJeans,1,2.0
2024-07-29,Nicki Minaj & Ice Spice & Aqua,1,2.0
2024-07-29,Noah Kahan & Post Malone,1,2.0
2024-07-29,Olivia Rodrigo,1,2.0
2024-07-29,Post Malone,9,18.0
2024-07-29,SZA,1,2.0
2024-07-29,Taylor Swift,1,2.0
2024-07-29,Travis Scott,18,36.0
2024-07-29,Travis Scott & Bad Bunny & The Weeknd,1,2.0
2024-07-29,Tyler Childers,1,2.0
2024-07-29,"Tyler, The Creator",1,2.0
2024-07-29,Zach Bryan,1,2.0
2024-07-30,Billie Eilish,1,2.0
2024-07-30,Charli XCX,1,2.0
2024-07-30,Dua Lipa,1,2.0
2024-07-30,Eslabon Armado,1,2.0
2024-07-30,Fuerza Regida,1,2.0
2024-07-30,Grupo Frontera & Bad Bunny,1,2.0
2024-07-30,Gunna,1,2.0
2024-07-30,Ice Spice,1,2.0
2024-07-30,Jung Kook & Latto,1,2.0
2024-07-30,Luke Combs,1,2.0
2024-07-30,Morgan Wallen,3,6.0
2024-07-30,Myke Towers,1,2.0
2024-07-30,NewJeans,1,2.0
2024-07-30,Nicki Minaj & Ice Spice & Aqua,1,2.0
2024-07-30,Noah Kahan & Post Malone,1,2.0
2024-07-30,Olivia Rodrigo,1,2.0
2024-07-30,Peso Pluma,1,2.0
2024-07-30,PinkPantheress & Ice Spice,1,2.0
2024-07-30,Post Malone,5,10.0
2024-07-30,SZA,1,2.0
2024-07-30,Taylor Swift,1,2.0
2024-07-30,Travis Scott,18,36.0
2024-07-30,Travis Scott & Bad Bunny & The Weeknd,1,2.0
2024-07-30,Tyler Childers,1,2.0
2024-07-30,"Tyler, The Creator",1,2.0
2024-07-30,Yng Lvcas & Peso Pluma,1,2.0
2024-07-30,Zach Bryan,1,2.0
2024-07-31,Bailey Zimmerman,1,2.0
2024-07-31,Billie Eilish,1,2.0
2024-07-31,Charli XCX,1,2.0
2024-07-31,Dua Lipa,1,2.0
2024-07-31,Eslabon Armado,1,2.0
2024-07-31,Grupo Frontera & Bad Bunny,1,2.0
2024-07-31,Gunna,1,2.0
2024-07-31,Ice Spice,1,2.0
2024-07-31,Jung Kook & Latto,1,2.0
2024-07-31,Luke Combs,1,2.0
2024-07-31,Morgan Wallen,4,8.0
2024-07-31,NewJeans,1,2.0
2024-07-31,Nicki Minaj & Ice Spice & Aqua,1,2.0
2024-07-31,Noah Kahan & Post Malone,1,2.0
2024-07-31,Olivia Rodrigo,1,2.0
2024-07-31,Peso Pluma,1,2.0
2024-07-31,PinkPantheress & Ice Spice,1,2.0
2024-07-31,Post Malone,4,8.0
2024-07-31,Ryan Gosling,1,2.0
2024-07-31,SZA,1,2.0
2024-07-31,Taylor Swift,1,2.0
2024-07-31,Travis Scott,18,36.0
2024-07-31,Travis Scott & Bad Bunny & The Weeknd,1,2.0
2024-07-31,Tyler Childers,1,2.0
2024-07-31,"Tyler, The Creator",1,2.0
2024-07-31,Yng Lvcas & Peso Pluma,1,2.0
2024-07-31,Zach Bryan,1,2.0
2024-08-01,Bailey Zimmerman,1,2.0
2024-08-01,Billie Eilish,1,2.0
2024-08-01,Charli XCX,1,2.0
2024-08-01,Dua Lipa,1,2.0
2024-08-01,Eslabon Armado,1,2.0
2024-08-01,Grupo Frontera & Bad Bunny,1,2.0
2024-08-01,Gunna,1,2.0
2024-08-01,Ice Spice,1,2.0
2024-08-01,Jung Kook & Latto,1,2.0
2024-08-01,Luke Combs,1,2.0
2024-08-01,Morgan Wallen,4,8.0
2024-08-01,NewJeans,1,2.0
2024-08-01,Nicki Minaj & Ice Spice & Aqua,1,2.0
2024-08-01,Noah Kahan & Post Malone,1,2.0
2024-08-01,Olivia Rodrigo,1,2.0
2024-08-01,Peso Pluma,1,2.0
2024-08-01,PinkPantheress & Ice Spice,1,2.0
2024-08-01,Post Malone,4,8.0
2024-08-01,Ryan Gosling,1,2.0
2024-08-01,SZA,1,2.0
2024-08-01,Taylor Swift,1,2.0
2024-08-01,Travis Scott,18,36.0
2024-08-01,Travis Scott & Bad Bunny & The Weeknd,1,2.0
2024-08-01,Tyler Childers,1,2.0
2024-08-01,"Tyler, The Creator",1,2.0
2024-08-01,Yng Lvcas & Peso Pluma,1,2.0
2024-08-01,Zach Bryan,1,2.0
2024-08-02,Bailey Zimmerman,1,2.0
2024-08-02,Billie Eilish,1,2.0
2024-08-02,Charli XCX,1,2.0
2024-08-02,Dua Lipa,1,2.0
2024-08-02,Eslabon Armado,1,2.0
2024-08-02,Grupo Frontera & Bad Bunny,1,2.0
2024-08-02,Gunna,1,2.0
2024-08-02,Ice Spice,1,2.0
2024-08-02,J. Cole,1,2.0
2024-08-02,Jung Kook & Latto,1,2.0
2024-08-02,Lil Durk,1,2.0
2024-08-02,Luke Combs,1,2.0
2024-08-02,Morgan Wallen,3,6.0
2024-08-02,Myke Towers,1,2.0
2024-08-02,NewJeans,1,2.0
2024-08-02,Nicki Minaj & Ice Spice & Aqua,1,2.0
2024-08-02,Noah Kahan & Post Malone,1,2.0
2024-08-02,Olivia Rodrigo,1,2.0
2024-08-02,Peso Pluma,1,2.0
2024-08-02,PinkPantheress & Ice Spice,1,2.0
2024-08-02,Post Malone,2,4.0
2024-08-02,Ryan Gosling,1,2.0
2024-08-02,SZA,1,2.0
2024-08-02,Taylor Swift,1,2.0
2024-08-02,Travis Scott,18,36.0
2024-08-02,Travis Scott & Bad Bunny & The Weeknd,1,2.0
2024-08-02,Tyler Childers,1,2.0
2024-08-02,"Tyler, The Creator",1,2.0
2024-08-02,Yng Lvcas & Peso Pluma,1,2.0
2024-08-02,Zach Bryan,1,2.0
2024-08-03,Bad Bunny,1,2.0
2024-08-03,Billie Eilish,1,2.0
2024-08-03,Charli XCX,1,2.0
2024-08-03,Dua Lipa,1,2.0
2024-08-03,Eslabon Armado,1,2.0
2024-08-03,Grupo Frontera & Bad Bunny,1,2.0
2024-08-03,Gunna,1,2.0
2024-08-03,Ice Spice,1,2.0
2024-08-03,J. Cole,1,2.0
2024-08-03,Jung Kook & Latto,1,2.0
2024-08-03,Lil Durk,1,2.0
2024-08-03,Luke Combs,1,2.0
2024-08-03,Morgan Wallen,3,6.0
2024-08-03,Myke Towers,1,2.0
2024-08-03,NewJeans,1,2.0
2024-08-03,Nicki Minaj & Ice Spice & Aqua,1,2.0
2024-08-03,Noah Kahan & Post Malone,1,2.0
2024-08-03,Olivia Rodrigo,1,2.0
2024-08-03,Peso Pluma,1,2.0
2024-08-03,PinkPantheress & Ice Spice,1,2.0
2024-08-03,Post Malone,2,4.0
2024-08-03,SZA,1,2.0
2024-08-03,Taylor Swift,2,4.0
2024-08-03,Travis Scott,18,36.0
2024-08-03,Travis Scott & Bad Bunny & The Weeknd,1,2.0
2024-08-03,Tyler Childers,1,2.0
2024-08-03,"Tyler, The Creator",1,2.0
2024-08-03,Yng Lvcas & Peso Pluma,1,2.0
2024-08-03,Zach Bryan,1,2.0
2024-08-04,Bad Bunny,1,2.0
2024-08-04,Bailey Zimmerman,1,2.0
2024-08-04,Billie Eilish,1,2.0
2024-08-04,Charli XCX,1,2.0
2024-08-04,Dua Lipa,1,2.0
2024-08-04,Eslabon Armado,1,2.0
2024-08-04,Grupo Frontera & Bad Bunny,1,2.0
2024-08-04,Gunna,1,2.0
2024-08-04,Ice Spice,1,2.0
2024-08-04,J. Cole,1,2.0
2024-08-04,Jung Kook & Latto,1,2.0
2024-08-04,Lil Durk,1,2.0
2024-08-04,Luke Combs,1,2.0
2024-08-04,Morgan Wallen,3,6.0
2024-08-04,Myke Towers,1,2.0
2024-08-04,NewJeans,1,2.0
2024-08-04,Nicki Minaj & Ice Spice & Aqua,1,2.0
2024-08-04,Noah Kahan & Post Malone,1,2.0
2024-08-04,Olivia Rodrigo,1,2.0
2024-08-04,Peso Pluma,1,2.0
2024-08-04,PinkPantheress & Ice Spice,1,2.0
2024-08-04,Post Malone,2,4.0
2024-08-04,SZA,1,2.0
2024-08-04,Taylor Swift,3,6.0
2024-08-04,Travis Scott,17,34.0
2024-08-04,Travis Scott & Bad Bunny & The Weeknd,1,2.0
2024-08-04,"Tyler, The Creator",1,2.0
2024-08-04,Yng Lvcas & Peso Pluma,1,2.0
2024-08-04,Zach Bryan,1,2.0
2024-08-05,Bailey Zimmerman,1,2.0
2024-08-05,Billie Eilish,1,2.0
2024-08-05,Charli XCX,1,2.0
2024-08-05,Dua Lipa,1,2.0
2024-08-05,Eslabon Armado,1,2.0
2024-08-05,Grupo Frontera,1,2.0
2024-08-05,Gunna,1,2.0
2024-08-05,Ice Spice,1,2.0
2024-08-05,J. Cole,1,2.0
2024-08-05,Jung Kook & Latto,1,2.0
2024-08-05,Lil Durk,1,2.0
2024-08-05,Luke Combs,1,2.0
2024-08-05,Morgan Wallen,4,8.0
2024-08-05,Myke Towers,1,2.0
2024-08-05,NewJeans,1,2.0
2024-08-05,Nicki Minaj & Ice Spice & Aqua,1,2.0
2024-08-05,Noah Kahan & Post Malone,1,2.0
2024-08-05,Olivia Rodrigo,1,2.0
2024-08-05,Peso Pluma,1,2.0
2024-08-05,PinkPantheress & Ice Spice,1,2.0
2024-08-05,Post Malone,2,4.0
2024-08-05,SZA,1,2.0
2024-08-05,Taylor Swift,4,8.0
2024-08-05,Travis Scott,16,32.0
2024-08-05,Travis Scott & Bad Bunny & The Weeknd,1,2.0
2024-08-05,"Tyler, The Creator",1,2.0
2024-08-05,Yng Lvcas & Peso Pluma,1,2.0
2024-08-05,Zach Bryan,1,2.0
2024-08-06,Bad Bunny,1,2.0
2024-08-06,Bailey Zimmerman,1,2.0
2024-08-06,Billie Eilish,1,2.0
2024-08-06,Charli XCX,1,2.0
2024-08-06,Doja Cat,1,2.0
2024-08-06,Dua Lipa,1,2.0
2024-08-06,Eslabon Armado,1,2.0
2024-08-06,Fuerza Regida,1,2.0
2024-08-06,Grupo Frontera,1,2.0
2024-08-06,Gunna,1,2.0
2024-08-06,Ice Spice,1,2.0
2024-08-06,J. Cole,1,2.0
2024-08-06,Jung Kook & Latto,1,2.0
2024-08-06,Lil Durk,1,2.0
2024-08-06,Luke Combs,1,2.0
2024-08-06,Morgan Wallen,4,8.0
2024-08-06,Myke Towers,1,2.0
2024-08-06,NewJeans,1,2.0
2024-08-06,Nicki Minaj & Ice Spice & Aqua,1,2.0
2024-08-06,Noah Kahan & Post Malone,1,2.0
2024-08-06,Olivia Rodrigo,1,2.0
2024-08-06,Peso Pluma,1,2.0
2024-08-06,PinkPantheress & Ice Spice,1,2.0
2024-08-06,Post Malone,1,2.0
2024-08-06,SZA,2,4.0
2024-08-06,Taylor Swift,5,10.0
2024-08-06,Travis Scott,11,22.0
2024-08-06,Travis Scott & Bad Bunny & The Weeknd,1,2.0
2024-08-06,Tyler Childers,1,2.0
2024-08-06,"Tyler, The Creator",1,2.0
2024-08-06,Yng Lvcas & Peso Pluma,1,2.0
2024-08-06,Zach Bryan,1,2.0
2024-08-07,Bad Bunny,1,2.0
2024-08-07,Bailey Zimmerman,1,2.0
2024-08-07,Billie Eilish,1,2.0
2024-08-07,Charli XCX,1,2.0
2024-08-07,Doja Cat,1,2.0
2024-08-07,Dua Lipa,1,2.0
2024-08-07,Eslabon Armado,1,2.0
2024-08-07,Fuerza Regida,1,2.0
2024-08-07,Grupo Frontera,1,2.0
2024-08-07,Gunna,1,2.0
2024-08-07,Harry Styles,1,2.0
2024-08-07,Ice Spice,1,2.0
2024-08-07,J. Cole,1,2.0
2024-08-07,Jung Kook & Latto,1,2.0
2024-08-07,Kali Uchis,1,2.0
2024-08-07,Laufey,1,2.0
2024-08-07,Lil Durk,1,2.0
2024-08-07,Luke Combs,1,2.0
2024-08-07,Morgan Wallen,4,8.0
2024-08-07,Myke Towers,1,2.0
2024-08-07,NewJeans,1,2.0
2024-08-07,Nicki Minaj & Ice Spice & Aqua,1,2.0
2024-08-07,Noah Kahan & Post Malone,1,2.0
2024-08-07,Olivia Rodrigo,1,2.0
2024-08-07,Peso Pluma,1,2.0
2024-08-07,PinkPantheress & Ice Spice,1,2.0
2024-08-07,Post Malone,1,2.0
2024-08-07,Ryan Gosling,1,2.0
2024-08-07,SZA,2,4.0
2024-08-07,Taylor Swift,7,14.000000000000002
2024-08-07,Travis Scott,6,12.0
2024-08-07,Travis Scott & Bad Bunny & The Weeknd,1,2.0
2024-08-07,"Tyler, The Creator",1,2.0
2024-08-07,Yng Lvcas & Peso Pluma,1,2.0
2024-08-07,Zach Bryan,1,2.0
2024-08-08,Bad Bunny,1,2.0
2024-08-08,Bailey Zimmerman,1,2.0
2024-08-08,Billie Eilish,1,2.0
2024-08-08,Charli XCX,1,2.0
2024-08-08,Doja Cat,1,2.0
2024-08-08,Dua Lipa,1,2.0
2024-08-08,Eslabon Armado,1,2.0
2024-08-08,Fuerza Regida,1,2.0
2024-08-08,Grupo Frontera,1,2.0
2024-08-08,Gunna,1,2.0
2024-08-08,Harry Styles,1,2.0
2024-08-08,Ice Spice,1,2.0
2024-08-08,J. Cole,1,2.0
2024-08-08,Jung Kook & Latto,1,2.0
2024-08-08,Kali Uchis,1,2.0
2024-08-08,Laufey,1,2.0
2024-08-08,Lil Durk,1,2.0
2024-08-08,Luke Combs,1,2.0
2024-08-08,Morgan Wallen,4,8.0
2024-08-08,Myke Towers,1,2.0
2024-08-08,NewJeans,1,2.0
2024-08-08,Nicki Minaj & Ice Spice & Aqua,1,2.0
2024-08-08,Noah Kahan & Post Malone,1,2.0
2024-08-08,Olivia Rodrigo,1,2.0
2024-08-08,Peso Pluma,1,2.0
2024-08-08,PinkPantheress & Ice Spice,1,2.0
2024-08-08,Post Malone,1,2.0
2024-08-08,Ryan Gosling,1,2.0
2024-08-08,SZA,2,4.0
2024-08-08,Taylor Swift,7,14.000000000000002
2024-08-08,Travis Scott,6,12.0
2024-08-08,Travis Scott & Bad Bunny & The Weeknd,1,2.0
2024-08-08,"Tyler, The Creator",1,2.0
2024-08-08,Yng Lvcas & Peso Pluma,1,2.0
2024-08-08,Zach Bryan,1,2.0
2024-08-09,Bad Bunny,1,2.0
2024-08-09,Bailey Zimmerman,1,2.0
2024-08-09,Billie Eilish,1,2.0
2024-08-09,Charli XCX,1,2.0
2024-08-09,Doja Cat,1,2.0
2024-08-09,Drake,1,2.0
2024-08-09,Dua Lipa,1,2.0
2024-08-09,Eslabon Armado,1,2.0
2024-08-09,Fuerza Regida,1,2.0
2024-08-09,Grupo Frontera,1,2.0
2024-08-09,Gunna,1,2.0
2024-08-09,Harry Styles,1,2.0
2024-08-09,Ice Spice,1,2.0
2024-08-09,J. Cole,1,2.0
2024-08-09,Jung Kook & Latto,1,2.0
2024-08-09,Kali Uchis,1,2.0
2024-08-09,Laufey,1,2.0
2024-08-09,Lil Durk,1,2.0
2024-08-09,Luke Combs,1,2.0
2024-08-09,Morgan Wallen,4,8.0
2024-08-09,Myke Towers,1,2.0
2024-08-09,NewJeans,1,2.0
2024-08-09,Nicki Minaj & Ice Spice & Aqua,1,2.0
2024-08-09,Noah Kahan & Post Malone,1,2.0
2024-08-09,Olivia Rodrigo,1,2.0
2024-08-09,Peso Pluma,1,2.0
2024-08-09,PinkPantheress & Ice Spice,1,2.0
2024-08-09,Post Malone,1,2.0
2024-08-09,SZA,2,4.0
2024-08-09,Taylor Swift,7,14.000000000000002
2024-08-09,Travis Scott,6,12.0
2024-08-09,Travis Scott & Bad Bunny & The Weeknd,1,2.0
2024-08-09,"Tyler, The Creator",1,2.0
2024-08-09,Yng Lvcas & Peso Pluma,1,2.0
2024-08-09,Zach Bryan,1,2.0
2024-08-10,Bad Bunny,1,2.0
2024-08-10,Bailey Zimmerman,1,2.0
2024-08-10,Billie Eilish,1,2.0
2024-08-10,Charli XCX,1,2.0
2024-08-10,Doja Cat,1,2.0
2024-08-10,Drake,1,2.0
2024-08-10,Dua Lipa,1,2.0
2024-08-10,Eslabon Armado,1,2.0
2024-08-10,Fuerza Regida,1,2.0
2024-08-10,Grupo Frontera,1,2.0
2024-08-10,Gunna,1,2.0
2024-08-10,Harry Styles,1,2.0
2024-08-10,Ice Spice,1,2.0
2024-08-10,J. Cole,1,2.0
2024-08-10,Jung Kook & Latto,1,2.0
2024-08-10,Kali Uchis,1,2.0
2024-08-10,Lil Durk,1,2.0
2024-08-10,Luke Combs,1,2.0
2024-08-10,Morgan Wallen,4,8.0
2024-08-10,Myke Towers,1,2.0
2024-08-10,NewJeans,1,2.0
2024-08-10,Nicki Minaj & Ice Spice & Aqua,1,2.0
2024-08-10,Noah Kahan & Post Malone,1,2.0
2024-08-10,Olivia Rodrigo,1,2.0
2024-08-10,Peso Pluma,1,2.0
2024-08-10,PinkPantheress & Ice Spice,1,2.0
2024-08-10,Post Malone,1,2.0
2024-08-10,SZA,2,4.0
2024-08-10,Taylor Swift,8,16.0
2024-08-10,Travis Scott,6,12.0
2024-08-10,Travis Scott & Bad Bunny & The Weeknd,1,2.0
2024-08-10,"Tyler, The Creator",1,2.0
2024-08-10,Yng Lvcas & Peso Pluma,1,2.0
2024-08-10,Zach Bryan,1,2.0
2024-08-11,Bad Bunny,1,2.0
2024-08-11,Bailey Zimmerman,1,2.0
2024-08-11,Billie Eilish,1,2.0
2024-08-11,Charli XCX,1,2.0
2024-08-11,Doja Cat,1,2.0
2024-08-11,Drake,1,2.0
2024-08-11,Dua Lipa,1,2.0
2024-08-11,Eslabon Armado,1,2.0
2024-08-11,Fuerza Regida,1,2.0
2024-08-11,Grupo Frontera,1,2.0
2024-08-11,Gunna,1,2.0
2024-08-11,Harry Styles,1,2.0
2024-08-11,Ice Spice,1,2.0
2024-08-11,J. Cole,1,2.0
2024-08-11,Jung Kook & Latto,1,2.0
2024-08-11,Lil Durk,1,2.0
2024-08-11,Luke Combs,1,2.0
2024-08-11,Morgan Wallen,4,8.0
2024-08-11,Myke Towers,1,2.0
2024-08-11,NewJeans,1,2.0
2024-08-11,Nicki Minaj & Ice Spice & Aqua,1,2.0
2024-08-11,Noah Kahan & Post Malone,1,2.0
2024-08-11,Olivia Rodrigo,1,2.0
2024-08-11,Peso Pluma,1,2.0
2024-08-11,PinkPantheress & Ice Spice,1,2.0
2024-08-11,Post Malone,1,2.0
2024-08-11,SZA,2,4.0
2024-08-11,Taylor Swift,9,18.0
2024-08-11,Travis Scott,6,12.0
2024-08-11,Travis Scott & Bad Bunny & The Weeknd,1,2.0
2024-08-11,"Tyler, The Creator",1,2.0
2024-08-11,Yng Lvcas & Peso Pluma,1,2.0
2024-08-11,Zach Bryan,1,2.0
2024-08-12,Bad Bunny,1,2.0
2024-08-12,Bailey Zimmerman,1,2.0
2024-08-12,Billie Eilish,1,2.0
2024-08-12,Charli XCX,1,2.0
2024-08-12,Doja Cat,1,2.0
2024-08-12,Dua Lipa,1,2.0
2024-08-12,Eslabon Armado,1,2.0
2024-08-12,Grupo Frontera,1,2.0
2024-08-12,Gunna,1,2.0
2024-08-12,Harry Styles,1,2.0
2024-08-12,Ice Spice,1,2.0
2024-08-12,J. Cole,1,2.0
2024-08-12,Jung Kook & Latto,1,2.0
2024-08-12,Lil Durk,1,2.0
2024-08-12,Luke Combs,1,2.0
2024-08-12,Morgan Wallen,4,8.0
2024-08-12,Myke Towers,1,2.0
2024-08-12,NewJeans,1,2.0
2024-08-12,Nicki Minaj & Ice Spice & Aqua,1,2.0
2024-08-12,Noah Kahan & Post Malone,1,2.0
2024-08-12,Olivia Rodrigo,1,2.0
2024-08-12,Peso Pluma,1,2.0
2024-08-12,PinkPantheress & Ice Spice,1,2.0
2024-08-12,Post Malone,1,2.0
2024-08-12,SZA,1,2.0
2024-08-12,Taylor Swift,12,24.0
2024-08-12,Travis Scott,6,12.0
2024-08-12,Travis Scott & Bad Bunny & The Weeknd,1,2.0
2024-08-12,"Tyler, The Creator",1,2.0
2024-08-12,Yng Lvcas & Peso Pluma,1,2.0
2024-08-12,Zach Bryan,1,2.0
2024-08-13,Bad Bunny,1,2.0
2024-08-13,Bailey Zimmerman,1,2.0
2024-08-13,Billie Eilish,1,2.0
2024-08-13,Charli XCX,1,2.0
2024-08-13,Doja Cat,1,2.0
2024-08-13,Dua Lipa,1,2.0
2024-08-13,Eslabon Armado,1,2.0
2024-08-13,Gunna,1,2.0
2024-08-13,Harry Styles,1,2.0
2024-08-13,Ice Spice,1,2.0
2024-08-13,J. Cole,1,2.0
2024-08-13,Jung Kook & Latto,1,2.0
2024-08-13,KAROL G,4,8.0
2024-08-13,Lil Durk,1,2.0
2024-08-13,Luke Combs,1,2.0
2024-08-13,Morgan Wallen,4,8.0
2024-08-13,Myke Towers,1,2.0
2024-08-13,NewJeans,1,2.0
2024-08-13,Nicki Minaj & Ice Spice & Aqua,1,2.0
2024-08-13,Noah Kahan & Post Malone,1,2.0
2024-08-13,Olivia Rodrigo,2,4.0
2024-08-13,Peso Pluma,1,2.0
2024-08-13,PinkPantheress & Ice Spice,1,2.0
2024-08-13,Post Malone,1,2.0
2024-08-13,SZA,1,2.0
2024-08-13,Taylor Swift,8,16.0
2024-08-13,Travis Scott,6,12.0
2024-08-13,Travis Scott & Bad Bunny & The Weeknd,1,2.0
2024-08-13,"Tyler, The Creator",1,2.0
2024-08-13,Yng Lvcas & Peso Pluma,1,2.0
2024-08-13,Zach Bryan,1,2.0
2024-08-14,Bad Bunny,1,2.0
2024-08-14,Bailey Zimmerman,1,2.0
2024-08-14,Billie Eilish,1,2.0
2024-08-14,Charli XCX,1,2.0
2024-08-14,Doja Cat,1,2.0
2024-08-14,Dua Lipa,1,2.0
2024-08-14,Eslabon Armado,1,2.0
2024-08-14,Gunna,1,2.0
2024-08-14,Harry Styles,1,2.0
2024-08-14,Ice Spice,1,2.0
2024-08-14,J. Cole,1,2.0
2024-08-14,Jung Kook & Latto,1,2.0
2024-08-14,KAROL G,1,2.0
2024-08-14,Kali Uchis,1,2.0
2024-08-14,Laufey,1,2.0
2024-08-14,Lil Durk,1,2.0
2024-08-14,Luke Combs,1,2.0
2024-08-14,Morgan Wallen,4,8.0
2024-08-14,Myke Towers,1,2.0
2024-08-14,NLE Choppa,1,2.0
2024-08-14,NewJeans,1,2.0
2024-08-14,Nicki Minaj & Ice Spice & Aqua,1,2.0
2024-08-14,Oliver Anthony Music,1,2.0
2024-08-14,Olivia Rodrigo,2,4.0
2024-08-14,Peso Pluma,1,2.0
2024-08-14,PinkPantheress & Ice Spice,1,2.0
2024-08-14,Post Malone,1,2.0
2024-08-14,SZA,2,4.0
2024-08-14,Taylor Swift,7,14.000000000000002
2024-08-14,Travis Scott,6,12.0
2024-08-14,Travis Scott & Bad Bunny & The Weeknd,1,2.0
2024-08-14,"Tyler, The Creator",1,2.0
2024-08-14,Yng Lvcas & Peso Pluma,1,2.0
2024-08-14,Zach Bryan,1,2.0
2024-08-15,Bad Bunny,1,2.0
2024-08-15,Bailey Zimmerman,1,2.0
2024-08-15,Billie Eilish,1,2.0
2024-08-15,Charli XCX,1,2.0
2024-08-15,Doja Cat,1,2.0
2024-08-15,Dua Lipa,1,2.0
2024-08-15,Eslabon Armado,1,2.0
2024-08-15,Gunna,1,2.0
2024-08-15,Harry Styles,1,2.0
2024-08-15,Ice Spice,1,2.0
2024-08-15,J. Cole,1,2.0
2024-08-15,Jung Kook & Latto,1,2.0
2024-08-15,KAROL G,1,2.0
2024-08-15,Kali Uchis,1,2.0
2024-08-15,Laufey,1,2.0
2024-08-15,Lil Durk,1,2.0
2024-08-15,Luke Combs,1,2.0
2024-08-15,Morgan Wallen,4,8.0
2024-08-15,Myke Towers,1,2.0
2024-08-15,NLE Choppa,1,2.0
2024-08-15,NewJeans,1,2.0
2024-08-15,Nicki Minaj & Ice Spice & Aqua,1,2.0
2024-08-15,Oliver Anthony Music,1,2.0
2024-08-15,Olivia Rodrigo,2,4.0
2024-08-15,Peso Pluma,1,2.0
2024-08-15,PinkPantheress & Ice Spice,1,2.0
2024-08-15,Post Malone,1,2.0
2024-08-15,SZA,2,4.0
2024-08-15,Taylor Swift,7,14.000000000000002
2024-08-15,Travis Scott,6,12.0
2024-08-15,Travis Scott & Bad Bunny & The Weeknd,1,2.0
2024-08-15,"Tyler, The Creator",1,2.0
2024-08-15,Yng Lvcas & Peso Pluma,1,2.0
2024-08-15,Zach Bryan,1,2.0
2024-08-16,Bailey Zimmerman,1,2.0
2024-08-16,Billie Eilish,1,2.0
2024-08-16,Charli XCX,1,2.0
2024-08-16,Doja Cat,1,2.0
2024-08-16,Drake,1,2.0
2024-08-16,Dua Lipa,1,2.0
2024-08-16,Eslabon Armado,1,2.0
2024-08-16,Gunna,1,2.0
2024-08-16,Harry Styles,1,2.0
2024-08-16,Ice Spice,1,2.0
2024-08-16,J. Cole,1,2.0
2024-08-16,Jung Kook & Latto,1,2.0
2024-08-16,KAROL G,2,4.0
2024-08-16,Kali Uchis,1,2.0
2024-08-16,Lil Durk,1,2.0
2024-08-16,Luke Combs,1,2.0
2024-08-16,Morgan Wallen,4,8.0
2024-08-16,Myke Towers,1,2.0
2024-08-16,NewJeans,1,2.0
2024-08-16,Nicki Minaj & Ice Spice & Aqua,1,2.0
2024-08-16,Noah Kahan & Post Malone,1,2.0
2024-08-16,Oliver Anthony Music,1,2.0
2024-08-16,Olivia Rodrigo,2,4.0
2024-08-16,Peso Pluma,1,2.0
2024-08-16,PinkPantheress & Ice Spice,1,2.0
2024-08-16,Post Malone,1,2.0
2024-08-16,SZA,2,4.0
2024-08-16,Taylor Swift,7,14.000000000000002
2024-08-16,Travis Scott,6,12.0
2024-08-16,Travis Scott & Bad Bunny & The Weeknd,1,2.0
2024-08-16,"Tyler, The Creator",1,2.0
2024-08-16,Yng Lvcas & Peso Pluma,1,2.0
2024-08-16,Zach Bryan,1,2.0
2024-08-17,Bailey Zimmerman,1,2.0
2024-08-17,Billie Eilish,1,2.0
2024-08-17,Charli XCX,1,2.0
2024-08-17,Doja Cat,1,2.0
2024-08-17,Drake,2,4.0
2024-08-17,Dua Lipa,1,2.0
2024-08-17,Eslabon Armado,1,2.0
2024-08-17,Gunna,1,2.0
2024-08-17,Harry Styles,1,2.0
2024-08-17,Ice Spice,1,2.0
2024-08-17,J. Cole,1,2.0
2024-08-17,Jung Kook & Latto,1,2.0
2024-08-17,KAROL G,1,2.0
2024-08-17,Kali Uchis,1,2.0
2024-08-17,Lil Durk,1,2.0
2024-08-17,Luke Combs,1,2.0
2024-08-17,Morgan Wallen,4,8.0
2024-08-17,Myke Towers,1,2.0
2024-08-17,NewJeans,1,2.0
2024-08-17,Nicki Minaj & Ice Spice & Aqua,1,2.0
2024-08-17,Noah Kahan & Post Malone,1,2.0
2024-08-17,Oliver Anthony Music,1,2.0
2024-08-17,Olivia Rodrigo,2,4.0
2024-08-17,Peso Pluma,1,2.0
2024-08-17,PinkPantheress & Ice Spice,1,2.0
2024-08-17,Post Malone,1,2.0
2024-08-17,SZA,2,4.0
2024-08-17,Taylor Swift,7,14.000000000000002
2024-08-17,Travis Scott,6,12.0
2024-08-17,Travis Scott & Bad Bunny & The Weeknd,1,2.0
2024-08-17,"Tyler, The Creator",1,2.0
2024-08-17,Yng Lvcas & Peso Pluma,1,2.0
2024-08-17,Zach Bryan,1,2.0
2024-08-18,Bad Bunny,1,2.0
2024-08-18,Bailey Zimmerman,1,2.0
2024-08-18,Billie Eilish,1,2.0
2024-08-18,Charli XCX,1,2.0
2024-08-18,Doja Cat,1,2.0
2024-08-18,Drake,2,4.0
2024-08-18,Dua Lipa,1,2.0
2024-08-18,Eslabon Armado,1,2.0
2024-08-18,Gunna,1,2.0
2024-08-18,Harry Styles,1,2.0
2024-08-18,Ice Spice,1,2.0
2024-08-18,J. Cole,1,2.0
2024-08-18,Jung Kook & Latto,1,2.0
2024-08-18,KAROL G,2,4.0
2024-08-18,Lil Durk,1,2.0
2024-08-18,Luke Combs,1,2.0
2024-08-18,Morgan Wallen,4,8.0
2024-08-18,Myke Towers,1,2.0
2024-08-18,NewJeans,1,2.0
2024-08-18,Nicki Minaj & Ice Spice & Aqua,1,2.0
2024-08-18,Noah Kahan & Post Malone,1,2.0
2024-08-18,Oliver Anthony Music,1,2.0
2024-08-18,Olivia Rodrigo,2,4.0
2024-08-18,Peso Pluma,1,2.0
2024-08-18,PinkPantheress & Ice Spice,1,2.0
2024-08-18,SZA,2,4.0
2024-08-18,Taylor Swift,7,14.000000000000002
2024-08-18,Travis Scott,6,12.0
2024-08-18,Travis Scott & Bad Bunny & The Weeknd,1,2.0
2024-08-18,"Tyler, The Creator",1,2.0
2024-08-18,Yng Lvcas & Peso Pluma,1,2.0
2024-08-18,Zach Bryan,1,2.0
2024-08-19,Bad Bunny,1,2.0
2024-08-19,Bailey Zimmerman,1,2.0
2024-08-19,Billie Eilish,1,2.0
2024-08-19,Charli XCX,1,2.0
2024-08-19,Doja Cat,1,2.0
2024-08-19,Drake,2,4.0
2024-08-19,Dua Lipa,1,2.0
2024-08-19,Eslabon Armado,1,2.0
2024-08-19,Fuerza Regida,1,2.0
2024-08-19,Gunna,1,2.0
2024-08-19,Harry Styles,1,2.0
2024-08-19,Ice Spice,1,2.0
2024-08-19,J. Cole,1,2.0
2024-08-19,Jung Kook & Latto,1,2.0
2024-08-19,KAROL G,2,4.0
2024-08-19,Lil Durk,1,2.0
2024-08-19,Luke Combs,1,2.0
2024-08-19,Morgan Wallen,4,8.0
2024-08-19,Myke Towers,1,2.0
2024-08-19,NewJeans,1,2.0
2024-08-19,Nicki Minaj & Ice Spice & Aqua,1,2.0
2024-08-19,Noah Kahan & Post Malone,1,2.0
2024-08-19,Oliver Anthony Music,1,2.0
2024-08-19,Olivia Rodrigo,2,4.0
2024-08-19,Peso Pluma,1,2.0
2024-08-19,PinkPantheress & Ice Spice,1,2.0
2024-08-19,Rod Wave,1,2.0
2024-08-19,SZA,2,4.0
2024-08-19,Taylor Swift,7,14.000000000000002
2024-08-19,Travis Scott,4,8.0
2024-08-19,Travis Scott & Bad Bunny & The Weeknd,1,2.0
2024-08-19,"Tyler, The Creator",1,2.0
2024-08-19,Yng Lvcas & Peso Pluma,1,2.0
2024-08-19,Zach Bryan,1,2.0
2024-08-20,Bad Bunny,1,2.0
2024-08-20,Bailey Zimmerman,1,2.0
2024-08-20,Billie Eilish,1,2.0
2024-08-20,Charli XCX,1,2.0
2024-08-20,Doja Cat,1,2.0
2024-08-20,Drake,1,2.0
2024-08-20,Dua Lipa,1,2.0
2024-08-20,Eslabon Armado,1,2.0
2024-08-20,Fuerza Regida,1,2.0
2024-08-20,Grupo Frontera,1,2.0
2024-08-20,Gunna,1,2.0
2024-08-20,Harry Styles,1,2.0
2024-08-20,Ice Spice,1,2.0
2024-08-20,J. Cole,1,2.0
2024-08-20,Jung Kook & Latto,1,2.0
2024-08-20,KAROL G,2,4.0
2024-08-20,Lil Durk,1,2.0
2024-08-20,Luke Combs,1,2.0
2024-08-20,Morgan Wallen,4,8.0
2024-08-20,Myke Towers,1,2.0
2024-08-20,NewJeans,1,2.0
2024-08-20,Nicki Minaj & Ice Spice & Aqua,1,2.0
2024-08-20,Noah Kahan & Post Malone,1,2.0
2024-08-20,Oliver Anthony Music,1,2.0
2024-08-20,Olivia Rodrigo,2,4.0
2024-08-20,Peso Pluma,2,4.0
2024-08-20,PinkPantheress & Ice Spice,1,2.0
2024-08-20,Post Malone,1,2.0
2024-08-20,SZA,2,4.0
2024-08-20,Taylor Swift,6,12.0
2024-08-20,Travis Scott,4,8.0
2024-08-20,Travis Scott & Bad Bunny & The Weeknd,1,2.0
2024-08-20,"Tyler, The Creator",1,2.0
2024-08-20,Yng Lvcas & Peso Pluma,1,2.0
2024-08-20,Zach Bryan,1,2.0
2024-08-21,Bad Bunny,1,2.0
2024-08-21,Bailey Zimmerman,1,2.0
2024-08-21,Billie Eilish,1,2.0
2024-08-21,Charli XCX,1,2.0
2024-08-21,Doja Cat,1,2.0
2024-08-21,Drake,2,4.0
2024-08-21,Dua Lipa,1,2.0
2024-08-21,Eslabon Armado,1,2.0
2024-08-21,Fuerza Regida,1,2.0
2024-08-21,Gunna,1,2.0
2024-08-21,Harry Styles,1,2.0
2024-08-21,Ice Spice,1,2.0
2024-08-21,J. Cole,1,2.0
2024-08-21,Jung Kook & Latto,1,2.0
2024-08-21,KAROL G,2,4.0
2024-08-21,Kali Uchis,1,2.0
2024-08-21,Laufey,1,2.0
2024-08-21,Lil Durk,1,2.0
2024-08-21,Luke Combs,1,2.0
2024-08-21,Morgan Wallen,4,8.0
2024-08-21,Myke Towers,1,2.0
2024-08-21,NewJeans,1,2.0
2024-08-21,Nicki Minaj & Ice Spice & Aqua,1,2.0
2024-08-21,Noah Kahan & Post Malone,1,2.0
2024-08-21,Oliver Anthony Music,1,2.0
2024-08-21,Olivia Rodrigo,2,4.0
2024-08-21,Peso Pluma,1,2.0
2024-08-21,PinkPantheress & Ice Spice,1,2.0
2024-08-21,SZA,2,4.0
2024-08-21,Taylor Swift,6,12.0
2024-08-21,Travis Scott,4,8.0
2024-08-21,Travis Scott & Bad Bunny & The Weeknd,1,2.0
2024-08-21,"Tyler, The Creator",1,2.0
2024-08-21,Yng Lvcas & Peso Pluma,1,2.0
2024-08-21,Zach Bryan,1,2.0
2024-08-22,Bad Bunny,1,2.0
2024-08-22,Bailey Zimmerman,1,2.0
2024-08-22,Billie Eilish,1,2.0
2024-08-22,Charli XCX,1,2.0
2024-08-22,Doja Cat,1,2.0
2024-08-22,Drake,2,4.0
2024-08-22,Dua Lipa,1,2.0
2024-08-22,Eslabon Armado,1,2.0
2024-08-22,Fuerza Regida,1,2.0
2024-08-22,Gunna,1,2.0
2024-08-22,Harry Styles,1,2.0
2024-08-22,Ice Spice,1,2.0
2024-08-22,J. Cole,1,2.0
2024-08-22,Jung Kook & Latto,1,2.0
2024-08-22,KAROL G,2,4.0
2024-08-22,Kali Uchis,1,2.0
2024-08-22,Laufey,1,2.0
2024-08-22,Lil Durk,1,2.0
2024-08-22,Luke Combs,1,2.0
2024-08-22,Morgan Wallen,4,8.0
2024-08-22,Myke Towers,1,2.0
2024-08-22,NewJeans,1,2.0
2024-08-22,Nicki Minaj & Ice Spice & Aqua,1,2.0
2024-08-22,Noah Kahan & Post Malone,1,2.0
2024-08-22,Oliver Anthony Music,1,2.0
2024-08-22,Olivia Rodrigo,2,4.0
2024-08-22,Peso Pluma,1,2.0
2024-08-22,PinkPantheress & Ice Spice,1,2.0
2024-08-22,SZA,2,4.0
2024-08-22,Taylor Swift,6,12.0
2024-08-22,Travis Scott,4,8.0
2024-08-22,Travis Scott & Bad Bunny & The Weeknd,1,2.0
2024-08-22,"Tyler, The Creator",1,2.0
2024-08-22,Yng Lvcas & Peso Pluma,1,2.0
2024-08-22,Zach Bryan,1,2.0
2024-08-23,Bad Bunny,1,2.0
2024-08-23,Bailey Zimmerman,1,2.0
2024-08-23,Billie Eilish,1,2.0
2024-08-23,Charli XCX,1,2.0
2024-08-23,Doja Cat,1,2.0
2024-08-23,Drake,2,4.0
2024-08-23,Dua Lipa,1,2.0
2024-08-23,Eslabon Armado,1,2.0
2024-08-23,Fuerza Regida,1,2.0
2024-08-23,Gunna,1,2.0
2024-08-23,Harry Styles,1,2.0
2024-08-23,Ice Spice,1,2.0
2024-08-23,J. Cole,1,2.0
2024-08-23,Jung Kook & Latto,1,2.0
2024-08-23,KAROL G,2,4.0
2024-08-23,Kali Uchis,1,2.0
2024-08-23,Laufey,1,2.0
2024-08-23,Lil Durk,1,2.0
2024-08-23,Luke Combs,1,2.0
2024-08-23,Morgan Wallen,4,8.0
2024-08-23,Myke Towers,1,2.0
2024-08-23,NewJeans,1,2.0
2024-08-23,Nicki Minaj & Ice Spice & Aqua,1,2.0
2024-08-23,Noah Kahan & Post Malone,1,2.0
2024-08-23,Oliver Anthony Music,1,2.0
2024-08-23,Olivia Rodrigo,2,4.0
2024-08-23,Peso Pluma,1,2.0
2024-08-23,PinkPantheress & Ice Spice,1,2.0
2024-08-23,Post Malone,1,2.0
2024-08-23,SZA,2,4.0
2024-08-23,Taylor Swift,5,10.0
2024-08-23,Travis Scott,4,8.0
2024-08-23,Travis Scott & Bad Bunny & The Weeknd,1,2.0
2024-08-23,"Tyler, The Creator",1,2.0
2024-08-23,Yng Lvcas & Peso Pluma,1,2.0
2024-08-23,Zach Bryan,1,2.0
2024-08-24,Bad Bunny,1,2.0
2024-08-24,Bailey Zimmerman,1,2.0
2024-08-24,Billie Eilish,1,2.0
2024-08-24,David Kushner,1,2.0
2024-08-24,Doja Cat,1,2.0
2024-08-24,Drake,2,4.0
2024-08-24,Dua Lipa,1,2.0
2024-08-24,Eslabon Armado,1,2.0
2024-08-24,Frank Ocean,1,2.0
2024-08-24,Fuerza Regida,1,2.0
2024-08-24,Gunna,1,2.0
2024-08-24,Harry Styles,1,2.0
2024-08-24,Ice Spice,1,2.0
2024-08-24,J. Cole,1,2.0
2024-08-24,Jung Kook & Latto,1,2.0
2024-08-24,KAROL G,2,4.0
2024-08-24,Kali Uchis,1,2.0
2024-08-24,Laufey,1,2.0
2024-08-24,Lil Durk,1,2.0
2024-08-24,Luke Combs,1,2.0
2024-08-24,Morgan Wallen,4,8.0
2024-08-24,Myke Towers,1,2.0
2024-08-24,NewJeans,1,2.0
2024-08-24,Nicki Minaj & Ice Spice & Aqua,1,2.0
2024-08-24,Noah Kahan & Post Malone,1,2.0
2024-08-24,Oliver Anthony Music,1,2.0
2024-08-24,Olivia Rodrigo,2,4.0
2024-08-24,Peso Pluma,1,2.0
2024-08-24,PinkPantheress & Ice Spice,1,2.0
2024-08-24,SZA,2,4.0
2024-08-24,Taylor Swift,5,10.0
2024-08-24,Travis Scott,4,8.0
2024-08-24,Travis Scott & Bad Bunny & The Weeknd,1,2.0
2024-08-24,"Tyler, The Creator",1,2.0
2024-08-24,Yng Lvcas & Peso Pluma,1,2.0
2024-08-24,Zach Bryan,1,2.0
2024-08-25,Bad Bunny,1,2.0
2024-08-25,Bailey Zimmerman,1,2.0
2024-08-25,Billie Eilish,1,2.0
2024-08-25,David Kushner,1,2.0
2024-08-25,Doja Cat,1,2.0
2024-08-25,Drake,2,4.0
2024-08-25,Dua Lipa,1,2.0
2024-08-25,Eslabon Armado,1,2.0
2024-08-25,Frank Ocean,1,2.0
2024-08-25,Grupo Frontera,1,2.0
2024-08-25,Gunna,1,2.0
2024-08-25,Harry Styles,1,2.0
2024-08-25,Ice Spice,1,2.0
2024-08-25,J. Cole,1,2.0
2024-08-25,Jung Kook & Latto,1,2.0
2024-08-25,KAROL G,2,4.0
2024-08-25,Kali Uchis,1,2.0
2024-08-25,Kendrick Lamar,1,2.0
2024-08-25,Laufey,1,2.0
2024-08-25,Lil Durk,1,2.0
2024-08-25,Luke Combs,1,2.0
2024-08-25,Morgan Wallen,4,8.0
2024-08-25,Myke Towers,1,2.0
2024-08-25,NewJeans,1,2.0
2024-08-25,Nicki Minaj & Ice Spice & Aqua,1,2.0
2024-08-25,Noah Kahan & Post Malone,1,2.0
2024-08-25,Oliver Anthony Music,1,2.0
2024-08-25,Olivia Rodrigo,2,4.0
2024-08-25,Peso Pluma,1,2.0
2024-08-25,PinkPantheress & Ice Spice,1,2.0
2024-08-25,SZA,2,4.0
2024-08-25,Taylor Swift,5,10.0
2024-08-25,Travis Scott,4,8.0
2024-08-25,"Tyler, The Creator",1,2.0
2024-08-25,Yng Lvcas & Peso Pluma,1,2.0
2024-08-25,Zach Bryan,1,2.0
2024-08-26,Bailey Zimmerman,1,2.0
2024-08-26,Billie Eilish,1,2.0
2024-08-26,Doja Cat,1,2.0
2024-08-26,Dua Lipa,1,2.0
2024-08-26,Eslabon Armado,1,2.0
2024-08-26,Grupo Frontera,1,2.0
2024-08-26,Gunna,1,2.0
2024-08-26,J. Cole,1,2.0
2024-08-26,Jung Kook & Latto,1,2.0
2024-08-26,KAROL G,2,4.0
2024-08-26,Luke Combs,1,2.0
2024-08-26,Miley Cyrus,1,2.0
2024-08-26,Morgan Wallen,3,6.0
2024-08-26,Myke Towers,1,2.0
2024-08-26,Nicki Minaj & Ice Spice & Aqua,1,2.0
2024-08-26,Oliver Anthony Music,1,2.0
2024-08-26,Olivia Rodrigo,2,4.0
2024-08-26,Peso Pluma,1,2.0
2024-08-26,SZA,2,4.0
2024-08-26,Selena Gomez,1,2.0
2024-08-26,Taylor Swift,2,4.0
2024-08-26,Travis Scott,4,8.0
2024-08-26,"Tyler, The Creator",1,2.0
2024-08-26,Zach Bryan,18,36.0
2024-08-27,Bailey Zimmerman,1,2.0
2024-08-27,Billie Eilish,1,2.0
2024-08-27,Doja Cat,1,2.0
2024-08-27,Dua Lipa,1,2.0
2024-08-27,Eslabon Armado,1,2.0
2024-08-27,Grupo Frontera,1,2.0
2024-08-27,Gunna,1,2.0
2024-08-27,J. Cole,1,2.0
2024-08-27,Jung Kook & Latto,1,2.0
2024-08-27,KAROL G,2,4.0
2024-08-27,Luke Combs,1,2.0
2024-08-27,Miley Cyrus,1,2.0
2024-08-27,Morgan Wallen,3,6.0
2024-08-27,Myke Towers,1,2.0
2024-08-27,Nicki Minaj & Ice Spice & Aqua,1,2.0
2024-08-27,Oliver Anthony Music,1,2.0
2024-08-27,Olivia Rodrigo,2,4.0
2024-08-27,Peso Pluma,1,2.0
2024-08-27,SZA,2,4.0
2024-08-27,Selena Gomez,1,2.0
2024-08-27,Taylor Swift,2,4.0
2024-08-27,Travis Scott,4,8.0
2024-08-27,"Tyler, The Creator",1,2.0
2024-08-27,Yng Lvcas & Peso Pluma,1,2.0
2024-08-27,Zach Bryan,17,34.0
2024-08-28,Bailey Zimmerman,1,2.0
2024-08-28,Billie Eilish,1,2.0
2024-08-28,Doja Cat,1,2.0
2024-08-28,Dua Lipa,1,2.0
2024-08-28,Eslabon Armado,1,2.0
2024-08-28,Grupo Frontera,1,2.0
2024-08-28,Gunna,1,2.0
2024-08-28,J. Cole,1,2.0
2024-08-28,Jung Kook & Latto,1,2.0
2024-08-28,KAROL G,1,2.0
2024-08-28,Kali Uchis,1,2.0
2024-08-28,Luke Combs,1,2.0
2024-08-28,Miley Cyrus,1,2.0
2024-08-28,Morgan Wallen,3,6.0
2024-08-28,Nicki Minaj & Ice Spice & Aqua,1,2.0
2024-08-28,Oliver Anthony Music,1,2.0
2024-08-28,Olivia Rodrigo,2,4.0
2024-08-28,Peso Pluma,1,2.0
2024-08-28,SZA,2,4.0
2024-08-28,Selena Gomez,1,2.0
2024-08-28,Taylor Swift,3,6.0
2024-08-28,Travis Scott,4,8.0
2024-08-28,"Tyler, The Creator",1,2.0
2024-08-28,Zach Bryan,18,36.0
2024-08-29,Bailey Zimmerman,1,2.0
2024-08-29,Billie Eilish,1,2.0
2024-08-29,Doja Cat,1,2.0
2024-08-29,Dua Lipa,1,2.0
2024-08-29,Eslabon Armado,1,2.0
2024-08-29,Frank Ocean,1,2.0
2024-08-29,Grupo Frontera,1,2.0
2024-08-29,Gunna,1,2.0
2024-08-29,J. Cole,1,2.0
2024-08-29,Jung Kook & Latto,1,2.0
2024-08-29,KAROL G,1,2.0
2024-08-29,Kali Uchis,1,2.0
2024-08-29,Luke Combs,1,2.0
2024-08-29,Miley Cyrus,1,2.0
2024-08-29,Morgan Wallen,3,6.0
2024-08-29,Nicki Minaj & Ice Spice & Aqua,1,2.0
2024-08-29,Oliver Anthony Music,1,2.0
2024-08-29,Olivia Rodrigo,2,4.0
2024-08-29,Peso Pluma,1,2.0
2024-08-29,SZA,2,4.0
2024-08-29,Selena Gomez,1,2.0
2024-08-29,Taylor Swift,2,4.0
2024-08-29,Travis Scott,4,8.0
2024-08-29,"Tyler, The Creator",1,2.0
2024-08-29,Zach Bryan,18,36.0
2024-08-30,Bailey Zimmerman,1,2.0
2024-08-30,Billie Eilish,1,2.0
2024-08-30,Doja Cat,1,2.0
2024-08-30,Drake,1,2.0
2024-08-30,Dua Lipa,1,2.0
2024-08-30,Eslabon Armado,1,2.0
2024-08-30,Frank Ocean,1,2.0
2024-08-30,Grupo Frontera,1,2.0
2024-08-30,Gunna,1,2.0
2024-08-30,J. Cole,1,2.0
2024-08-30,Jung Kook & Latto,1,2.0
2024-08-30,KAROL G,1,2.0
2024-08-30,Luke Combs,1,2.0
2024-08-30,Miley Cyrus,1,2.0
2024-08-30,Morgan Wallen,3,6.0
2024-08-30,Nicki Minaj & Ice Spice & Aqua,1,2.0
2024-08-30,Oliver Anthony Music,1,2.0
2024-08-30,Olivia Rodrigo,2,4.0
2024-08-30,Peso Pluma,1,2.0
2024-08-30,SZA,2,4.0
2024-08-30,Selena Gomez,1,2.0
2024-08-30,Taylor Swift,2,4.0
2024-08-30,Travis Scott,4,8.0
2024-08-30,"Tyler, The Creator",1,2.0
2024-08-30,Zach Bryan,18,36.0
2024-08-31,Bailey Zimmerman,1,2.0
2024-08-31,Billie Eilish,1,2.0
2024-08-31,Doja Cat,1,2.0
2024-08-31,Drake,1,2.0
2024-08-31,Dua Lipa,1,2.0
2024-08-31,Eslabon Armado,1,2.0
2024-08-31,Frank Ocean,1,2.0
2024-08-31,Grupo Frontera,1,2.0
2024-08-31,Gunna,1,2.0
2024-08-31,J. Cole,1,2.0
2024-08-31,Jung Kook & Latto,1,2.0
2024-08-31,KAROL G,1,2.0
2024-08-31,Luke Combs,1,2.0
2024-08-31,Miley Cyrus,1,2.0
2024-08-31,Morgan Wallen,3,6.0
2024-08-31,Nicki Minaj & Ice Spice & Aqua,1,2.0
2024-08-31,Oliver Anthony Music,1,2.0
2024-08-31,Olivia Rodrigo,2,4.0
2024-08-31,Peso Pluma,1,2.0
2024-08-31,SZA,2,4.0
2024-08-31,Selena Gomez,1,2.0
2024-08-31,Taylor Swift,2,4.0
2024-08-31,Travis Scott,4,8.0
2024-08-31,"Tyler, The Creator",1,2.0
2024-08-31,Zach Bryan,18,36.0
2024-09-01,Bailey Zimmerman,1,2.0
2024-09-01,Billie Eilish,1,2.0
2024-09-01,Doja Cat,1,2.0
2024-09-01,Drake,1,2.0
2024-09-01,Dua Lipa,1,2.0
2024-09-01,Eslabon Armado,1,2.0
2024-09-01,Frank Ocean,1,2.0
2024-09-01,Grupo Frontera,1,2.0
2024-09-01,Gunna,1,2.0
2024-09-01,J. Cole,1,2.0
2024-09-01,Jung Kook & Latto,1,2.0
2024-09-01,KAROL G,1,2.0
2024-09-01,Luke Combs,1,2.0
2024-09-01,Miley Cyrus,1,2.0
2024-09-01,Morgan Wallen,3,6.0
2024-09-01,Nicki Minaj & Ice Spice & Aqua,1,2.0
2024-09-01,Oliver Anthony Music,1,2.0
2024-09-01,Olivia Rodrigo,2,4.0
2024-09-01,Peso Pluma,1,2.0
2024-09-01,SZA,2,4.0
2024-09-01,Selena Gomez,1,2.0
2024-09-01,Taylor Swift,3,6.0
2024-09-01,Travis Scott,4,8.0
2024-09-01,"Tyler, The Creator",1,2.0
2024-09-01,Zach Bryan,16,32.0
2024-09-01,Zach Bryan & Maggie Rogers,1,2.0
2024-09-02,Bailey Zimmerman,1,2.0
2024-09-02,Billie Eilish,1,2.0
2024-09-02,Doja Cat,1,2.0
2024-09-02,Drake,1,2.0
2024-09-02,Dua Lipa,1,2.0
2024-09-02,Eslabon Armado,1,2.0
2024-09-02,Frank Ocean,1,2.0
2024-09-02,Grupo Frontera,1,2.0
2024-09-02,Gunna,1,2.0
2024-09-02,J. Cole,1,2.0
2024-09-02,Jung Kook & Latto,1,2.0
2024-09-02,KAROL G,1,2.0
2024-09-02,Luke Combs,1,2.0
2024-09-02,Miley Cyrus,1,2.0
2024-09-02,Morgan Wallen,3,6.0
2024-09-02,Nicki Minaj & Ice Spice & Aqua,1,2.0
2024-09-02,Oliver Anthony Music,1,2.0
2024-09-02,Olivia Rodrigo,2,4.0
2024-09-02,Peso Pluma,1,2.0
2024-09-02,SZA,2,4.0
2024-09-02,Selena Gomez,1,2.0
2024-09-02,Taylor Swift,3,6.0
2024-09-02,Travis Scott,4,8.0
2024-09-02,"Tyler, The Creator",1,2.0
2024-09-02,Zach Bryan,16,32.0
2024-09-02,Zach Bryan & Maggie Rogers,1,2.0
2024-09-03,Alan Jackson,1,2.0
2024-09-03,Bailey Zimmerman,1,2.0
2024-09-03,Billie Eilish,1,2.0
2024-09-03,Doja Cat,2,4.0
2024-09-03,Dua Lipa,1,2.0
2024-09-03,Eslabon Armado,1,2.0
2024-09-03,Gunna,1,2.0
2024-09-03,J. Cole,1,2.0
2024-09-03,Jimmy Buffett,4,8.0
2024-09-03,Jung Kook & Latto,1,2.0
2024-09-03,KAROL G,1,2.0
2024-09-03,Kali Uchis,1,2.0
2024-09-03,Luke Combs,1,2.0
2024-09-03,Miley Cyrus,1,2.0
2024-09-03,Morgan Wallen,4,8.0
2024-09-03,Myke Towers,1,2.0
2024-09-03,Nicki Minaj,1,2.0
2024-09-03,Nicki Minaj & Ice Spice & Aqua,1,2.0
2024-09-03,Oliver Anthony Music,1,2.0
2024-09-03,Olivia Rodrigo,2,4.0
2024-09-03,Peso Pluma,1,2.0
2024-09-03,SZA,2,4.0
2024-09-03,Selena Gomez,1,2.0
2024-09-03,Taylor Swift,3,6.0
2024-09-03,Travis Scott,4,8.0
2024-09-03,"Tyler, The Creator",1,2.0
2024-09-03,Yng Lvcas & Peso Pluma,1,2.0
2024-09-03,Zac Brown Band,1,2.0
2024-09-03,Zach Bryan,8,16.0
2024-09-04,Alan Jackson,1,2.0
2024-09-04,Bailey Zimmerman,1,2.0
2024-09-04,Billie Eilish,1,2.0
2024-09-04,Doja Cat,2,4.0
2024-09-04,Drake,1,2.0
2024-09-04,Dua Lipa,1,2.0
2024-09-04,Eslabon Armado,1,2.0
2024-09-04,Frank Ocean,1,2.0
2024-09-04,Gunna,1,2.0
2024-09-04,J. Cole,1,2.0
2024-09-04,Jimmy Buffett,2,4.0
2024-09-04,Jung Kook & Latto,1,2.0
2024-09-04,KAROL G,1,2.0
2024-09-04,Kali Uchis,1,2.0
2024-09-04,Luke Combs,1,2.0
2024-09-04,Miley Cyrus,1,2.0
2024-09-04,Morgan Wallen,4,8.0
2024-09-04,Myke Towers,1,2.0
2024-09-04,NewJeans,1,2.0
2024-09-04,Nicki Minaj,1,2.0
2024-09-04,Nicki Minaj & Ice Spice & Aqua,1,2.0
2024-09-04,Oliver Anthony Music,1,2.0
2024-09-04,Olivia Rodrigo,2,4.0
2024-09-04,Peso Pluma,1,2.0
2024-09-04,SZA,2,4.0
2024-09-04,Taylor Swift,3,6.0
2024-09-04,Travis Scott,4,8.0
2024-09-04,"Tyler, The Creator",1,2.0
2024-09-04,Yng Lvcas & Peso Pluma,1,2.0
2024-09-04,Zac Brown Band,1,2.0
2024-09-04,Zach Bryan,8,16.0
2024-09-05,Bailey Zimmerman,1,2.0
2024-09-05,Billie Eilish,1,2.0
2024-09-05,Doja Cat,2,4.0
2024-09-05,Drake,1,2.0
2024-09-05,Dua Lipa,1,2.0
2024-09-05,Eslabon Armado,1,2.0
2024-09-05,Frank Ocean,1,2.0
2024-09-05,Gunna,1,2.0
2024-09-05,J. Cole,1,2.0
2024-09-05,Jimmy Buffett,1,2.0
2024-09-05,Jung Kook & Latto,1,2.0
2024-09-05,KAROL G,1,2.0
2024-09-05,Kali Uchis,1,2.0
2024-09-05,Luke Combs,1,2.0
2024-09-05,Miley Cyrus,1,2.0
2024-09-05,Morgan Wallen,4,8.0
2024-09-05,Myke Towers,1,2.0
2024-09-05,NewJeans,1,2.0
2024-09-05,Nicki Minaj & Ice Spice & Aqua,1,2.0
2024-09-05,Oliver Anthony Music,1,2.0
2024-09-05,Olivia Rodrigo,2,4.0
2024-09-05,Peso Pluma,1,2.0
2024-09-05,PinkPantheress & Ice Spice,1,2.0
2024-09-05,SZA,2,4.0
2024-09-05,Taylor Swift,4,8.0
2024-09-05,Travis Scott,4,8.0
2024-09-05,"Tyler, The Creator",1,2.0
2024-09-05,Yng Lvcas & Peso Pluma,1,2.0
2024-09-05,Zach Bryan,10,20.0
2024-09-06,Bailey Zimmerman,1,2.0
2024-09-06,Billie Eilish,1,2.0
2024-09-06,Doja Cat,2,4.0
2024-09-06,Drake,1,2.0
2024-09-06,Dua Lipa,1,2.0
2024-09-06,Eslabon Armado,1,2.0
2024-09-06,Frank Ocean,1,2.0
2024-09-06,Gunna,1,2.0
2024-09-06,J. Cole,1,2.0
2024-09-06,Jung Kook & Latto,1,2.0
2024-09-06,KAROL G,1,2.0
2024-09-06,Kali Uchis,1,2.0
2024-09-06,Luke Combs,1,2.0
2024-09-06,Miley Cyrus,1,2.0
2024-09-06,Morgan Wallen,4,8.0
2024-09-06,Myke Towers,1,2.0
2024-09-06,Nicki Minaj,1,2.0
2024-09-06,Nicki Minaj & Ice Spice & Aqua,1,2.0
2024-09-06,Oliver Anthony Music,1,2.0
2024-09-06,Olivia Rodrigo,2,4.0
2024-09-06,Peso Pluma,1,2.0
2024-09-06,SZA,2,4.0
2024-09-06,Selena Gomez,1,2.0
2024-09-06,Taylor Swift,3,6.0
2024-09-06,Travis Scott,4,8.0
2024-09-06,"Tyler, The Creator",1,2.0
2024-09-06,Yng Lvcas & Peso Pluma,1,2.0
2024-09-06,Zach Bryan,12,24.0
2024-09-07,Bailey Zimmerman,1,2.0
2024-09-07,Billie Eilish,1,2.0
2024-09-07,Doja Cat,2,4.0
2024-09-07,Drake,1,2.0
2024-09-07,Dua Lipa,1,2.0
2024-09-07,Eslabon Armado,1,2.0
2024-09-07,Frank Ocean,1,2.0
2024-09-07,Gunna,1,2.0
2024-09-07,J. Cole,1,2.0
2024-09-07,Jung Kook & Latto,1,2.0
2024-09-07,KAROL G,1,2.0
2024-09-07,Kali Uchis,1,2.0
2024-09-07,Luke Combs,1,2.0
2024-09-07,Miley Cyrus,1,2.0
2024-09-07,Morgan Wallen,4,8.0
2024-09-07,Myke Towers,1,2.0
2024-09-07,Nicki Minaj & Ice Spice & Aqua,1,2.0
2024-09-07,Oliver Anthony Music,1,2.0
2024-09-07,Olivia Rodrigo,2,4.0
2024-09-07,Peso Pluma,1,2.0
2024-09-07,SZA,2,4.0
2024-09-07,Taylor Swift,3,6.0
2024-09-07,Travis Scott,4,8.0
2024-09-07,"Tyler, The Creator",1,2.0
2024-09-07,Yng Lvcas & Peso Pluma,1,2.0
2024-09-07,Zach Bryan,13,26.0
2024-09-07,Zach Bryan & Maggie Rogers,1,2.0
2024-09-08,Bailey Zimmerman,1,2.0
2024-09-08,Billie Eilish,1,2.0
2024-09-08,Doja Cat,2,4.0
2024-09-08,Drake,1,2.0
2024-09-08,Dua Lipa,1,2.0
2024-09-08,Eslabon Armado,1,2.0
2024-09-08,Frank Ocean,1,2.0
2024-09-08,Gunna,1,2.0
2024-09-08,J. Cole,1,2.0
2024-09-08,Jung Kook & Latto,1,2.0
2024-09-08,KAROL G,1,2.0
2024-09-08,Kali Uchis,1,2.0
2024-09-08,Luke Combs,1,2.0
2024-09-08,Miley Cyrus,1,2.0
2024-09-08,Morgan Wallen,4,8.0
2024-09-08,Myke Towers,1,2.0
2024-09-08,Nicki Minaj & Ice Spice & Aqua,1,2.0
2024-09-08,Oliver Anthony Music,1,2.0
2024-09-08,Olivia Rodrigo,2,4.0
2024-09-08,Peso Pluma,1,2.0
2024-09-08,SZA,2,4.0
2024-09-08,Taylor Swift,3,6.0
2024-09-08,Travis Scott,4,8.0
2024-09-08,"Tyler, The Creator",1,2.0
2024-09-08,Yng Lvcas & Peso Pluma,1,2.0
2024-09-08,Zach Bryan,13,26.0
2024-09-08,Zach Bryan & Maggie Rogers,1,2.0
2024-09-09,Bailey Zimmerman,1,2.0
2024-09-09,Billie Eilish,1,2.0
2024-09-09,Doja Cat,2,4.0
2024-09-09,Drake,2,4.0
2024-09-09,Dua Lipa,1,2.0
2024-09-09,Eslabon Armado,1,2.0
2024-09-09,Frank Ocean,1,2.0
2024-09-09,Gunna,1,2.0
2024-09-09,J. Cole,1,2.0
2024-09-09,Jung Kook & Latto,1,2.0
2024-09-09,KAROL G,1,2.0
2024-09-09,Kali Uchis,1,2.0
2024-09-09,Luke Combs,1,2.0
2024-09-09,Miley Cyrus,1,2.0
2024-09-09,Morgan Wallen,4,8.0
2024-09-09,Myke Towers,1,2.0
2024-09-09,NewJeans,1,2.0
2024-09-09,Nicki Minaj & Ice Spice & Aqua,1,2.0
2024-09-09,Oliver Anthony Music,1,2.0
2024-09-09,Olivia Rodrigo,2,4.0
2024-09-09,Peso Pluma,1,2.0
2024-09-09,SZA,2,4.0
2024-09-09,Taylor Swift,3,6.0
2024-09-09,Travis Scott,4,8.0
2024-09-09,"Tyler, The Creator",1,2.0
2024-09-09,Yng Lvcas & Peso Pluma,1,2.0
2024-09-09,Zach Bryan,12,24.0
2024-09-10,Bailey Zimmerman,1,2.0
2024-09-10,Billie Eilish,1,2.0
2024-09-10,Cardi B & Megan Thee Stallion,1,2.0
2024-09-10,Doja Cat,1,2.0
2024-09-10,Drake,1,2.0
2024-09-10,Dua Lipa,1,2.0
2024-09-10,Eslabon Armado,1,2.0
2024-09-10,Gunna,1,2.0
2024-09-10,J. Cole,1,2.0
2024-09-10,Jung Kook & Latto,1,2.0
2024-09-10,KAROL G,1,2.0
2024-09-10,Laufey,1,2.0
2024-09-10,Luke Combs,1,2.0
2024-09-10,Miley Cyrus,1,2.0
2024-09-10,Morgan Wallen,3,6.0
2024-09-10,Myke Towers,1,2.0
2024-09-10,Nicki Minaj & Ice Spice & Aqua,1,2.0
2024-09-10,Oliver Anthony Music,1,2.0
2024-09-10,Olivia Rodrigo,12,24.0
2024-09-10,Peso Pluma,1,2.0
2024-09-10,SZA,2,4.0
2024-09-10,Taylor Swift,2,4.0
2024-09-10,Travis Scott,4,8.0
2024-09-10,"Tyler, The Creator",1,2.0
2024-09-10,Yng Lvcas & Peso Pluma,1,2.0
2024-09-10,Zach Bryan,7,14.000000000000002
2024-09-11,Bailey Zimmerman,1,2.0
2024-09-11,Billie Eilish,1,2.0
2024-09-11,Cardi B & Megan Thee Stallion,1,2.0
2024-09-11,Doja Cat,1,2.0
2024-09-11,Drake,1,2.0
2024-09-11,Dua Lipa,1,2.0
2024-09-11,Eslabon Armado,1,2.0
2024-09-11,Gunna,1,2.0
2024-09-11,J. Cole,1,2.0
2024-09-11,Jung Kook & Latto,1,2.0
2024-09-11,KAROL G,1,2.0
2024-09-11,Laufey,1,2.0
2024-09-11,Luke Combs,1,2.0
2024-09-11,Miley Cyrus,1,2.0
2024-09-11,Morgan Wallen,3,6.0
2024-09-11,Myke Towers,1,2.0
2024-09-11,Nicki Minaj & Ice Spice & Aqua,1,2.0
2024-09-11,Oliver Anthony Music,1,2.0
2024-09-11,Olivia Rodrigo,12,24.0
2024-09-11,Peso Pluma,1,2.0
2024-09-11,SZA,2,4.0
2024-09-11,Taylor Swift,2,4.0
2024-09-11,Travis Scott,4,8.0
2024-09-11,"Tyler, The Creator",1,2.0
2024-09-11,Yng Lvcas & Peso Pluma,1,2.0
2024-09-11,Zach Bryan,7,14.000000000000002
2024-09-12,Bailey Zimmerman,1,2.0
2024-09-12,Billie Eilish,1,2.0
2024-09-12,Cardi B & Megan Thee Stallion,1,2.0
2024-09-12,Doja Cat,1,2.0
2024-09-12,Drake,1,2.0
2024-09-12,Dua Lipa,1,2.0
2024-09-12,Eslabon Armado,1,2.0
2024-09-12,Frank Ocean,1,2.0
2024-09-12,Gunna,1,2.0
2024-09-12,J. Cole,1,2.0
2024-09-12,Jung Kook & Latto,1,2.0
2024-09-12,KAROL G,1,2.0
2024-09-12,Kali Uchis,1,2.0
2024-09-12,Laufey,1,2.0
2024-09-12,Luke Combs,1,2.0
2024-09-12,Morgan Wallen,3,6.0
2024-09-12,Nicki Minaj & Ice Spice & Aqua,1,2.0
2024-09-12,Oliver Anthony Music,1,2.0
2024-09-12,Olivia Rodrigo,12,24.0
2024-09-12,Peso Pluma,1,2.0
2024-09-12,SZA,2,4.0
2024-09-12,Taylor Swift,2,4.0
2024-09-12,The Neighbourhood,1,2.0
2024-09-12,Travis Scott,4,8.0
2024-09-12,"Tyler, The Creator",1,2.0
2024-09-12,Zach Bryan,7,14.000000000000002
2024-09-13,Bailey Zimmerman,1,2.0
2024-09-13,Billie Eilish,1,2.0
2024-09-13,Cardi B & Megan Thee Stallion,1,2.0
2024-09-13,Doja Cat,1,2.0
2024-09-13,Drake,1,2.0
2024-09-13,Dua Lipa,1,2.0
2024-09-13,Eslabon Armado,1,2.0
2024-09-13,Frank Ocean,1,2.0
2024-09-13,Gunna,1,2.0
2024-09-13,J. Cole,1,2.0
2024-09-13,Jung Kook & Latto,1,2.0
2024-09-13,KAROL G,1,2.0
2024-09-13,Kali Uchis,1,2.0
2024-09-13,Laufey,1,2.0
2024-09-13,Luke Combs,1,2.0
2024-09-13,Morgan Wallen,3,6.0
2024-09-13,Nicki Minaj & Ice Spice & Aqua,1,2.0
2024-09-13,Oliver Anthony Music,1,2.0
2024-09-13,Olivia Rodrigo,12,24.0
2024-09-13,Peso Pluma,1,2.0
2024-09-13,SZA,2,4.0
2024-09-13,Taylor Swift,2,4.0
2024-09-13,The Neighbourhood,1,2.0
2024-09-13,Travis Scott,4,8.0
2024-09-13,"Tyler, The Creator",1,2.0
2024-09-13,Zach Bryan,7,14.000000000000002
2024-09-14,Bailey Zimmerman,1,2.0
2024-09-14,Billie Eilish,1,2.0
2024-09-14,Cardi B & Megan Thee Stallion,1,2.0
2024-09-14,David Kushner,1,2.0
2024-09-14,Doja Cat,1,2.0
2024-09-14,Drake,1,2.0
2024-09-14,Dua Lipa,1,2.0
2024-09-14,Eslabon Armado,1,2.0
2024-09-14,Frank Ocean,1,2.0
2024-09-14,Gunna,1,2.0
2024-09-14,J. Cole,1,2.0
2024-09-14,Jung Kook & Latto,1,2.0
2024-09-14,KAROL G,1,2.0
2024-09-14,Kali Uchis,1,2.0
2024-09-14,Laufey,1,2.0
2024-09-14,Luke Combs,1,2.0
2024-09-14,Morgan Wallen,3,6.0
2024-09-14,Nicki Minaj & Ice Spice & Aqua,1,2.0
2024-09-14,Oliver Anthony Music,1,2.0
2024-09-14,Olivia Rodrigo,12,24.0
2024-09-14,Peso Pluma,1,2.0
2024-09-14,SZA,2,4.0
2024-09-14,Taylor Swift,1,2.0
2024-09-14,The Neighbourhood,1,2.0
2024-09-14,Travis Scott,4,8.0
2024-09-14,"Tyler, The Creator",1,2.0
2024-09-14,Zach Bryan,7,14.000000000000002
2024-09-15,Bailey Zimmerman,1,2.0
2024-09-15,Billie Eilish,1,2.0
2024-09-15,Cardi B & Megan Thee Stallion,1,2.0
2024-09-15,Doja Cat,1,2.0
2024-09-15,Drake,1,2.0
2024-09-15,Dua Lipa,1,2.0
2024-09-15,Eslabon Armado,1,2.0
2024-09-15,Frank Ocean,1,2.0
2024-09-15,Grupo Frontera,1,2.0
2024-09-15,Gunna,1,2.0
2024-09-15,J. Cole,1,2.0
2024-09-15,Jung Kook & Latto,1,2.0
2024-09-15,KAROL G,1,2.0
2024-09-15,Kali Uchis,1,2.0
2024-09-15,Luke Combs,1,2.0
2024-09-15,Morgan Wallen,3,6.0
2024-09-15,Nicki Minaj & Ice Spice & Aqua,1,2.0
2024-09-15,Oliver Anthony Music,1,2.0
2024-09-15,Olivia Rodrigo,12,24.0
2024-09-15,Peso Pluma,1,2.0
2024-09-15,SZA,2,4.0
2024-09-15,Taylor Swift,1,2.0
2024-09-15,The Neighbourhood,1,2.0
2024-09-15,Travis Scott,4,8.0
2024-09-15,"Tyler, The Creator",1,2.0
2024-09-15,Yng Lvcas & Peso Pluma,1,2.0
2024-09-15,Zach Bryan,7,14.000000000000002
2024-09-16,Bailey Zimmerman,1,2.0
2024-09-16,Billie Eilish,1,2.0
2024-09-16,Cardi B & Megan Thee Stallion,1,2.0
2024-09-16,Doja Cat,1,2.0
2024-09-16,Drake,1,2.0
2024-09-16,Dua Lipa,1,2.0
2024-09-16,Eslabon Armado,1,2.0
2024-09-16,Frank Ocean,1,2.0
2024-09-16,Grupo Frontera,1,2.0
2024-09-16,Gunna,1,2.0
2024-09-16,J. Cole,1,2.0
2024-09-16,Jung Kook & Latto,1,2.0
2024-09-16,KAROL G,1,2.0
2024-09-16,Kali Uchis,1,2.0
2024-09-16,Luke Combs,1,2.0
2024-09-16,Morgan Wallen,3,6.0
2024-09-16,Nicki Minaj & Ice Spice & Aqua,1,2.0
2024-09-16,Oliver Anthony Music,1,2.0
2024-09-16,Olivia Rodrigo,12,24.0
2024-09-16,Peso Pluma,1,2.0
2024-09-16,SZA,2,4.0
2024-09-16,Taylor Swift,1,2.0
2024-09-16,The Neighbourhood,1,2.0
2024-09-16,Travis Scott,4,8.0
2024-09-16,"Tyler, The Creator",1,2.0
2024-09-16,Yng Lvcas & Peso Pluma,1,2.0
2024-09-16,Zach Bryan,7,14.000000000000002
2024-09-17,Bailey Zimmerman,1,2.0
2024-09-17,Billie Eilish,1,2.0
2024-09-17,Cardi B & Megan Thee Stallion,1,2.0
2024-09-17,Doja Cat,1,2.0
2024-09-17,Drake,1,2.0
2024-09-17,Drake & SZA,1,2.0
2024-09-17,Dua Lipa,1,2.0
2024-09-17,Eslabon Armado,1,2.0
2024-09-17,Frank Ocean,1,2.0
2024-09-17,Grupo Frontera,1,2.0
2024-09-17,Gunna,1,2.0
2024-09-17,J. Cole,1,2.0
2024-09-17,Jung Kook & Latto,1,2.0
2024-09-17,KAROL G,1,2.0
2024-09-17,Kali Uchis,1,2.0
2024-09-17,Luke Combs,1,2.0
2024-09-17,Morgan Wallen,3,6.0
2024-09-17,Nicki Minaj & Ice Spice & Aqua,1,2.0
2024-09-17,Oliver Anthony Music,1,2.0
2024-09-17,Olivia Rodrigo,11,22.0
2024-09-17,Peso Pluma,1,2.0
2024-09-17,Rod Wave,1,2.0
2024-09-17,SZA,2,4.0
2024-09-17,SZA & Justin Bieber,1,2.0
2024-09-17,Tate McRae,1,2.0
2024-09-17,Taylor Swift,2,4.0
2024-09-17,Travis Scott,3,6.0
2024-09-17,"Tyler, The Creator",1,2.0
2024-09-17,Yng Lvcas & Peso Pluma,1,2.0
2024-09-17,Zach Bryan,5,10.0
2024-09-18,Bailey Zimmerman,1,2.0
2024-09-18,Billie Eilish,1,2.0
2024-09-18,Cardi B & Megan Thee Stallion,1,2.0
2024-09-18,Doja Cat,1,2.0
2024-09-18,Drake,1,2.0
2024-09-18,Drake & SZA,1,2.0
2024-09-18,Dua Lipa,1,2.0
2024-09-18,Eslabon Armado,1,2.0
2024-09-18,Frank Ocean,1,2.0
2024-09-18,Gunna,1,2.0
2024-09-18,Hotel Ugly,1,2.0
2024-09-18,J. Cole,1,2.0
2024-09-18,Jung Kook & Latto,1,2.0
2024-09-18,KAROL G,1,2.0
2024-09-18,Kali Uchis,1,2.0
2024-09-18,Kenya Grace,1,2.0
2024-09-18,Luke Combs,1,2.0
2024-09-18,Morgan Wallen,3,6.0
2024-09-18,Nicki Minaj & Ice Spice & Aqua,1,2.0
2024-09-18,Oliver Anthony Music,1,2.0
2024-09-18,Olivia Rodrigo,12,24.0
2024-09-18,Peso Pluma,1,2.0
2024-09-18,SZA,2,4.0
2024-09-18,Tate McRae,1,2.0
2024-09-18,Taylor Swift,1,2.0
2024-09-18,The Neighbourhood,1,2.0
2024-09-18,Travis Scott,3,6.0
2024-09-18,"Tyler, The Creator",1,2.0
2024-09-18,Yng Lvcas & Peso Pluma,1,2.0
2024-09-18,Zach Bryan,5,10.0
2024-09-19,Bailey Zimmerman,1,2.0
2024-09-19,Billie Eilish,1,2.0
2024-09-19,Brent Faiyaz,1,2.0
2024-09-19,Doja Cat,1,2.0
2024-09-19,Drake,1,2.0
2024-09-19,Drake & SZA,1,2.0
2024-09-19,Dua Lipa,1,2.0
2024-09-19,Eslabon Armado,1,2.0
2024-09-19,Frank Ocean,1,2.0
2024-09-19,Gunna,1,2.0
2024-09-19,Hotel Ugly,1,2.0
2024-09-19,J. Cole,1,2.0
2024-09-19,Jung Kook & Latto,1,2.0
2024-09-19,KAROL G,1,2.0
2024-09-19,Kali Uchis,1,2.0
2024-09-19,Kenya Grace,1,2.0
2024-09-19,Luke Combs,1,2.0
2024-09-19,Morgan Wallen,3,6.0
2024-09-19,Nicki Minaj & Ice Spice & Aqua,1,2.0
2024-09-19,Oliver Anthony Music,1,2.0
2024-09-19,Olivia Rodrigo,12,24.0
2024-09-19,Peso Pluma,1,2.0
2024-09-19,SZA,2,4.0
2024-09-19,Tate McRae,1,2.0
2024-09-19,Taylor Swift,1,2.0
2024-09-19,The Neighbourhood,1,2.0
2024-09-19,Travis Scott,4,8.0
2024-09-19,"Tyler, The Creator",1,2.0
2024-09-19,Zach Bryan,5,10.0
2024-09-20,Bailey Zimmerman,1,2.0
2024-09-20,Billie Eilish,1,2.0
2024-09-20,Brent Faiyaz,1,2.0
2024-09-20,Doja Cat,1,2.0
2024-09-20,Drake,1,2.0
2024-09-20,Drake & SZA,1,2.0
2024-09-20,Dua Lipa,1,2.0
2024-09-20,Eslabon Armado,1,2.0
2024-09-20,Frank Ocean,1,2.0
2024-09-20,Gunna,1,2.0
2024-09-20,Hotel Ugly,1,2.0
2024-09-20,J. Cole,1,2.0
2024-09-20,Jung Kook & Latto,1,2.0
2024-09-20,KAROL G,1,2.0
2024-09-20,Kali Uchis,1,2.0
2024-09-20,Kenya Grace,1,2.0
2024-09-20,Luke Combs,1,2.0
2024-09-20,Mitski,1,2.0
2024-09-20,Morgan Wallen,3,6.0
2024-09-20,Nicki Minaj & Ice Spice & Aqua,1,2.0
2024-09-20,Oliver Anthony Music,1,2.0
2024-09-20,Olivia Rodrigo,11,22.0
2024-09-20,Peso Pluma,1,2.0
2024-09-20,SZA,2,4.0
2024-09-20,Tate McRae,1,2.0
2024-09-20,Taylor Swift,1,2.0
2024-09-20,The Neighbourhood,1,2.0
2024-09-20,Travis Scott,4,8.0
2024-09-20,"Tyler, The Creator",1,2.0
2024-09-20,Zach Bryan,5,10.0
2024-09-21,Bailey Zimmerman,1,2.0
2024-09-21,Billie Eilish,1,2.0
2024-09-21,Brent Faiyaz,1,2.0
2024-09-21,Doja Cat,1,2.0
2024-09-21,Drake,1,2.0
2024-09-21,Drake & SZA,1,2.0
2024-09-21,Dua Lipa,1,2.0
2024-09-21,Eslabon Armado,1,2.0
2024-09-21,Frank Ocean,1,2.0
2024-09-21,Gunna,1,2.0
2024-09-21,Hotel Ugly,1,2.0
2024-09-21,J. Cole,1,2.0
2024-09-21,Jung Kook & Latto,1,2.0
2024-09-21,KAROL G,1,2.0
2024-09-21,Kali Uchis,1,2.0
2024-09-21,Kenya Grace,1,2.0
2024-09-21,Luke Combs,1,2.0
2024-09-21,Mitski,1,2.0
2024-09-21,Morgan Wallen,3,6.0
2024-09-21,Nicki Minaj & Ice Spice & Aqua,1,2.0
2024-09-21,Oliver Anthony Music,1,2.0
2024-09-21,Olivia Rodrigo,11,22.0
2024-09-21,Peso Pluma,1,2.0
2024-09-21,SZA,2,4.0
2024-09-21,Tate McRae,1,2.0
2024-09-21,Taylor Swift,1,2.0
2024-09-21,The Neighbourhood,1,2.0
2024-09-21,Travis Scott,4,8.0
2024-09-21,"Tyler, The Creator",1,2.0
2024-09-21,Zach Bryan,5,10.0
2024-09-22,Bailey Zimmerman,1,2.0
2024-09-22,Billie Eilish,1,2.0
2024-09-22,Brent Faiyaz,1,2.0
2024-09-22,Doja Cat,1,2.0
2024-09-22,Drake,1,2.0
2024-09-22,Drake & SZA,1,2.0
2024-09-22,Dua Lipa,1,2.0
2024-09-22,Eslabon Armado,1,2.0
2024-09-22,Frank Ocean,1,2.0
2024-09-22,Gunna,1,2.0
2024-09-22,Hotel Ugly,1,2.0
2024-09-22,J. Cole,1,2.0
2024-09-22,Jung Kook & Latto,1,2.0
2024-09-22,KAROL G,1,2.0
2024-09-22,Kali Uchis,1,2.0
2024-09-22,Kenya Grace,1,2.0
2024-09-22,Luke Combs,1,2.0
2024-09-22,Morgan Wallen,3,6.0
2024-09-22,Nicki Minaj & Ice Spice & Aqua,1,2.0
2024-09-22,Oliver Anthony Music,1,2.0
2024-09-22,Olivia Rodrigo,11,22.0
2024-09-22,Peso Pluma,1,2.0
2024-09-22,SZA,2,4.0
2024-09-22,Tate McRae,1,2.0
2024-09-22,Taylor Swift,1,2.0
2024-09-22,The Neighbourhood,1,2.0
2024-09-22,The Weeknd,1,2.0
2024-09-22,Travis Scott,4,8.0
2024-09-22,"Tyler, The Creator",1,2.0
2024-09-22,Zach Bryan,5,10.0
2024-09-23,Bailey Zimmerman,1,2.0
2024-09-23,Billie Eilish,1,2.0
2024-09-23,Brent Faiyaz,1,2.0
2024-09-23,Doja Cat,1,2.0
2024-09-23,Drake,1,2.0
2024-09-23,Drake & SZA,1,2.0
2024-09-23,Dua Lipa,1,2.0
2024-09-23,"Earth, Wind & Fire & sped up + slowed",1,2.0
2024-09-23,Eslabon Armado,1,2.0
2024-09-23,Frank Ocean,1,2.0
2024-09-23,Gunna,1,2.0
2024-09-23,Hotel Ugly,1,2.0
2024-09-23,J. Cole,1,2.0
2024-09-23,Jung Kook & Latto,1,2.0
2024-09-23,KAROL G,1,2.0
2024-09-23,Kali Uchis,1,2.0
2024-09-23,Kenya Grace,1,2.0
2024-09-23,Luke Combs,1,2.0
2024-09-23,Mitski,1,2.0
2024-09-23,Morgan Wallen,3,6.0
2024-09-23,Nicki Minaj & Ice Spice & Aqua,1,2.0
2024-09-23,Oliver Anthony Music,1,2.0
2024-09-23,Olivia Rodrigo,11,22.0
2024-09-23,Peso Pluma,1,2.0
2024-09-23,SZA,2,4.0
2024-09-23,Tate McRae,1,2.0
2024-09-23,Taylor Swift,1,2.0
2024-09-23,The Neighbourhood,1,2.0
2024-09-23,Travis Scott,4,8.0
2024-09-23,"Tyler, The Creator",1,2.0
2024-09-23,Zach Bryan,4,8.0
2024-09-24,Bailey Zimmerman,1,2.0
2024-09-24,Billie Eilish,1,2.0
2024-09-24,Brent Faiyaz,1,2.0
2024-09-24,Doja Cat,3,6.0
2024-09-24,Drake,1,2.0
2024-09-24,Drake & SZA,1,2.0
2024-09-24,Dua Lipa,1,2.0
2024-09-24,Eslabon Armado,1,2.0
2024-09-24,Frank Ocean,1,2.0
2024-09-24,Gunna,1,2.0
2024-09-24,Hotel Ugly,1,2.0
2024-09-24,J. Cole,1,2.0
2024-09-24,Jung Kook & Latto,1,2.0
2024-09-24,KAROL G,1,2.0
2024-09-24,Kenya Grace,1,2.0
2024-09-24,Lil Tecca,3,6.0
2024-09-24,Luke Combs,1,2.0
2024-09-24,Mitski,1,2.0
2024-09-24,Morgan Wallen,3,6.0
2024-09-24,Nicki Minaj & Ice Spice & Aqua,1,2.0
2024-09-24,Oliver Anthony Music,1,2.0
2024-09-24,Olivia Rodrigo,6,12.0
2024-09-24,Peso Pluma,1,2.0
2024-09-24,SZA,2,4.0
2024-09-24,Tate McRae,1,2.0
2024-09-24,Taylor Swift,1,2.0
2024-09-24,Travis Scott,3,6.0
2024-09-24,"Tyler, The Creator",1,2.0
2024-09-24,Zach Bryan,6,12.0
2024-09-24,Zach Bryan & Bon Iver,1,2.0
2024-09-24,Zach Bryan & Noah Kahan,1,2.0
2024-09-25,Bailey Zimmerman,1,2.0
2024-09-25,Billie Eilish,1,2.0
2024-09-25,Brent Faiyaz,1,2.0
2024-09-25,Doja Cat,2,4.0
2024-09-25,Drake,1,2.0
2024-09-25,Drake & SZA,1,2.0
2024-09-25,Dua Lipa,1,2.0
2024-09-25,Eslabon Armado,1,2.0
2024-09-25,Frank Ocean,1,2.0
2024-09-25,Gunna,1,2.0
2024-09-25,Hotel Ugly,1,2.0
2024-09-25,J. Cole,1,2.0
2024-09-25,Jung Kook & Latto,1,2.0
2024-09-25,KAROL G,1,2.0
2024-09-25,Kali Uchis,1,2.0
2024-09-25,Kenya Grace,1,2.0
2024-09-25,Lil Tecca,1,2.0
2024-09-25,Luke Combs,1,2.0
2024-09-25,Mitski,1,2.0
2024-09-25,Morgan Wallen,3,6.0
2024-09-25,Nicki Minaj & Ice Spice & Aqua,1,2.0
2024-09-25,Oliver Anthony Music,1,2.0
2024-09-25,Olivia Rodrigo,6,12.0
2024-09-25,Peso Pluma,1,2.0
2024-09-25,SZA,2,4.0
2024-09-25,Tate McRae,1,2.0
2024-09-25,Taylor Swift,1,2.0
2024-09-25,The Neighbourhood,1,2.0
2024-09-25,Travis Scott,3,6.0
2024-09-25,"Tyler, The Creator",1,2.0
2024-09-25,Zach Bryan,6,12.0
2024-09-25,Zach Bryan & Bon Iver,1,2.0
2024-09-25,Zach Bryan & Noah Kahan,1,2.0
2024-09-25,d4vd,1,2.0
2024-09-26,Bailey Zimmerman,1,2.0
2024-09-26,Billie Eilish,1,2.0
2024-09-26,Brent Faiyaz,1,2.0
2024-09-26,Doja Cat,2,4.0
2024-09-26,Drake,1,2.0
2024-09-26,Drake & SZA,1,2.0
2024-09-26,Dua Lipa,1,2.0
2024-09-26,Eslabon Armado,1,2.0
2024-09-26,Frank Ocean,1,2.0
2024-09-26,Gunna,1,2.0
2024-09-26,Hotel Ugly,1,2.0
2024-09-26,J. Cole,1,2.0
2024-09-26,Jung Kook & Latto,1,2.0
2024-09-26,KAROL G,1,2.0
2024-09-26,Kali Uchis,1,2.0
2024-09-26,Kenya Grace,1,2.0
2024-09-26,Lil Tecca,1,2.0
2024-09-26,Luke Combs,1,2.0
2024-09-26,Mitski,1,2.0
2024-09-26,Morgan Wallen,3,6.0
2024-09-26,Nicki Minaj & Ice Spice & Aqua,1,2.0
2024-09-26,Oliver Anthony Music,1,2.0
2024-09-26,Olivia Rodrigo,6,12.0
2024-09-26,Peso Pluma,1,2.0
2024-09-26,SZA,2,4.0
2024-09-26,Tate McRae,1,2.0
2024-09-26,Taylor Swift,1,2.0
2024-09-26,The Neighbourhood,1,2.0
2024-09-26,Travis Scott,3,6.0
2024-09-26,"Tyler, The Creator",1,2.0
2024-09-26,Zach Bryan,6,12.0
2024-09-26,Zach Bryan & Bon Iver,1,2.0
2024-09-26,Zach Bryan & Noah Kahan,1,2.0
2024-09-26,d4vd,1,2.0
2024-09-27,Bad Bunny,1,2.0
2024-09-27,Bailey Zimmerman,1,2.0
2024-09-27,Billie Eilish,1,2.0
2024-09-27,Brent Faiyaz,1,2.0
2024-09-27,Doja Cat,2,4.0
2024-09-27,Drake,1,2.0
2024-09-27,Drake & SZA,1,2.0
2024-09-27,Dua Lipa,1,2.0
2024-09-27,Eslabon Armado,1,2.0
2024-09-27,Frank Ocean,1,2.0
2024-09-27,Gunna,1,2.0
2024-09-27,Hotel Ugly,1,2.0
2024-09-27,J. Cole,1,2.0
2024-09-27,Jung Kook & Latto,1,2.0
2024-09-27,KAROL G,1,2.0
2024-09-27,Kenya Grace,1,2.0
2024-09-27,Lil Tecca,1,2.0
2024-09-27,Luke Combs,1,2.0
2024-09-27,Mitski,1,2.0
2024-09-27,Morgan Wallen,2,4.0
2024-09-27,Nicki Minaj & Ice Spice & Aqua,1,2.0
2024-09-27,Noah Kahan,1,2.0
2024-09-27,Oliver Anthony Music,1,2.0
2024-09-27,Olivia Rodrigo,6,12.0
2024-09-27,Peso Pluma,1,2.0
2024-09-27,SZA,2,4.0
2024-09-27,Tate McRae,1,2.0
2024-09-27,Taylor Swift,1,2.0
2024-09-27,The Neighbourhood,1,2.0
2024-09-27,Travis Scott,3,6.0
2024-09-27,"Tyler, The Creator",1,2.0
2024-09-27,Zach Bryan,6,12.0
2024-09-27,Zach Bryan & Bon Iver,1,2.0
2024-09-27,Zach Bryan & Noah Kahan,1,2.0
2024-09-27,d4vd,1,2.0
2024-09-28,Bad Bunny,1,2.0
2024-09-28,Bailey Zimmerman,1,2.0
2024-09-28,Billie Eilish,1,2.0
2024-09-28,Brent Faiyaz,1,2.0
2024-09-28,Doja Cat,2,4.0
2024-09-28,Drake,1,2.0
2024-09-28,Drake & SZA,1,2.0
2024-09-28,Dua Lipa,1,2.0
2024-09-28,Eslabon Armado,1,2.0
2024-09-28,Frank Ocean,1,2.0
2024-09-28,Gunna,1,2.0
2024-09-28,Hotel Ugly,1,2.0
2024-09-28,J. Cole,1,2.0
2024-09-28,Jung Kook & Latto,1,2.0
2024-09-28,KAROL G,1,2.0
2024-09-28,Kali Uchis,1,2.0
2024-09-28,Kenya Grace,1,2.0
2024-09-28,Lil Tecca,1,2.0
2024-09-28,Luke Combs,1,2.0
2024-09-28,Mitski,1,2.0
2024-09-28,Morgan Wallen,3,6.0
2024-09-28,Nicki Minaj & Ice Spice & Aqua,1,2.0
2024-09-28,Noah Kahan,1,2.0
2024-09-28,Oliver Anthony Music,1,2.0
2024-09-28,Olivia Rodrigo,5,10.0
2024-09-28,Peso Pluma,1,2.0
2024-09-28,SZA,2,4.0
2024-09-28,Tate McRae,1,2.0
2024-09-28,Taylor Swift,1,2.0
2024-09-28,The Neighbourhood,1,2.0
2024-09-28,Travis Scott,3,6.0
2024-09-28,"Tyler, The Creator",1,2.0
2024-09-28,Zach Bryan,5,10.0
2024-09-28,Zach Bryan & Bon Iver,1,2.0
2024-09-28,Zach Bryan & Noah Kahan,1,2.0
2024-09-28,d4vd,1,2.0
2024-09-29,Bad Bunny,1,2.0
2024-09-29,Bailey Zimmerman,1,2.0
2024-09-29,Billie Eilish,1,2.0
2024-09-29,Brent Faiyaz,1,2.0
2024-09-29,Doja Cat,2,4.0
2024-09-29,Drake,1,2.0
2024-09-29,Drake & SZA,1,2.0
2024-09-29,Dua Lipa,1,2.0
2024-09-29,Eslabon Armado,1,2.0
2024-09-29,Frank Ocean,1,2.0
2024-09-29,Gunna,1,2.0
2024-09-29,Hotel Ugly,1,2.0
2024-09-29,J. Cole,1,2.0
2024-09-29,Jung Kook & Latto,1,2.0
2024-09-29,KAROL G,1,2.0
2024-09-29,Kali Uchis,1,2.0
2024-09-29,Kenya Grace,1,2.0
2024-09-29,Lil Tecca,1,2.0
2024-09-29,Luke Combs,1,2.0
2024-09-29,Mitski,1,2.0
2024-09-29,Morgan Wallen,3,6.0
2024-09-29,Nicki Minaj & Ice Spice & Aqua,1,2.0
2024-09-29,Noah Kahan,1,2.0
2024-09-29,Oliver Anthony Music,1,2.0
2024-09-29,Olivia Rodrigo,5,10.0
2024-09-29,Peso Pluma,1,2.0
2024-09-29,SZA,2,4.0
2024-09-29,Tate McRae,1,2.0
2024-09-29,Taylor Swift,2,4.0
2024-09-29,The Neighbourhood,1,2.0
2024-09-29,Travis Scott,3,6.0
2024-09-29,"Tyler, The Creator",1,2.0
2024-09-29,Zach Bryan,5,10.0
2024-09-29,Zach Bryan & Bon Iver,1,2.0
2024-09-29,Zach Bryan & Noah Kahan,1,2.0
2024-09-30,Bad Bunny,1,2.0
2024-09-30,Bailey Zimmerman,1,2.0
2024-09-30,Billie Eilish,1,2.0
2024-09-30,Brent Faiyaz,1,2.0
2024-09-30,Doja Cat,2,4.0
2024-09-30,Drake,1,2.0
2024-09-30,Drake & SZA,1,2.0
2024-09-30,Dua Lipa,1,2.0
2024-09-30,Eslabon Armado,1,2.0
2024-09-30,Frank Ocean,1,2.0
2024-09-30,Gunna,1,2.0
2024-09-30,Hotel Ugly,1,2.0
2024-09-30,J. Cole,1,2.0
2024-09-30,Jung Kook & Jack Harlow,1,2.0
2024-09-30,Jung Kook & Latto,1,2.0
2024-09-30,KAROL G,1,2.0
2024-09-30,Kenya Grace,1,2.0
2024-09-30,Lil Tecca,1,2.0
2024-09-30,Luke Combs,1,2.0
2024-09-30,Mitski,1,2.0
2024-09-30,Morgan Wallen,3,6.0
2024-09-30,Nicki Minaj & Ice Spice & Aqua,1,2.0
2024-09-30,Noah Kahan,1,2.0
2024-09-30,Oliver Anthony Music,1,2.0
2024-09-30,Olivia Rodrigo,5,10.0
2024-09-30,Peso Pluma,1,2.0
2024-09-30,SZA,2,4.0
2024-09-30,Tate McRae,1,2.0
2024-09-30,Taylor Swift,1,2.0
2024-09-30,The Neighbourhood,1,2.0
2024-09-30,Thomas Rhett,1,2.0
2024-09-30,Travis Scott,3,6.0
2024-09-30,"Tyler, The Creator",1,2.0
2024-09-30,Zach Bryan,5,10.0
2024-09-30,Zach Bryan & Bon Iver,1,2.0
2024-09-30,Zach Bryan & Noah Kahan,1,2.0
2024-10-01,Bad Bunny,1,2.0
2024-10-01,Bailey Zimmerman,1,2.0
2024-10-01,Billie Eilish,1,2.0
2024-10-01,Brent Faiyaz,1,2.0
2024-10-01,Doja Cat,2,4.0
2024-10-01,Drake,1,2.0
2024-10-01,Drake & SZA,1,2.0
2024-10-01,Dua Lipa,1,2.0
2024-10-01,Eslabon Armado,1,2.0
2024-10-01,Frank Ocean,1,2.0
2024-10-01,Gunna,1,2.0
2024-10-01,Hotel Ugly,1,2.0
2024-10-01,J. Cole,1,2.0
2024-10-01,Jung Kook & Jack Harlow,1,2.0
2024-10-01,Jung Kook & Latto,1,2.0
2024-10-01,KAROL G,1,2.0
2024-10-01,Kenya Grace,1,2.0
2024-10-01,Lil Tecca,1,2.0
2024-10-01,Luke Combs,1,2.0
2024-10-01,Mitski,1,2.0
2024-10-01,Morgan Wallen,3,6.0
2024-10-01,Nicki Minaj & Ice Spice & Aqua,1,2.0
2024-10-01,Noah Kahan,1,2.0
2024-10-01,Oliver Anthony Music,1,2.0
2024-10-01,Olivia Rodrigo,5,10.0
2024-10-01,Peso Pluma,1,2.0
2024-10-01,SZA,2,4.0
2024-10-01,Tate McRae,1,2.0
2024-10-01,Taylor Swift,1,2.0
2024-10-01,The Neighbourhood,1,2.0
2024-10-01,Thomas Rhett,1,2.0
2024-10-01,Travis Scott,3,6.0
2024-10-01,"Tyler, The Creator",1,2.0
2024-10-01,Zach Bryan,5,10.0
2024-10-01,Zach Bryan & Bon Iver,1,2.0
2024-10-01,Zach Bryan & Noah Kahan,1,2.0
2024-10-02,Bad Bunny,1,2.0
2024-10-02,Billie Eilish,1,2.0
2024-10-02,Doja Cat,2,4.0
2024-10-02,Drake,1,2.0
2024-10-02,Drake & SZA,1,2.0
2024-10-02,Dua Lipa,1,2.0
2024-10-02,Eslabon Armado,1,2.0
2024-10-02,Fleetwood Mac,1,2.0
2024-10-02,Frank Ocean,1,2.0
2024-10-02,Gunna,1,2.0
2024-10-02,Hotel Ugly,1,2.0
2024-10-02,J. Cole,1,2.0
2024-10-02,Jung Kook & Jack Harlow,1,2.0
2024-10-02,Jung Kook & Latto,1,2.0
2024-10-02,KAROL G,1,2.0
2024-10-02,Kali Uchis,1,2.0
2024-10-02,Kenya Grace,1,2.0
2024-10-02,Lil Tecca,1,2.0
2024-10-02,Luke Combs,1,2.0
2024-10-02,Mitski,1,2.0
2024-10-02,Morgan Wallen,4,8.0
2024-10-02,Nicki Minaj & Ice Spice & Aqua,1,2.0
2024-10-02,Oliver Anthony Music,1,2.0
2024-10-02,Olivia Rodrigo,4,8.0
2024-10-02,Peso Pluma,1,2.0
2024-10-02,SZA,2,4.0
2024-10-02,Steve Lacy,1,2.0
2024-10-02,Tate McRae,1,2.0
2024-10-02,Taylor Swift,3,6.0
2024-10-02,The Neighbourhood,1,2.0
2024-10-02,Travis Scott,3,6.0
2024-10-02,"Tyler, The Creator",1,2.0
2024-10-02,Zach Bryan,5,10.0
2024-10-02,Zach Bryan & Noah Kahan,1,2.0
2024-10-03,Bad Bunny,1,2.0
2024-10-03,Billie Eilish,1,2.0
2024-10-03,Doja Cat,2,4.0
2024-10-03,Drake,1,2.0
2024-10-03,Drake & SZA,1,2.0
2024-10-03,Dua Lipa,1,2.0
2024-10-03,Eslabon Armado,1,2.0
2024-10-03,Fleetwood Mac,1,2.0
2024-10-03,Frank Ocean,1,2.0
2024-10-03,Gunna,1,2.0
2024-10-03,Hotel Ugly,1,2.0
2024-10-03,J. Cole,1,2.0
2024-10-03,Jung Kook & Jack Harlow,1,2.0
2024-10-03,Jung Kook & Latto,1,2.0
2024-10-03,KAROL G,1,2.0
2024-10-03,Kali Uchis,1,2.0
2024-10-03,Kenya Grace,1,2.0
2024-10-03,Lil Tecca,1,2.0
2024-10-03,Luke Combs,1,2.0
2024-10-03,Mitski,1,2.0
2024-10-03,Morgan Wallen,4,8.0
2024-10-03,Nicki Minaj & Ice Spice & Aqua,1,2.0
2024-10-03,Oliver Anthony Music,1,2.0
2024-10-03,Olivia Rodrigo,4,8.0
2024-10-03,Peso Pluma,1,2.0
2024-10-03,SZA,2,4.0
2024-10-03,Steve Lacy,1,2.0
2024-10-03,Tate McRae,1,2.0
2024-10-03,Taylor Swift,3,6.0
2024-10-03,The Neighbourhood,1,2.0
2024-10-03,Travis Scott,3,6.0
2024-10-03,"Tyler, The Creator",1,2.0
2024-10-03,Zach Bryan,5,10.0
2024-10-03,Zach Bryan & Noah Kahan,1,2.0
2024-10-04,Bad Bunny,1,2.0
2024-10-04,Billie Eilish,1,2.0
2024-10-04,Brent Faiyaz,1,2.0
2024-10-04,Doja Cat,2,4.0
2024-10-04,Drake,1,2.0
2024-10-04,Drake & SZA,1,2.0
2024-10-04,Dua Lipa,1,2.0
2024-10-04,Eslabon Armado,1,2.0
2024-10-04,Frank Ocean,1,2.0
2024-10-04,Gunna,1,2.0
2024-10-04,Hotel Ugly,1,2.0
2024-10-04,J. Cole,1,2.0
2024-10-04,Jung Kook & Jack Harlow,1,2.0
2024-10-04,Jung Kook & Latto,1,2.0
2024-10-04,KAROL G,1,2.0
2024-10-04,Kali Uchis,1,2.0
2024-10-04,Kenya Grace,1,2.0
2024-10-04,Lil Tecca,1,2.0
2024-10-04,Luke Combs,1,2.0
2024-10-04,Mitski,1,2.0
2024-10-04,Morgan Wallen,4,8.0
2024-10-04,Nicki Minaj & Ice Spice & Aqua,1,2.0
2024-10-04,Noah Kahan,1,2.0
2024-10-04,Oliver Anthony Music,1,2.0
2024-10-04,Olivia Rodrigo,4,8.0
2024-10-04,Peso Pluma,1,2.0
2024-10-04,SZA,2,4.0
2024-10-04,Steve Lacy,1,2.0
2024-10-04,TV Girl,1,2.0
2024-10-04,Tate McRae,1,2.0
2024-10-04,Taylor Swift,1,2.0
2024-10-04,The Neighbourhood,1,2.0
2024-10-04,Travis Scott,3,6.0
2024-10-04,"Tyler, The Creator",1,2.0
2024-10-04,Zach Bryan,4,8.0
2024-10-04,Zach Bryan & Noah Kahan,1,2.0
2024-10-04,girl in red,1,2.0
2024-10-05,Bad Bunny,1,2.0
2024-10-05,Billie Eilish,1,2.0
2024-10-05,Brent Faiyaz,1,2.0
2024-10-05,Doja Cat,2,4.0
2024-10-05,Drake,1,2.0
2024-10-05,Drake & SZA,1,2.0
2024-10-05,Dua Lipa,1,2.0
2024-10-05,Eslabon Armado,1,2.0
2024-10-05,Frank Ocean,1,2.0
2024-10-05,Gunna,1,2.0
2024-10-05,Hotel Ugly,1,2.0
2024-10-05,J. Cole,1,2.0
2024-10-05,Jung Kook & Jack Harlow,1,2.0
2024-10-05,Jung Kook & Latto,1,2.0
2024-10-05,KAROL G,1,2.0
2024-10-05,Kali Uchis,1,2.0
2024-10-05,Kenya Grace,1,2.0
2024-10-05,Lil Tecca,1,2.0
2024-10-05,Luke Combs,1,2.0
2024-10-05,Mitski,1,2.0
2024-10-05,Morgan Wallen,4,8.0
2024-10-05,Nicki Minaj & Ice Spice & Aqua,1,2.0
2024-10-05,Noah Kahan,1,2.0
2024-10-05,Oliver Anthony Music,1,2.0
2024-10-05,Olivia Rodrigo,4,8.0
2024-10-05,Peso Pluma,1,2.0
2024-10-05,SZA,2,4.0
2024-10-05,Steve Lacy,1,2.0
2024-10-05,TV Girl,1,2.0
2024-10-05,Tate McRae,1,2.0
2024-10-05,Taylor Swift,1,2.0
2024-10-05,The Neighbourhood,1,2.0
2024-10-05,Travis Scott,3,6.0
2024-10-05,"Tyler, The Creator",1,2.0
2024-10-05,Zach Bryan,4,8.0
2024-10-05,Zach Bryan & Noah Kahan,1,2.0
2024-10-05,girl in red,1,2.0
2024-10-06,Bad Bunny,1,2.0
2024-10-06,Billie Eilish,1,2.0
2024-10-06,Brent Faiyaz,1,2.0
2024-10-06,Doja Cat,2,4.0
2024-10-06,Drake,1,2.0
2024-10-06,Drake & SZA,1,2.0
2024-10-06,Dua Lipa,1,2.0
2024-10-06,Eslabon Armado,1,2.0
2024-10-06,Frank Ocean,1,2.0
2024-10-06,Gunna,1,2.0
2024-10-06,Hotel Ugly,1,2.0
2024-10-06,J. Cole,1,2.0
2024-10-06,Jung Kook & Jack Harlow,1,2.0
2024-10-06,Jung Kook & Latto,1,2.0
2024-10-06,KAROL G,1,2.0
2024-10-06,Kali Uchis,1,2.0
2024-10-06,Kenya Grace,1,2.0
2024-10-06,Lil Tecca,1,2.0
2024-10-06,Luke Combs,1,2.0
2024-10-06,Mitski,1,2.0
2024-10-06,Morgan Wallen,4,8.0
2024-10-06,Nicki Minaj & Ice Spice & Aqua,1,2.0
2024-10-06,Noah Kahan,1,2.0
2024-10-06,Oliver Anthony Music,1,2.0
2024-10-06,Olivia Rodrigo,4,8.0
2024-10-06,Peso Pluma,1,2.0
2024-10-06,SZA,2,4.0
2024-10-06,Steve Lacy,1,2.0
2024-10-06,Tate McRae,1,2.0
2024-10-06,Taylor Swift,1,2.0
2024-10-06,The Neighbourhood,1,2.0
2024-10-06,Travis Scott,4,8.0
2024-10-06,"Tyler, The Creator",1,2.0
2024-10-06,Zach Bryan,5,10.0
2024-10-06,Zach Bryan & Noah Kahan,1,2.0
2024-10-07,Doja Cat,2,4.0
2024-10-07,Drake,23,46.0
2024-10-07,Drake & SZA,1,2.0
2024-10-07,Eslabon Armado,1,2.0
2024-10-07,Gunna,1,2.0
2024-10-07,J. Cole,1,2.0
2024-10-07,Jung Kook & Jack Harlow,1,2.0
2024-10-07,KAROL G,1,2.0
2024-10-07,Kenya Grace,1,2.0
2024-10-07,Luke Combs,1,2.0
2024-10-07,Mitski,1,2.0
2024-10-07,Morgan Wallen,1,2.0
2024-10-07,Noah Kahan,1,2.0
2024-10-07,Noah Kahan & Kacey Musgraves,1,2.0
2024-10-07,Olivia Rodrigo,3,6.0
2024-10-07,Peso Pluma,1,2.0
2024-10-07,SZA,2,4.0
2024-10-07,Tate McRae,1,2.0
2024-10-07,Taylor Swift,1,2.0
2024-10-07,Travis Scott,2,4.0
2024-10-07,"Tyler, The Creator",1,2.0
2024-10-07,Zach Bryan,2,4.0
2024-10-08,Doja Cat,2,4.0
2024-10-08,Drake,23,46.0
2024-10-08,Dua Lipa,1,2.0
2024-10-08,Eslabon Armado,1,2.0
2024-10-08,Gunna,1,2.0
2024-10-08,J. Cole,1,2.0
2024-10-08,Jung Kook & Jack Harlow,1,2.0
2024-10-08,KAROL G,1,2.0
2024-10-08,Kenya Grace,1,2.0
2024-10-08,Luke Combs,1,2.0
2024-10-08,Mitski,1,2.0
2024-10-08,Morgan Wallen,2,4.0
2024-10-08,Noah Kahan,1,2.0
2024-10-08,Olivia Rodrigo,3,6.0
2024-10-08,Peso Pluma,1,2.0
2024-10-08,SZA,2,4.0
2024-10-08,Tate McRae,1,2.0
2024-10-08,Taylor Swift,1,2.0
2024-10-08,Travis Scott,2,4.0
2024-10-08,"Tyler, The Creator",1,2.0
2024-10-08,Zach Bryan,2,4.0
2024-10-09,Doja Cat,2,4.0
2024-10-09,Drake,22,44.0
2024-10-09,Eslabon Armado,1,2.0
2024-10-09,Frank Ocean,1,2.0
2024-10-09,Gunna,1,2.0
2024-10-09,J. Cole,1,2.0
2024-10-09,Jung Kook & Jack Harlow,1,2.0
2024-10-09,KAROL G,1,2.0
2024-10-09,Kenya Grace,1,2.0
2024-10-09,Lil Tecca,1,2.0
2024-10-09,Mitski,1,2.0
2024-10-09,Morgan Wallen,2,4.0
2024-10-09,Noah Kahan,1,2.0
2024-10-09,Olivia Rodrigo,3,6.0
2024-10-09,Peso Pluma,1,2.0
2024-10-09,SZA,2,4.0
2024-10-09,Tate McRae,1,2.0
2024-10-09,Taylor Swift,1,2.0
2024-10-09,The Neighbourhood,1,2.0
2024-10-09,Travis Scott,2,4.0
2024-10-09,"Tyler, The Creator",1,2.0
2024-10-09,Zach Bryan,2,4.0
2024-10-10,Billie Eilish,1,2.0
2024-10-10,Doja Cat,2,4.0
2024-10-10,Drake,22,44.0
2024-10-10,Eslabon Armado,1,2.0
2024-10-10,Frank Ocean,1,2.0
2024-10-10,Gunna,1,2.0
2024-10-10,J. Cole,1,2.0
2024-10-10,Jung Kook & Jack Harlow,1,2.0
2024-10-10,KAROL G,1,2.0
2024-10-10,Kenya Grace,1,2.0
2024-10-10,Lil Tecca,1,2.0
2024-10-10,Mitski,1,2.0
2024-10-10,Morgan Wallen,1,2.0
2024-10-10,Noah Kahan,1,2.0
2024-10-10,Olivia Rodrigo,3,6.0
2024-10-10,Peso Pluma,1,2.0
2024-10-10,SZA,2,4.0
2024-10-10,Tate McRae,1,2.0
2024-10-10,Taylor Swift,1,2.0
2024-10-10,The Neighbourhood,1,2.0
2024-10-10,Travis Scott,2,4.0
2024-10-10,"Tyler, The Creator",1,2.0
2024-10-10,Zach Bryan,2,4.0
2024-10-11,Billie Eilish,1,2.0
2024-10-11,Doja Cat,2,4.0
2024-10-11,Drake,22,44.0
2024-10-11,Eslabon Armado,1,2.0
2024-10-11,Frank Ocean,1,2.0
2024-10-11,Gunna,1,2.0
2024-10-11,J. Cole,1,2.0
2024-10-11,Jung Kook & Jack Harlow,1,2.0
2024-10-11,KAROL G,1,2.0
2024-10-11,Kenya Grace,1,2.0
2024-10-11,Lil Tecca,1,2.0
2024-10-11,Mitski,1,2.0
2024-10-11,Morgan Wallen,1,2.0
2024-10-11,Noah Kahan,1,2.0
2024-10-11,Olivia Rodrigo,3,6.0
2024-10-11,Peso Pluma,1,2.0
2024-10-11,SZA,2,4.0
2024-10-11,Tate McRae,1,2.0
2024-10-11,Taylor Swift,1,2.0
2024-10-11,The Neighbourhood,1,2.0
2024-10-11,Travis Scott,2,4.0
2024-10-11,"Tyler, The Creator",1,2.0
2024-10-11,Zach Bryan,2,4.0
2024-10-12,Bad Bunny,1,2.0
2024-10-12,Billie Eilish,1,2.0
2024-10-12,Doja Cat,2,4.0
2024-10-12,Drake,21,42.0
2024-10-12,Eslabon Armado,1,2.0
2024-10-12,Frank Ocean,1,2.0
2024-10-12,Gunna,1,2.0
2024-10-12,J. Cole,1,2.0
2024-10-12,KAROL G,1,2.0
2024-10-12,Kenya Grace,1,2.0
2024-10-12,Lil Tecca,1,2.0
2024-10-12,Mitski,1,2.0
2024-10-12,Morgan Wallen,2,4.0
2024-10-12,Noah Kahan,1,2.0
2024-10-12,Olivia Rodrigo,3,6.0
2024-10-12,Peso Pluma,1,2.0
2024-10-12,SZA,2,4.0
2024-10-12,Tate McRae,1,2.0
2024-10-12,Taylor Swift,1,2.0
2024-10-12,The Neighbourhood,1,2.0
2024-10-12,Travis Scott,2,4.0
2024-10-12,"Tyler, The Creator",1,2.0
2024-10-12,Zach Bryan,2,4.0
2024-10-13,Bad Bunny,1,2.0
2024-10-13,Billie Eilish,1,2.0
2024-10-13,Doja Cat,2,4.0
2024-10-13,Drake,20,40.0
2024-10-13,Eslabon Armado,1,2.0
2024-10-13,Frank Ocean,1,2.0
2024-10-13,Gunna,1,2.0
2024-10-13,J. Cole,1,2.0
2024-10-13,KAROL G,1,2.0
2024-10-13,Kenya Grace,1,2.0
2024-10-13,Lil Tecca,1,2.0
2024-10-13,Mitski,1,2.0
2024-10-13,Morgan Wallen,2,4.0
2024-10-13,Noah Kahan,1,2.0
2024-10-13,Olivia Rodrigo,3,6.0
2024-10-13,Peso Pluma,1,2.0
2024-10-13,SZA,2,4.0
2024-10-13,Tate McRae,1,2.0
2024-10-13,Taylor Swift,1,2.0
2024-10-13,The Neighbourhood,1,2.0
2024-10-13,Travis Scott,2,4.0
2024-10-13,"Tyler, The Creator",1,2.0
2024-10-13,Zach Bryan,3,6.0
2024-10-14,Bad Bunny,21,42.0
2024-10-14,Doja Cat,2,4.0
2024-10-14,Drake,6,12.0
2024-10-14,Eslabon Armado,1,2.0
2024-10-14,Gunna,1,2.0
2024-10-14,J. Cole,1,2.0
2024-10-14,KAROL G,1,2.0
2024-10-14,Ken Carson,1,2.0
2024-10-14,Kenya Grace,1,2.0
2024-10-14,Lil Tecca,1,2.0
2024-10-14,Mitski,1,2.0
2024-10-14,Morgan Wallen,1,2.0
2024-10-14,Noah Kahan,1,2.0
2024-10-14,Offset,1,2.0
2024-10-14,Olivia Rodrigo,2,4.0
2024-10-14,Peso Pluma,1,2.0
2024-10-14,SZA,2,4.0
2024-10-14,Tate McRae,1,2.0
2024-10-14,Taylor Swift,1,2.0
2024-10-14,Travis Scott,1,2.0
2024-10-14,Zach Bryan,2,4.0
2024-10-15,Bad Bunny,21,42.0
2024-10-15,Doja Cat,2,4.0
2024-10-15,Drake,6,12.0
2024-10-15,Eslabon Armado,1,2.0
2024-10-15,Gunna,1,2.0
2024-10-15,J. Cole,1,2.0
2024-10-15,KAROL G,1,2.0
2024-10-15,Ken Carson,1,2.0
2024-10-15,Kenya Grace,1,2.0
2024-10-15,Lil Tecca,1,2.0
2024-10-15,Mitski,1,2.0
2024-10-15,Morgan Wallen,1,2.0
2024-10-15,Noah Kahan,1,2.0
2024-10-15,Offset,1,2.0
2024-10-15,Olivia Rodrigo,2,4.0
2024-10-15,Peso Pluma,1,2.0
2024-10-15,SZA,2,4.0
2024-10-15,Tate McRae,1,2.0
2024-10-15,Taylor Swift,1,2.0
2024-10-15,Travis Scott,1,2.0
2024-10-15,Zach Bryan,2,4.0
2024-10-16,Bad Bunny,14,28.000000000000004
2024-10-16,Doja Cat,2,4.0
2024-10-16,Drake,6,12.0
2024-10-16,Eslabon Armado,1,2.0
2024-10-16,Frank Ocean,1,2.0
2024-10-16,Gunna,1,2.0
2024-10-16,J. Cole,1,2.0
2024-10-16,KAROL G,1,2.0
2024-10-16,Kenya Grace,1,2.0
2024-10-16,Lil Tecca,1,2.0
2024-10-16,Mitski,1,2.0
2024-10-16,Morgan Wallen,2,4.0
2024-10-16,Noah Kahan,1,2.0
2024-10-16,Offset,1,2.0
2024-10-16,Olivia Rodrigo,2,4.0
2024-10-16,Peso Pluma,1,2.0
2024-10-16,SZA,2,4.0
2024-10-16,Tate McRae,1,2.0
2024-10-16,Taylor Swift,5,10.0
2024-10-16,The Neighbourhood,1,2.0
2024-10-16,Travis Scott,1,2.0
2024-10-16,"Tyler, The Creator",1,2.0
2024-10-16,Zach Bryan,2,4.0
2024-10-17,Bad Bunny,12,24.0
2024-10-17,Billie Eilish,1,2.0
2024-10-17,Doja Cat,2,4.0
2024-10-17,Drake,6,12.0
2024-10-17,Eslabon Armado,1,2.0
2024-10-17,Frank Ocean,1,2.0
2024-10-17,Gunna,1,2.0
2024-10-17,J. Cole,1,2.0
2024-10-17,KAROL G,1,2.0
2024-10-17,Kenya Grace,1,2.0
2024-10-17,Lil Tecca,1,2.0
2024-10-17,Luke Combs,1,2.0
2024-10-17,Mitski,1,2.0
2024-10-17,Morgan Wallen,2,4.0
2024-10-17,Noah Kahan,1,2.0
2024-10-17,Offset,1,2.0
2024-10-17,Olivia Rodrigo,2,4.0
2024-10-17,Peso Pluma,1,2.0
2024-10-17,SZA,2,4.0
2024-10-17,Tate McRae,1,2.0
2024-10-17,Taylor Swift,4,8.0
2024-10-17,The Neighbourhood,1,2.0
2024-10-17,Travis Scott,2,4.0
2024-10-17,"Tyler, The Creator",1,2.0
2024-10-17,Zach Bryan,2,4.0
2024-10-18,Bad Bunny,12,24.0
2024-10-18,Billie Eilish,1,2.0
2024-10-18,Doja Cat,2,4.0
2024-10-18,Drake,6,12.0
2024-10-18,Eslabon Armado,1,2.0
2024-10-18,Frank Ocean,1,2.0
2024-10-18,Gunna,1,2.0
2024-10-18,J. Cole,1,2.0
2024-10-18,KAROL G,1,2.0
2024-10-18,Kenya Grace,1,2.0
2024-10-18,Lil Tecca,1,2.0
2024-10-18,Luke Combs,1,2.0
2024-10-18,Mitski,1,2.0
2024-10-18,Morgan Wallen,2,4.0
2024-10-18,Noah Kahan,1,2.0
2024-10-18,Offset,1,2.0
2024-10-18,Olivia Rodrigo,2,4.0
2024-10-18,Peso Pluma,1,2.0
2024-10-18,SZA,2,4.0
2024-10-18,Tate McRae,1,2.0
2024-10-18,Taylor Swift,4,8.0
2024-10-18,The Neighbourhood,1,2.0
2024-10-18,Travis Scott,2,4.0
2024-10-18,"Tyler, The Creator",1,2.0
2024-10-18,Zach Bryan,2,4.0
2024-10-19,Bad Bunny,6,12.0
2024-10-19,Billie Eilish,1,2.0
2024-10-19,Brent Faiyaz,1,2.0
2024-10-19,Doja Cat,2,4.0
2024-10-19,Drake,7,14.000000000000002
2024-10-19,Eslabon Armado,1,2.0
2024-10-19,Fleetwood Mac,1,2.0
2024-10-19,Frank Ocean,1,2.0
2024-10-19,Gunna,1,2.0
2024-10-19,J. Cole,1,2.0
2024-10-19,KAROL G,1,2.0
2024-10-19,Kenya Grace,1,2.0
2024-10-19,Lil Tecca,1,2.0
2024-10-19,Luke Combs,1,2.0
2024-10-19,Mitski,1,2.0
2024-10-19,Morgan Wallen,2,4.0
2024-10-19,Noah Kahan,1,2.0
2024-10-19,Offset,1,2.0
2024-10-19,Olivia Rodrigo,2,4.0
2024-10-19,Peso Pluma,1,2.0
2024-10-19,SZA,2,4.0
2024-10-19,Steve Lacy,1,2.0
2024-10-19,Tate McRae,1,2.0
2024-10-19,Taylor Swift,3,6.0
2024-10-19,The Neighbourhood,1,2.0
2024-10-19,Travis Scott,2,4.0
2024-10-19,Troye Sivan,1,2.0
2024-10-19,Tyla,1,2.0
2024-10-19,"Tyler, The Creator",1,2.0
2024-10-19,Zach Bryan,3,6.0
2024-10-20,Bad Bunny,5,10.0
2024-10-20,Billie Eilish,1,2.0
2024-10-20,Brent Faiyaz,1,2.0
2024-10-20,Doja Cat,2,4.0
2024-10-20,Drake,7,14.000000000000002
2024-10-20,Eslabon Armado,1,2.0
2024-10-20,Fleetwood Mac,1,2.0
2024-10-20,Frank Ocean,1,2.0
2024-10-20,Gunna,1,2.0
2024-10-20,J. Cole,1,2.0
2024-10-20,KAROL G,1,2.0
2024-10-20,Kenya Grace,1,2.0
2024-10-20,Lil Tecca,1,2.0
2024-10-20,Luke Combs,1,2.0
2024-10-20,Mitski,1,2.0
2024-10-20,Morgan Wallen,3,6.0
2024-10-20,Noah Kahan,1,2.0
2024-10-20,Olivia Rodrigo,2,4.0
2024-10-20,Peso Pluma,1,2.0
2024-10-20,SZA,2,4.0
2024-10-20,Steve Lacy,1,2.0
2024-10-20,Tate McRae,1,2.0
2024-10-20,Taylor Swift,4,8.0
2024-10-20,The Neighbourhood,1,2.0
2024-10-20,Travis Scott,2,4.0
2024-10-20,Troye Sivan,1,2.0
2024-10-20,Tyla,1,2.0
2024-10-20,"Tyler, The Creator",1,2.0
2024-10-20,Zach Bryan,3,6.0
2024-10-21,Bad Bunny,3,6.0
2024-10-21,Billie Eilish,1,2.0
2024-10-21,Doja Cat,2,4.0
2024-10-21,Drake,6,12.0
2024-10-21,Eslabon Armado,1,2.0
2024-10-21,Fleetwood Mac,1,2.0
2024-10-21,Frank Ocean,1,2.0
2024-10-21,Gunna,1,2.0
2024-10-21,J. Cole,1,2.0
2024-10-21,KAROL G,1,2.0
2024-10-21,Kenya Grace,1,2.0
2024-10-21,Lil Tecca,1,2.0
2024-10-21,Luke Combs,1,2.0
2024-10-21,Mitski,1,2.0
2024-10-21,Morgan Wallen,3,6.0
2024-10-21,Noah Kahan,1,2.0
2024-10-21,Olivia Rodrigo,2,4.0
2024-10-21,Peso Pluma,1,2.0
2024-10-21,SZA,2,4.0
2024-10-21,Tate McRae,1,2.0
2024-10-21,Taylor Swift,6,12.0
2024-10-21,The Kid LAROI & Jung Kook & Central Cee,1,2.0
2024-10-21,The Neighbourhood,1,2.0
2024-10-21,Travis Scott,2,4.0
2024-10-21,Troye Sivan,1,2.0
2024-10-21,Tyla,1,2.0
2024-10-21,"Tyler, The Creator",1,2.0
2024-10-21,Zach Bryan,3,6.0
2024-10-21,beabadoobee & Laufey,1,2.0
2024-10-21,blink-182,1,2.0
2024-10-22,Bad Bunny,3,6.0
2024-10-22,Billie Eilish,1,2.0
2024-10-22,Calle 24 & Chino Pacas & Fuerza Regida,1,2.0
2024-10-22,Doja Cat,2,4.0
2024-10-22,Drake,5,10.0
2024-10-22,Eslabon Armado,1,2.0
2024-10-22,Fleetwood Mac,1,2.0
2024-10-22,Frank Ocean,1,2.0
2024-10-22,Gunna,1,2.0
2024-10-22,J. Cole,1,2.0
2024-10-22,KAROL G,1,2.0
2024-10-22,Kenya Grace,1,2.0
2024-10-22,Lil Tecca,1,2.0
2024-10-22,Luke Combs,1,2.0
2024-10-22,Mitski,1,2.0
2024-10-22,Morgan Wallen,4,8.0
2024-10-22,Noah Kahan,1,2.0
2024-10-22,Olivia Rodrigo,2,4.0
2024-10-22,Peso Pluma,1,2.0
2024-10-22,SZA,2,4.0
2024-10-22,Tate McRae,1,2.0
2024-10-22,Taylor Swift,7,14.000000000000002
2024-10-22,The Neighbourhood,1,2.0
2024-10-22,Travis Scott,2,4.0
2024-10-22,Troye Sivan,1,2.0
2024-10-22,Tyla,1,2.0
2024-10-22,"Tyler, The Creator",1,2.0
2024-10-22,Zach Bryan,4,8.0
2024-10-23,Bad Bunny,3,6.0
2024-10-23,Billie Eilish,1,2.0
2024-10-23,Calle 24 & Chino Pacas & Fuerza Regida,1,2.0
2024-10-23,Doja Cat,2,4.0
2024-10-23,Drake,5,10.0
2024-10-23,Eslabon Armado,1,2.0
2024-10-23,Fleetwood Mac,1,2.0
2024-10-23,Frank Ocean,1,2.0
2024-10-23,Gunna,1,2.0
2024-10-23,J. Cole,1,2.0
2024-10-23,KAROL G,1,2.0
2024-10-23,Kenya Grace,1,2.0
2024-10-23,Lil Tecca,1,2.0
2024-10-23,Luke Combs,1,2.0
2024-10-23,Mitski,1,2.0
2024-10-23,Morgan Wallen,3,6.0
2024-10-23,Noah Kahan,1,2.0
2024-10-23,Olivia Rodrigo,2,4.0
2024-10-23,Peso Pluma,1,2.0
2024-10-23,SZA,2,4.0
2024-10-23,Steve Lacy,1,2.0
2024-10-23,Tate McRae,1,2.0
2024-10-23,Taylor Swift,7,14.000000000000002
2024-10-23,The Neighbourhood,1,2.0
2024-10-23,Travis Scott,2,4.0
2024-10-23,Troye Sivan,1,2.0
2024-10-23,Tyla,1,2.0
2024-10-23,"Tyler, The Creator",1,2.0
2024-10-23,Zach Bryan,4,8.0
2024-10-24,Bad Bunny,3,6.0
2024-10-24,Billie Eilish,1,2.0
2024-10-24,Calle 24 & Chino Pacas & Fuerza Regida,1,2.0
2024-10-24,Doja Cat,2,4.0
2024-10-24,Drake,5,10.0
2024-10-24,Eslabon Armado,1,2.0
2024-10-24,Fleetwood Mac,1,2.0
2024-10-24,Frank Ocean,1,2.0
2024-10-24,Gunna,1,2.0
2024-10-24,Hotel Ugly,1,2.0
2024-10-24,J. Cole,1,2.0
2024-10-24,KAROL G,1,2.0
2024-10-24,Kenya Grace,1,2.0
2024-10-24,Lil Tecca,1,2.0
2024-10-24,Mitski,1,2.0
2024-10-24,Morgan Wallen,3,6.0
2024-10-24,Noah Kahan,1,2.0
2024-10-24,Olivia Rodrigo,2,4.0
2024-10-24,Peso Pluma,1,2.0
2024-10-24,SZA,2,4.0
2024-10-24,Steve Lacy,1,2.0
2024-10-24,TV Girl,1,2.0
2024-10-24,Tate McRae,1,2.0
2024-10-24,Taylor Swift,5,10.0
2024-10-24,The Neighbourhood,1,2.0
2024-10-24,Travis Scott,2,4.0
2024-10-24,Troye Sivan,1,2.0
2024-10-24,Tyla,1,2.0
2024-10-24,"Tyler, The Creator",1,2.0
2024-10-24,Zach Bryan,3,6.0
2024-10-24,d4vd,1,2.0
2024-10-24,girl in red,1,2.0
2024-10-25,Bad Bunny,3,6.0
2024-10-25,Billie Eilish,1,2.0
2024-10-25,Calle 24 & Chino Pacas & Fuerza Regida,1,2.0
2024-10-25,Doja Cat,2,4.0
2024-10-25,Drake,5,10.0
2024-10-25,Eslabon Armado,1,2.0
2024-10-25,Fleetwood Mac,1,2.0
2024-10-25,Frank Ocean,1,2.0
2024-10-25,Gunna,1,2.0
2024-10-25,Hotel Ugly,1,2.0
2024-10-25,J. Cole,1,2.0
2024-10-25,KAROL G,1,2.0
2024-10-25,Kenya Grace,1,2.0
2024-10-25,Lil Tecca,1,2.0
2024-10-25,Mitski,1,2.0
2024-10-25,Morgan Wallen,3,6.0
2024-10-25,Noah Kahan,1,2.0
2024-10-25,Olivia Rodrigo,2,4.0
2024-10-25,Peso Pluma,1,2.0
2024-10-25,SZA,2,4.0
2024-10-25,Steve Lacy,1,2.0
2024-10-25,TV Girl,1,2.0
2024-10-25,Tate McRae,1,2.0
2024-10-25,Taylor Swift,5,10.0
2024-10-25,The Neighbourhood,1,2.0
2024-10-25,Travis Scott,2,4.0
2024-10-25,Troye Sivan,1,2.0
2024-10-25,Tyla,1,2.0
2024-10-25,"Tyler, The Creator",1,2.0
2024-10-25,Zach Bryan,3,6.0
2024-10-25,d4vd,1,2.0
2024-10-25,girl in red,1,2.0
2024-10-26,Bad Bunny,3,6.0
2024-10-26,Billie Eilish,1,2.0
2024-10-26,Calle 24 & Chino Pacas & Fuerza Regida,1,2.0
2024-10-26,Doja Cat,2,4.0
2024-10-26,Drake,6,12.0
2024-10-26,Eslabon Armado,1,2.0
2024-10-26,Fleetwood Mac,1,2.0
2024-10-26,Frank Ocean,1,2.0
2024-10-26,Gunna,1,2.0
2024-10-26,Hotel Ugly,1,2.0
2024-10-26,J. Cole,1,2.0
2024-10-26,KAROL G,1,2.0
2024-10-26,Kenya Grace,1,2.0
2024-10-26,Lil Tecca,1,2.0
2024-10-26,Mitski,1,2.0
2024-10-26,Morgan Wallen,3,6.0
2024-10-26,Noah Kahan,1,2.0
2024-10-26,Olivia Rodrigo,2,4.0
2024-10-26,Peso Pluma,1,2.0
2024-10-26,SZA,2,4.0
2024-10-26,Steve Lacy,1,2.0
2024-10-26,TV Girl,1,2.0
2024-10-26,Tate McRae,1,2.0
2024-10-26,Taylor Swift,5,10.0
2024-10-26,The Neighbourhood,1,2.0
2024-10-26,Travis Scott,2,4.0
2024-10-26,Troye Sivan,1,2.0
2024-10-26,Tyla,1,2.0
2024-10-26,"Tyler, The Creator",1,2.0
2024-10-26,Zach Bryan,3,6.0
2024-10-26,d4vd,1,2.0
2024-10-27,Bad Bunny,3,6.0
2024-10-27,Billie Eilish,1,2.0
2024-10-27,Calle 24 & Chino Pacas & Fuerza Regida,1,2.0
2024-10-27,Doja Cat,2,4.0
2024-10-27,Drake,6,12.0
2024-10-27,Eslabon Armado,1,2.0
2024-10-27,Fleetwood Mac,1,2.0
2024-10-27,Frank Ocean,1,2.0
2024-10-27,Gunna,1,2.0
2024-10-27,J. Cole,1,2.0
2024-10-27,KAROL G,1,2.0
2024-10-27,Kenya Grace,1,2.0
2024-10-27,Lil Tecca,1,2.0
2024-10-27,Mitski,1,2.0
2024-10-27,Morgan Wallen,4,8.0
2024-10-27,Noah Kahan,1,2.0
2024-10-27,Olivia Rodrigo,2,4.0
2024-10-27,Peso Pluma,1,2.0
2024-10-27,SZA,2,4.0
2024-10-27,Steve Lacy,1,2.0
2024-10-27,Tate McRae,1,2.0
2024-10-27,Taylor Swift,6,12.0
2024-10-27,The Neighbourhood,1,2.0
2024-10-27,Travis Scott,2,4.0
2024-10-27,Troye Sivan,1,2.0
2024-10-27,Tyla,1,2.0
2024-10-27,"Tyler, The Creator",1,2.0
2024-10-27,Zach Bryan,3,6.0
2024-10-27,d4vd,1,2.0
2024-10-28,Bad Bunny,3,6.0
2024-10-28,Billie Eilish,1,2.0
2024-10-28,Calle 24 & Chino Pacas & Fuerza Regida,1,2.0
2024-10-28,Doja Cat,2,4.0
2024-10-28,Drake,6,12.0
2024-10-28,Eslabon Armado,1,2.0
2024-10-28,Fleetwood Mac,1,2.0
2024-10-28,Frank Ocean,1,2.0
2024-10-28,Gunna,1,2.0
2024-10-28,J. Cole,1,2.0
2024-10-28,KAROL G,1,2.0
2024-10-28,Kenya Grace,1,2.0
2024-10-28,Lil Tecca,1,2.0
2024-10-28,Mitski,1,2.0
2024-10-28,Morgan Wallen,4,8.0
2024-10-28,Noah Kahan,1,2.0
2024-10-28,Olivia Rodrigo,2,4.0
2024-10-28,Peso Pluma,1,2.0
2024-10-28,SZA,2,4.0
2024-10-28,Steve Lacy,1,2.0
2024-10-28,Tate McRae,1,2.0
2024-10-28,Taylor Swift,6,12.0
2024-10-28,The Neighbourhood,1,2.0
2024-10-28,Travis Scott,2,4.0
2024-10-28,Troye Sivan,1,2.0
2024-10-28,Tyla,1,2.0
2024-10-28,"Tyler, The Creator",1,2.0
2024-10-28,Zach Bryan,3,6.0
2024-10-28,d4vd,1,2.0
2024-10-29,Bad Bunny,2,4.0
2024-10-29,"Bobby ""Boris"" Pickett & The Crypt-Kickers",1,2.0
2024-10-29,Doja Cat,2,4.0
2024-10-29,Drake,3,6.0
2024-10-29,Gunna,1,2.0
2024-10-29,J. Cole,1,2.0
2024-10-29,KAROL G,1,2.0
2024-10-29,Kenya Grace,1,2.0
2024-10-29,Lil Tecca,1,2.0
2024-10-29,Mitski,1,2.0
2024-10-29,Morgan Wallen,2,4.0
2024-10-29,Noah Kahan,1,2.0
2024-10-29,Olivia Rodrigo,1,2.0
2024-10-29,Peso Pluma,1,2.0
2024-10-29,SZA,2,4.0
2024-10-29,Tate McRae,1,2.0
2024-10-29,Taylor Swift,23,46.0
2024-10-29,Travis Scott,1,2.0
2024-10-29,Tyla,1,2.0
2024-10-29,Various Artists,1,2.0
2024-10-29,Zach Bryan,2,4.0
2024-10-30,Bad Bunny,2,4.0
2024-10-30,"Bobby ""Boris"" Pickett & The Crypt-Kickers",1,2.0
2024-10-30,Doja Cat,2,4.0
2024-10-30,Drake,3,6.0
2024-10-30,Gunna,1,2.0
2024-10-30,J. Cole,1,2.0
2024-10-30,KAROL G,1,2.0
2024-10-30,Kenya Grace,1,2.0
2024-10-30,Lil Tecca,1,2.0
2024-10-30,Michael Jackson,1,2.0
2024-10-30,Mitski,1,2.0
2024-10-30,Morgan Wallen,1,2.0
2024-10-30,Noah Kahan,1,2.0
2024-10-30,Olivia Rodrigo,1,2.0
2024-10-30,Peso Pluma,1,2.0
2024-10-30,SZA,2,4.0
2024-10-30,Tate McRae,1,2.0
2024-10-30,Taylor Swift,23,46.0
2024-10-30,Travis Scott,1,2.0
2024-10-30,Tyla,1,2.0
2024-10-30,Various Artists,1,2.0
2024-10-30,Zach Bryan,2,4.0
2024-10-31,Bad Bunny,2,4.0
2024-10-31,Doja Cat,2,4.0
2024-10-31,Drake,3,6.0
2024-10-31,Frank Ocean,1,2.0
2024-10-31,Gunna,1,2.0
2024-10-31,J. Cole,1,2.0
2024-10-31,Kenya Grace,1,2.0
2024-10-31,Lil Tecca,1,2.0
2024-10-31,Mitski,1,2.0
2024-10-31,Morgan Wallen,2,4.0
2024-10-31,Noah Kahan,1,2.0
2024-10-31,Olivia Rodrigo,1,2.0
2024-10-31,Peso Pluma,1,2.0
2024-10-31,SZA,2,4.0
2024-10-31,Tate McRae,1,2.0
2024-10-31,Taylor Swift,23,46.0
2024-10-31,The Neighbourhood,1,2.0
2024-10-31,Travis Scott,1,2.0
2024-10-31,Tyla,1,2.0
2024-10-31,"Tyler, The Creator",1,2.0
2024-10-31,Zach Bryan,2,4.0
2024-11-01,Andrew Gold,1,2.0
2024-11-01,Bad Bunny,2,4.0
2024-11-01,"Bobby ""Boris"" Pickett & The Crypt-Kickers",1,2.0
2024-11-01,Doja Cat,2,4.0
2024-11-01,Drake,3,6.0
2024-11-01,Gunna,1,2.0
2024-11-01,Lil Tecca,1,2.0
2024-11-01,Michael Jackson,1,2.0
2024-11-01,Mitski,1,2.0
2024-11-01,Morgan Wallen,1,2.0
2024-11-01,Noah Kahan,1,2.0
2024-11-01,Olivia Rodrigo,1,2.0
2024-11-01,Ray Parker Jr.,1,2.0
2024-11-01,Rockwell,1,2.0
2024-11-01,SZA,2,4.0
2024-11-01,Tate McRae,1,2.0
2024-11-01,Taylor Swift,22,44.0
2024-11-01,The Living Tombstone,1,2.0
2024-11-01,The Weeknd,1,2.0
2024-11-01,Travis Scott,1,2.0
2024-11-01,Various Artists,2,4.0
2024-11-01,Zach Bryan,2,4.0
2024-11-02,Bad Bunny,2,4.0
2024-11-02,Bing Crosby & Fred Astaire,1,2.0
2024-11-02,"Bobby ""Boris"" Pickett & The Crypt-Kickers",1,2.0
2024-11-02,Doja Cat,2,4.0
2024-11-02,Drake,3,6.0
2024-11-02,Gunna,1,2.0
2024-11-02,J. Cole,1,2.0
2024-11-02,Kenya Grace,1,2.0
2024-11-02,Lil Tecca,1,2.0
2024-11-02,Mariah Carey,1,2.0
2024-11-02,Michael Jackson,1,2.0
2024-11-02,Mitski,1,2.0
2024-11-02,Morgan Wallen,2,4.0
2024-11-02,Noah Kahan,1,2.0
2024-11-02,Olivia Rodrigo,1,2.0
2024-11-02,Peso Pluma,1,2.0
2024-11-02,SZA,2,4.0
2024-11-02,Tate McRae,1,2.0
2024-11-02,Taylor Swift,21,42.0
2024-11-02,Travis Scott,1,2.0
2024-11-02,Tyla,1,2.0
2024-11-02,Various Artists,1,2.0
2024-11-02,Zach Bryan,2,4.0
2024-11-03,Bad Bunny,2,4.0
2024-11-03,Bing Crosby & Fred Astaire,1,2.0
2024-11-03,Doja Cat,2,4.0
2024-11-03,Drake,3,6.0
2024-11-03,Frank Ocean,1,2.0
2024-11-03,Gunna,1,2.0
2024-11-03,J. Cole,1,2.0
2024-11-03,Kenya Grace,1,2.0
2024-11-03,Lil Tecca,1,2.0
2024-11-03,Mariah Carey,1,2.0
2024-11-03,Mitski,1,2.0
2024-11-03,Morgan Wallen,2,4.0
2024-11-03,Noah Kahan,1,2.0
2024-11-03,Olivia Rodrigo,1,2.0
2024-11-03,Peso Pluma,1,2.0
2024-11-03,SZA,2,4.0
2024-11-03,Tate McRae,1,2.0
2024-11-03,Taylor Swift,21,42.0
2024-11-03,The Neighbourhood,1,2.0
2024-11-03,Travis Scott,1,2.0
2024-11-03,Tyla,1,2.0
2024-11-03,"Tyler, The Creator",1,2.0
2024-11-03,Zach Bryan,2,4.0
2024-11-04,Bad Bunny,2,4.0
2024-11-04,Bing Crosby & Fred Astaire,1,2.0
2024-11-04,Doja Cat,2,4.0
2024-11-04,Drake,3,6.0
2024-11-04,Frank Ocean,1,2.0
2024-11-04,Fuerza Regida,1,2.0
2024-11-04,Gunna,1,2.0
2024-11-04,J. Cole,1,2.0
2024-11-04,Jung Kook,2,4.0
2024-11-04,Kenya Grace,1,2.0
2024-11-04,Lil Tecca,1,2.0
2024-11-04,Mariah Carey,1,2.0
2024-11-04,Megan Thee Stallion,1,2.0
2024-11-04,Mitski,1,2.0
2024-11-04,Morgan Wallen,2,4.0
2024-11-04,Noah Kahan,1,2.0
2024-11-04,Olivia Rodrigo,3,6.0
2024-11-04,Peso Pluma,1,2.0
2024-11-04,SZA,2,4.0
2024-11-04,Tate McRae,1,2.0
2024-11-04,Taylor Swift,15,30.0
2024-11-04,The Beatles,1,2.0
2024-11-04,Travis Scott,1,2.0
2024-11-04,Tyla,1,2.0
2024-11-04,"Tyler, The Creator",1,2.0
2024-11-04,Zach Bryan,2,4.0
2024-11-05,Bad Bunny,2,4.0
2024-11-05,Bing Crosby & Fred Astaire,1,2.0
2024-11-05,Doja Cat,2,4.0
2024-11-05,Drake,3,6.0
2024-11-05,Frank Ocean,1,2.0
2024-11-05,Fuerza Regida,1,2.0
2024-11-05,Gunna,1,2.0
2024-11-05,J. Cole,1,2.0
2024-11-05,Jung Kook,2,4.0
2024-11-05,Kenya Grace,1,2.0
2024-11-05,Lil Tecca,1,2.0
2024-11-05,Mariah Carey,1,2.0
2024-11-05,Megan Thee Stallion,1,2.0
2024-11-05,Mitski,1,2.0
2024-11-05,Morgan Wallen,2,4.0
2024-11-05,Noah Kahan,1,2.0
2024-11-05,Olivia Rodrigo,3,6.0
2024-11-05,Peso Pluma,1,2.0
2024-11-05,SZA,2,4.0
2024-11-05,Tate McRae,1,2.0
2024-11-05,Taylor Swift,15,30.0
2024-11-05,The Beatles,1,2.0
2024-11-05,Travis Scott,1,2.0
2024-11-05,Tyla,1,2.0
2024-11-05,"Tyler, The Creator",1,2.0
2024-11-05,Zach Bryan,2,4.0
2024-11-06,Bad Bunny,2,4.0
2024-11-06,Bing Crosby & Fred Astaire,1,2.0
2024-11-06,Calle 24 & Chino Pacas & Fuerza Regida,1,2.0
2024-11-06,Doja Cat,2,4.0
2024-11-06,Drake,3,6.0
2024-11-06,Eslabon Armado,1,2.0
2024-11-06,Fuerza Regida,1,2.0
2024-11-06,Gunna,1,2.0
2024-11-06,J. Cole,1,2.0
2024-11-06,Jung Kook,2,4.0
2024-11-06,KAROL G,1,2.0
2024-11-06,Kenya Grace,1,2.0
2024-11-06,Lil Tecca,1,2.0
2024-11-06,Mariah Carey,1,2.0
2024-11-06,Megan Thee Stallion,1,2.0
2024-11-06,Mitski,1,2.0
2024-11-06,Morgan Wallen,3,6.0
2024-11-06,Noah Kahan,1,2.0
2024-11-06,Olivia Rodrigo,2,4.0
2024-11-06,Peso Pluma,1,2.0
2024-11-06,SZA,2,4.0
2024-11-06,Tate McRae,1,2.0
2024-11-06,Taylor Swift,13,26.0
2024-11-06,The Beatles,1,2.0
2024-11-06,Travis Scott,1,2.0
2024-11-06,Tyla,1,2.0
2024-11-06,"Tyler, The Creator",1,2.0
2024-11-06,Zach Bryan,2,4.0
2024-11-07,Bad Bunny,2,4.0
2024-11-07,Bing Crosby & Fred Astaire,1,2.0
2024-11-07,Calle 24 & Chino Pacas & Fuerza Regida,1,2.0
2024-11-07,Doja Cat,2,4.0
2024-11-07,Drake,3,6.0
2024-11-07,Eslabon Armado,1,2.0
2024-11-07,Frank Ocean,1,2.0
2024-11-07,Fuerza Regida,1,2.0
2024-11-07,Gunna,1,2.0
2024-11-07,J. Cole,1,2.0
2024-11-07,Jung Kook,2,4.0
2024-11-07,KAROL G,1,2.0
2024-11-07,Kenya Grace,1,2.0
2024-11-07,Lil Tecca,1,2.0
2024-11-07,Mariah Carey,1,2.0
2024-11-07,Mitski,1,2.0
2024-11-07,Morgan Wallen,3,6.0
2024-11-07,Noah Kahan,1,2.0
2024-11-07,Olivia Rodrigo,3,6.0
2024-11-07,Peso Pluma,1,2.0
2024-11-07,SZA,2,4.0
2024-11-07,Tate McRae,1,2.0
2024-11-07,Taylor Swift,11,22.0
2024-11-07,The Beatles,1,2.0
2024-11-07,The Neighbourhood,1,2.0
2024-11-07,Travis Scott,1,2.0
2024-11-07,Tyla,1,2.0
2024-11-07,"Tyler, The Creator",1,2.0
2024-11-07,Zach Bryan,2,4.0
2024-11-08,Bad Bunny,2,4.0
2024-11-08,Bing Crosby & Fred Astaire,1,2.0
2024-11-08,Doja Cat,2,4.0
2024-11-08,Drake,3,6.0
2024-11-08,Eslabon Armado,1,2.0
2024-11-08,Frank Ocean,1,2.0
2024-11-08,Fuerza Regida,1,2.0
2024-11-08,Gunna,1,2.0
2024-11-08,J. Cole,1,2.0
2024-11-08,Jung Kook,2,4.0
2024-11-08,KAROL G,1,2.0
2024-11-08,Kenya Grace,1,2.0
2024-11-08,Lil Tecca,1,2.0
2024-11-08,Mariah Carey,1,2.0
2024-11-08,Mitski,1,2.0
2024-11-08,Morgan Wallen,3,6.0
2024-11-08,Noah Kahan,1,2.0
2024-11-08,Olivia Rodrigo,3,6.0
2024-11-08,Peso Pluma,1,2.0
2024-11-08,SZA,2,4.0
2024-11-08,Steve Lacy,1,2.0
2024-11-08,TV Girl,1,2.0
2024-11-08,Tate McRae,1,2.0
2024-11-08,Taylor Swift,10,20.0
2024-11-08,The Neighbourhood,1,2.0
2024-11-08,Travis Scott,1,2.0
2024-11-08,Tyla,1,2.0
2024-11-08,"Tyler, The Creator",1,2.0
2024-11-08,Zach Bryan,2,4.0
2024-11-08,d4vd,1,2.0
2024-11-09,Bad Bunny,2,4.0
2024-11-09,Bing Crosby & Fred Astaire,1,2.0
2024-11-09,Calle 24 & Chino Pacas & Fuerza Regida,1,2.0
2024-11-09,Doja Cat,2,4.0
2024-11-09,Drake,3,6.0
2024-11-09,Frank Ocean,1,2.0
2024-11-09,Fuerza Regida,1,2.0
2024-11-09,Gunna,1,2.0
2024-11-09,Hotel Ugly,1,2.0
2024-11-09,J. Cole,1,2.0
2024-11-09,Jung Kook,2,4.0
2024-11-09,KAROL G,1,2.0
2024-11-09,Kenya Grace,1,2.0
2024-11-09,Lil Tecca,1,2.0
2024-11-09,Mariah Carey,1,2.0
2024-11-09,Mitski,1,2.0
2024-11-09,Morgan Wallen,4,8.0
2024-11-09,Noah Kahan,1,2.0
2024-11-09,Olivia Rodrigo,3,6.0
2024-11-09,Peso Pluma,1,2.0
2024-11-09,SZA,2,4.0
2024-11-09,Steve Lacy,1,2.0
2024-11-09,TV Girl,1,2.0
2024-11-09,Tate McRae,1,2.0
2024-11-09,Taylor Swift,8,16.0
2024-11-09,The Neighbourhood,1,2.0
2024-11-09,Travis Scott,1,2.0
2024-11-09,Tyla,1,2.0
2024-11-09,"Tyler, The Creator",1,2.0
2024-11-09,Zach Bryan,2,4.0
2024-11-09,d4vd,1,2.0
2024-11-10,Bad Bunny,2,4.0
2024-11-10,Bing Crosby & Fred Astaire,1,2.0
2024-11-10,Calle 24 & Chino Pacas & Fuerza Regida,1,2.0
2024-11-10,Doja Cat,2,4.0
2024-11-10,Drake,3,6.0
2024-11-10,Frank Ocean,1,2.0
2024-11-10,Fuerza Regida,1,2.0
2024-11-10,Gunna,1,2.0
2024-11-10,Hotel Ugly,1,2.0
2024-11-10,J. Cole,1,2.0
2024-11-10,Jung Kook,1,2.0
2024-11-10,KAROL G,1,2.0
2024-11-10,Kenya Grace,1,2.0
2024-11-10,Lil Tecca,1,2.0
2024-11-10,Luke Combs,1,2.0
2024-11-10,Mariah Carey,1,2.0
2024-11-10,Mitski,1,2.0
2024-11-10,Morgan Wallen,4,8.0
2024-11-10,Noah Kahan,1,2.0
2024-11-10,Olivia Rodrigo,3,6.0
2024-11-10,Peso Pluma,1,2.0
2024-11-10,SZA,2,4.0
2024-11-10,Steve Lacy,1,2.0
2024-11-10,TV Girl,1,2.0
2024-11-10,Tate McRae,1,2.0
2024-11-10,Taylor Swift,8,16.0
2024-11-10,The Neighbourhood,1,2.0
2024-11-10,Travis Scott,1,2.0
2024-11-10,Tyla,1,2.0
2024-11-10,"Tyler, The Creator",1,2.0
2024-11-10,Zach Bryan,2,4.0
2024-11-10,d4vd,1,2.0
2024-11-11,Bad Bunny,2,4.0
2024-11-11,Bing Crosby & Fred Astaire,1,2.0
2024-11-11,Calle 24 & Chino Pacas & Fuerza Regida,1,2.0
2024-11-11,Chris Stapleton,1,2.0
2024-11-11,Doja Cat,2,4.0
2024-11-11,Drake,3,6.0
2024-11-11,Dua Lipa,2,4.0
2024-11-11,Frank Ocean,1,2.0
2024-11-11,Fuerza Regida,1,2.0
2024-11-11,Gunna,1,2.0
2024-11-11,J. Cole,1,2.0
2024-11-11,Jack Harlow,1,2.0
2024-11-11,Jung Kook,1,2.0
2024-11-11,KAROL G,1,2.0
2024-11-11,Kenya Grace,1,2.0
2024-11-11,Lil Tecca,1,2.0
2024-11-11,Luke Combs,1,2.0
2024-11-11,Mariah Carey,1,2.0
2024-11-11,Mitski,1,2.0
2024-11-11,Morgan Wallen,4,8.0
2024-11-11,Noah Kahan,1,2.0
2024-11-11,Noah Kahan & Hozier,1,2.0
2024-11-11,Olivia Rodrigo,2,4.0
2024-11-11,Peso Pluma,1,2.0
2024-11-11,SZA,2,4.0
2024-11-11,Tate McRae,1,2.0
2024-11-11,Taylor Swift,7,14.000000000000002
2024-11-11,The Neighbourhood,1,2.0
2024-11-11,Travis Scott,1,2.0
2024-11-11,Tyla,1,2.0
2024-11-11,"Tyler, The Creator",1,2.0
2024-11-11,Zach Bryan,3,6.0
2024-11-12,Bad Bunny,2,4.0
2024-11-12,Bing Crosby & Fred Astaire,1,2.0
2024-11-12,Bobby Helms,1,2.0
2024-11-12,Calle 24 & Chino Pacas & Fuerza Regida,1,2.0
2024-11-12,Chris Stapleton,1,2.0
2024-11-12,Doja Cat,2,4.0
2024-11-12,Drake,3,6.0
2024-11-12,Dua Lipa,2,4.0
2024-11-12,Eslabon Armado,1,2.0
2024-11-12,Frank Ocean,1,2.0
2024-11-12,Fuerza Regida,1,2.0
2024-11-12,Gunna,1,2.0
2024-11-12,J. Cole,1,2.0
2024-11-12,Jack Harlow,1,2.0
2024-11-12,Jung Kook,1,2.0
2024-11-12,KAROL G,1,2.0
2024-11-12,Kenya Grace,1,2.0
2024-11-12,Lil Tecca,1,2.0
2024-11-12,Luke Combs,1,2.0
2024-11-12,Mariah Carey,1,2.0
2024-11-12,Mitski,1,2.0
2024-11-12,Morgan Wallen,4,8.0
2024-11-12,Noah Kahan,1,2.0
2024-11-12,Noah Kahan & Hozier,1,2.0
2024-11-12,Olivia Rodrigo,1,2.0
2024-11-12,Peso Pluma,1,2.0
2024-11-12,SZA,2,4.0
2024-11-12,Tate McRae,1,2.0
2024-11-12,Taylor Swift,6,12.0
2024-11-12,The Neighbourhood,1,2.0
2024-11-12,Travis Scott,1,2.0
2024-11-12,Tyla,1,2.0
2024-11-12,"Tyler, The Creator",1,2.0
2024-11-12,Wham!,1,2.0
2024-11-12,Zach Bryan,2,4.0
2024-11-13,Bad Bunny,2,4.0
2024-11-13,Bing Crosby & Fred Astaire,1,2.0
2024-11-13,Bobby Helms,1,2.0
2024-11-13,Brenda Lee,1,2.0
2024-11-13,Calle 24 & Chino Pacas & Fuerza Regida,1,2.0
2024-11-13,Doja Cat,2,4.0
2024-11-13,Drake,3,6.0
2024-11-13,Dua Lipa,1,2.0
2024-11-13,Frank Ocean,1,2.0
2024-11-13,Fuerza Regida,1,2.0
2024-11-13,Gunna,1,2.0
2024-11-13,J. Cole,1,2.0
2024-11-13,Jack Harlow,1,2.0
2024-11-13,Jung Kook,1,2.0
2024-11-13,Kenya Grace,1,2.0
2024-11-13,Lil Tecca,1,2.0
2024-11-13,Luke Combs,1,2.0
2024-11-13,Mariah Carey,1,2.0
2024-11-13,Mitski,1,2.0
2024-11-13,Morgan Wallen,4,8.0
2024-11-13,Noah Kahan,1,2.0
2024-11-13,Noah Kahan & Hozier,1,2.0
2024-11-13,Olivia Rodrigo,1,2.0
2024-11-13,Peso Pluma,1,2.0
2024-11-13,SZA,2,4.0
2024-11-13,Tate McRae,1,2.0
2024-11-13,Taylor Swift,9,18.0
2024-11-13,The Neighbourhood,1,2.0
2024-11-13,Travis Scott,1,2.0
2024-11-13,Tyla,1,2.0
2024-11-13,"Tyler, The Creator",1,2.0
2024-11-13,Wham!,1,2.0
2024-11-13,Zach Bryan,2,4.0
2024-11-14,Bad Bunny,2,4.0
2024-11-14,Bing Crosby & Fred Astaire,1,2.0
2024-11-14,Bobby Helms,1,2.0
2024-11-14,Brenda Lee,1,2.0
2024-11-14,Calle 24 & Chino Pacas & Fuerza Regida,1,2.0
2024-11-14,Doja Cat,2,4.0
2024-11-14,Drake,3,6.0
2024-11-14,Dua Lipa,1,2.0
2024-11-14,Frank Ocean,1,2.0
2024-11-14,Fuerza Regida,1,2.0
2024-11-14,Gunna,1,2.0
2024-11-14,J. Cole,1,2.0
2024-11-14,Jack Harlow,1,2.0
2024-11-14,Jung Kook,1,2.0
2024-11-14,Kenya Grace,1,2.0
2024-11-14,Lil Tecca,1,2.0
2024-11-14,Luke Combs,1,2.0
2024-11-14,Mariah Carey,1,2.0
2024-11-14,Mitski,1,2.0
2024-11-14,Morgan Wallen,4,8.0
2024-11-14,Noah Kahan,1,2.0
2024-11-14,Noah Kahan & Hozier,1,2.0
2024-11-14,Olivia Rodrigo,1,2.0
2024-11-14,Peso Pluma,1,2.0
2024-11-14,SZA,2,4.0
2024-11-14,Tate McRae,1,2.0
2024-11-14,Taylor Swift,9,18.0
2024-11-14,The Neighbourhood,1,2.0
2024-11-14,Travis Scott,1,2.0
2024-11-14,Tyla,1,2.0
2024-11-14,"Tyler, The Creator",1,2.0
2024-11-14,Wham!,1,2.0
2024-11-14,Zach Bryan,2,4.0
2024-11-15,Bad Bunny,2,4.0
2024-11-15,Bing Crosby & Fred Astaire,1,2.0
2024-11-15,Brenda Lee,1,2.0
2024-11-15,Calle 24 & Chino Pacas & Fuerza Regida,1,2.0
2024-11-15,Doja Cat,2,4.0
2024-11-15,Drake,3,6.0
2024-11-15,Dua Lipa,1,2.0
2024-11-15,Frank Ocean,1,2.0
2024-11-15,Fuerza Regida,1,2.0
2024-11-15,Gunna,1,2.0
2024-11-15,J. Cole,1,2.0
2024-11-15,Jack Harlow,1,2.0
2024-11-15,Jung Kook,1,2.0
2024-11-15,Kenya Grace,1,2.0
2024-11-15,Lil Tecca,1,2.0
2024-11-15,Luke Combs,1,2.0
2024-11-15,Mariah Carey,1,2.0
2024-11-15,Mitski,1,2.0
2024-11-15,Morgan Wallen,4,8.0
2024-11-15,Noah Kahan,1,2.0
2024-11-15,Noah Kahan & Hozier,1,2.0
2024-11-15,Olivia Rodrigo,1,2.0
2024-11-15,Peso Pluma,1,2.0
2024-11-15,SZA,2,4.0
2024-11-15,Steve Lacy,1,2.0
2024-11-15,TV Girl,1,2.0
2024-11-15,Tate McRae,1,2.0
2024-11-15,Taylor Swift,7,14.000000000000002
2024-11-15,The Neighbourhood,1,2.0
2024-11-15,Travis Scott,1,2.0
2024-11-15,Tyla,1,2.0
2024-11-15,"Tyler, The Creator",1,2.0
2024-11-15,Wham!,1,2.0
2024-11-15,Zach Bryan,2,4.0
2024-11-15,d4vd,1,2.0
2024-11-16,Bad Bunny,2,4.0
2024-11-16,Bing Crosby & Fred Astaire,1,2.0
2024-11-16,Brenda Lee,1,2.0
2024-11-16,Calle 24 & Chino Pacas & Fuerza Regida,1,2.0
2024-11-16,Doja Cat,2,4.0
2024-11-16,Drake,3,6.0
2024-11-16,Dua Lipa,1,2.0
2024-11-16,Frank Ocean,1,2.0
2024-11-16,Fuerza Regida,1,2.0
2024-11-16,Gunna,1,2.0
2024-11-16,Hotel Ugly,1,2.0
2024-11-16,J. Cole,1,2.0
2024-11-16,Jack Harlow,1,2.0
2024-11-16,Jung Kook,1,2.0
2024-11-16,Kenya Grace,1,2.0
2024-11-16,Lil Tecca,1,2.0
2024-11-16,Luke Combs,1,2.0
2024-11-16,Mariah Carey,1,2.0
2024-11-16,Mitski,1,2.0
2024-11-16,Morgan Wallen,4,8.0
2024-11-16,Noah Kahan,1,2.0
2024-11-16,Noah Kahan & Hozier,1,2.0
2024-11-16,Olivia Rodrigo,1,2.0
2024-11-16,Peso Pluma,1,2.0
2024-11-16,SZA,2,4.0
2024-11-16,Steve Lacy,1,2.0
2024-11-16,TV Girl,1,2.0
2024-11-16,Tate McRae,1,2.0
2024-11-16,Taylor Swift,6,12.0
2024-11-16,The Neighbourhood,1,2.0
2024-11-16,Travis Scott,1,2.0
2024-11-16,Tyla,1,2.0
2024-11-16,"Tyler, The Creator",1,2.0
2024-11-16,Wham!,1,2.0
2024-11-16,Zach Bryan,2,4.0
2024-11-16,d4vd,1,2.0
2024-11-17,Bad Bunny,2,4.0
2024-11-17,Bing Crosby & Fred Astaire,1,2.0
2024-11-17,Bobby Helms,1,2.0
2024-11-17,Brenda Lee,1,2.0
2024-11-17,Calle 24 & Chino Pacas & Fuerza Regida,1,2.0
2024-11-17,Doja Cat,2,4.0
2024-11-17,Drake,4,8.0
2024-11-17,Dua Lipa,1,2.0
2024-11-17,Frank Ocean,1,2.0
2024-11-17,Fuerza Regida,1,2.0
2024-11-17,Gunna,1,2.0
2024-11-17,J. Cole,1,2.0
2024-11-17,Jack Harlow,1,2.0
2024-11-17,Jung Kook,1,2.0
2024-11-17,Kenya Grace,1,2.0
2024-11-17,Lil Tecca,1,2.0
2024-11-17,Luke Combs,1,2.0
2024-11-17,Mariah Carey,1,2.0
2024-11-17,Mitski,1,2.0
2024-11-17,Morgan Wallen,4,8.0
2024-11-17,Noah Kahan,1,2.0
2024-11-17,Noah Kahan & Hozier,1,2.0
2024-11-17,Olivia Rodrigo,1,2.0
2024-11-17,Peso Pluma,1,2.0
2024-11-17,SZA,2,4.0
2024-11-17,Steve Lacy,1,2.0
2024-11-17,TV Girl,1,2.0
2024-11-17,Tate McRae,1,2.0
2024-11-17,Taylor Swift,5,10.0
2024-11-17,The Neighbourhood,1,2.0
2024-11-17,Travis Scott,1,2.0
2024-11-17,Tyla,1,2.0
2024-11-17,"Tyler, The Creator",1,2.0
2024-11-17,Wham!,1,2.0
2024-11-17,Zach Bryan,2,4.0
2024-11-17,d4vd,1,2.0
2024-11-18,André 3000,1,2.0
2024-11-18,Bad Bunny,1,2.0
2024-11-18,Bing Crosby & Fred Astaire,1,2.0
2024-11-18,Brenda Lee,1,2.0
2024-11-18,Doja Cat,2,4.0
2024-11-18,Drake,10,20.0
2024-11-18,Dua Lipa,1,2.0
2024-11-18,Frank Ocean,1,2.0
2024-11-18,Fuerza Regida,1,2.0
2024-11-18,Gunna,1,2.0
2024-11-18,J. Cole,1,2.0
2024-11-18,Jack Harlow,1,2.0
2024-11-18,Kenya Grace,1,2.0
2024-11-18,Lil Tecca,1,2.0
2024-11-18,Mariah Carey,1,2.0
2024-11-18,Mitski,1,2.0
2024-11-18,Morgan Wallen,3,6.0
2024-11-18,Noah Kahan,1,2.0
2024-11-18,Noah Kahan & Hozier,1,2.0
2024-11-18,Olivia Rodrigo,1,2.0
2024-11-18,Olivia Rodrigo & Rachel Zegler & Flatland Cavalry,1,2.0
2024-11-18,Peso Pluma,1,2.0
2024-11-18,SZA,2,4.0
2024-11-18,Tate McRae,2,4.0
2024-11-18,Taylor Swift,5,10.0
2024-11-18,The Neighbourhood,1,2.0
2024-11-18,Travis Scott,1,2.0
2024-11-18,Tyla,1,2.0
2024-11-18,"Tyler, The Creator",1,2.0
2024-11-18,Wham!,1,2.0
2024-11-18,Zach Bryan,2,4.0
2024-11-19,Andy Williams,1,2.0
2024-11-19,Bad Bunny,1,2.0
2024-11-19,Bing Crosby & Fred Astaire,1,2.0
2024-11-19,Bobby Helms,1,2.0
2024-11-19,Brenda Lee,1,2.0
2024-11-19,Calle 24 & Chino Pacas & Fuerza Regida,1,2.0
2024-11-19,Doja Cat,2,4.0
2024-11-19,Drake,9,18.0
2024-11-19,Dua Lipa,1,2.0
2024-11-19,Frank Ocean,1,2.0
2024-11-19,Fuerza Regida,1,2.0
2024-11-19,Gunna,1,2.0
2024-11-19,J. Cole,1,2.0
2024-11-19,Jack Harlow,1,2.0
2024-11-19,Kenya Grace,1,2.0
2024-11-19,Lil Tecca,1,2.0
2024-11-19,Mariah Carey,1,2.0
2024-11-19,Mitski,1,2.0
2024-11-19,Morgan Wallen,4,8.0
2024-11-19,Noah Kahan,1,2.0
2024-11-19,Olivia Rodrigo,1,2.0
2024-11-19,Olivia Rodrigo & Rachel Zegler & Flatland Cavalry,1,2.0
2024-11-19,Peso Pluma,1,2.0
2024-11-19,SZA,2,4.0
2024-11-19,Tate McRae,2,4.0
2024-11-19,Taylor Swift,5,10.0
2024-11-19,The Neighbourhood,1,2.0
2024-11-19,Travis Scott,1,2.0
2024-11-19,"Tyler, The Creator",1,2.0
2024-11-19,Wham!,1,2.0
2024-11-19,Zach Bryan,2,4.0
2024-11-20,Andy Williams,1,2.0
2024-11-20,Bad Bunny,1,2.0
2024-11-20,Bing Crosby & Fred Astaire,1,2.0
2024-11-20,Bobby Helms,1,2.0
2024-11-20,Brenda Lee,1,2.0
2024-11-20,Burl Ives,1,2.0
2024-11-20,Calle 24 & Chino Pacas & Fuerza Regida,1,2.0
2024-11-20,Dean Martin,1,2.0
2024-11-20,Doja Cat,2,4.0
2024-11-20,Drake,6,12.0
2024-11-20,Dua Lipa,1,2.0
2024-11-20,Frank Ocean,1,2.0
2024-11-20,Fuerza Regida,1,2.0
2024-11-20,Gunna,1,2.0
2024-11-20,J. Cole,1,2.0
2024-11-20,Jack Harlow,1,2.0
2024-11-20,Kenya Grace,1,2.0
2024-11-20,Lil Tecca,1,2.0
2024-11-20,Mariah Carey,1,2.0
2024-11-20,Michael Bublé,1,2.0
2024-11-20,Mitski,1,2.0
2024-11-20,Morgan Wallen,4,8.0
2024-11-20,Noah Kahan,1,2.0
2024-11-20,Olivia Rodrigo,1,2.0
2024-11-20,Olivia Rodrigo & Rachel Zegler & Flatland Cavalry,1,2.0
2024-11-20,Peso Pluma,1,2.0
2024-11-20,SZA,2,4.0
2024-11-20,Tate McRae,2,4.0
2024-11-20,Taylor Swift,4,8.0
2024-11-20,The Neighbourhood,1,2.0
2024-11-20,Travis Scott,1,2.0
2024-11-20,Tyla,1,2.0
2024-11-20,"Tyler, The Creator",1,2.0
2024-11-20,Wham!,1,2.0
2024-11-20,Zach Bryan,2,4.0
2024-11-21,Andy Williams,1,2.0
2024-11-21,Bad Bunny,1,2.0
2024-11-21,Bing Crosby & Fred Astaire,1,2.0
2024-11-21,Bobby Helms,1,2.0
2024-11-21,Brenda Lee,1,2.0
2024-11-21,Calle 24 & Chino Pacas & Fuerza Regida,1,2.0
2024-11-21,Dean Martin,1,2.0
2024-11-21,Doja Cat,2,4.0
2024-11-21,Drake,6,12.0
2024-11-21,Dua Lipa,1,2.0
2024-11-21,Frank Ocean,1,2.0
2024-11-21,Fuerza Regida,1,2.0
2024-11-21,Gunna,1,2.0
2024-11-21,J. Cole,1,2.0
2024-11-21,Jack Harlow,1,2.0
2024-11-21,Kenya Grace,1,2.0
2024-11-21,Lil Tecca,1,2.0
2024-11-21,Mariah Carey,1,2.0
2024-11-21,Mitski,1,2.0
2024-11-21,Morgan Wallen,4,8.0
2024-11-21,Noah Kahan,1,2.0
2024-11-21,Olivia Rodrigo,1,2.0
2024-11-21,Olivia Rodrigo & Rachel Zegler & Flatland Cavalry,1,2.0
2024-11-21,Peso Pluma,1,2.0
2024-11-21,SZA,2,4.0
2024-11-21,Steve Lacy,1,2.0
2024-11-21,TV Girl,1,2.0
2024-11-21,Tate McRae,2,4.0
2024-11-21,Taylor Swift,5,10.0
2024-11-21,The Neighbourhood,1,2.0
2024-11-21,Travis Scott,1,2.0
2024-11-21,"Tyler, The Creator",1,2.0
2024-11-21,Wham!,1,2.0
2024-11-21,Zach Bryan,2,4.0
2024-11-22,Andy Williams,1,2.0
2024-11-22,Bad Bunny,1,2.0
2024-11-22,Bing Crosby & Fred Astaire,1,2.0
2024-11-22,Bobby Helms,1,2.0
2024-11-22,Brenda Lee,1,2.0
2024-11-22,Burl Ives,1,2.0
2024-11-22,Calle 24 & Chino Pacas & Fuerza Regida,1,2.0
2024-11-22,Dean Martin,1,2.0
2024-11-22,Doja Cat,2,4.0
2024-11-22,Drake,5,10.0
2024-11-22,Dua Lipa,1,2.0
2024-11-22,Frank Ocean,1,2.0
2024-11-22,Fuerza Regida,1,2.0
2024-11-22,Gunna,1,2.0
2024-11-22,J. Cole,1,2.0
2024-11-22,Jack Harlow,1,2.0
2024-11-22,Kenya Grace,1,2.0
2024-11-22,Lil Tecca,1,2.0
2024-11-22,Mariah Carey,1,2.0
2024-11-22,Michael Bublé,1,2.0
2024-11-22,Mitski,1,2.0
2024-11-22,Morgan Wallen,4,8.0
2024-11-22,Noah Kahan,1,2.0
2024-11-22,Olivia Rodrigo,1,2.0
2024-11-22,Olivia Rodrigo & Rachel Zegler & Flatland Cavalry,1,2.0
2024-11-22,Peso Pluma,1,2.0
2024-11-22,SZA,2,4.0
2024-11-22,TV Girl,1,2.0
2024-11-22,Tate McRae,2,4.0
2024-11-22,Taylor Swift,4,8.0
2024-11-22,The Neighbourhood,1,2.0
2024-11-22,Travis Scott,1,2.0
2024-11-22,Tyla,1,2.0
2024-11-22,"Tyler, The Creator",1,2.0
2024-11-22,Wham!,1,2.0
2024-11-22,Zach Bryan,2,4.0
2024-11-23,Andy Williams,1,2.0
2024-11-23,Ariana Grande,1,2.0
2024-11-23,Bad Bunny,1,2.0
2024-11-23,Bing Crosby & Fred Astaire,1,2.0
2024-11-23,Bobby Helms,1,2.0
2024-11-23,Brenda Lee,1,2.0
2024-11-23,Burl Ives,1,2.0
2024-11-23,Calle 24 & Chino Pacas & Fuerza Regida,1,2.0
2024-11-23,Dean Martin,1,2.0
2024-11-23,Doja Cat,2,4.0
2024-11-23,Drake,5,10.0
2024-11-23,Dua Lipa,1,2.0
2024-11-23,Frank Ocean,1,2.0
2024-11-23,Fuerza Regida,1,2.0
2024-11-23,Gunna,1,2.0
2024-11-23,J. Cole,1,2.0
2024-11-23,Jack Harlow,1,2.0
2024-11-23,Kenya Grace,1,2.0
2024-11-23,Lil Tecca,1,2.0
2024-11-23,Mariah Carey,1,2.0
2024-11-23,Michael Bublé,1,2.0
2024-11-23,Mitski,1,2.0
2024-11-23,Morgan Wallen,4,8.0
2024-11-23,Noah Kahan,1,2.0
2024-11-23,Olivia Rodrigo,1,2.0
2024-11-23,Olivia Rodrigo & Rachel Zegler & Flatland Cavalry,1,2.0
2024-11-23,SZA,2,4.0
2024-11-23,Tate McRae,2,4.0
2024-11-23,Taylor Swift,4,8.0
2024-11-23,The Neighbourhood,1,2.0
2024-11-23,Travis Scott,1,2.0
2024-11-23,Tyla,1,2.0
2024-11-23,"Tyler, The Creator",1,2.0
2024-11-23,Wham!,1,2.0
2024-11-23,Zach Bryan,2,4.0
2024-11-23,¥$ & Kanye West & Ty Dolla $ign,1,2.0
2024-11-24,Andy Williams,1,2.0
2024-11-24,Ariana Grande,1,2.0
2024-11-24,Bad Bunny,1,2.0
2024-11-24,Bing Crosby & Fred Astaire,1,2.0
2024-11-24,Bobby Helms,1,2.0
2024-11-24,Brenda Lee,1,2.0
2024-11-24,Burl Ives,1,2.0
2024-11-24,Calle 24 & Chino Pacas & Fuerza Regida,1,2.0
2024-11-24,Dean Martin,1,2.0
2024-11-24,Doja Cat,2,4.0
2024-11-24,Drake,4,8.0
2024-11-24,Frank Ocean,1,2.0
2024-11-24,Frank Sinatra,1,2.0
2024-11-24,Fuerza Regida,1,2.0
2024-11-24,Gunna,1,2.0
2024-11-24,J. Cole,1,2.0
2024-11-24,Jack Harlow,1,2.0
2024-11-24,José Feliciano,1,2.0
2024-11-24,Kelly Clarkson,1,2.0
2024-11-24,Kenya Grace,1,2.0
2024-11-24,Lil Tecca,1,2.0
2024-11-24,Mariah Carey,1,2.0
2024-11-24,Marvin Gaye & Tammi Terrell,1,2.0
2024-11-24,Michael Bublé,2,4.0
2024-11-24,Mitski,1,2.0
2024-11-24,Morgan Wallen,1,2.0
2024-11-24,Nat King Cole,1,2.0
2024-11-24,Noah Kahan,1,2.0
2024-11-24,Olivia Rodrigo,1,2.0
2024-11-24,Olivia Rodrigo & Rachel Zegler & Flatland Cavalry,1,2.0
2024-11-24,Perry Como,1,2.0
2024-11-24,Peso Pluma,1,2.0
2024-11-24,SZA,2,4.0
2024-11-24,Tate McRae,2,4.0
2024-11-24,Taylor Swift,3,6.0
2024-11-24,The Ronettes,1,2.0
2024-11-24,Travis Scott,1,2.0
2024-11-24,"Tyler, The Creator",1,2.0
2024-11-24,Wham!,1,2.0
2024-11-24,Zach Bryan,2,4.0
2024-11-25,Andy Williams,1,2.0
2024-11-25,Ariana Grande,1,2.0
2024-11-25,Bad Bunny,1,2.0
2024-11-25,Bing Crosby,1,2.0
2024-11-25,Bing Crosby & Fred Astaire,1,2.0
2024-11-25,Bobby Helms,1,2.0
2024-11-25,Brenda Lee,1,2.0
2024-11-25,Burl Ives,1,2.0
2024-11-25,Chuck Berry,1,2.0
2024-11-25,Darlene Love,1,2.0
2024-11-25,Dean Martin,1,2.0
2024-11-25,Doja Cat,2,4.0
2024-11-25,Drake,3,6.0
2024-11-25,Eartha Kitt,1,2.0
2024-11-25,Elvis Presley,1,2.0
2024-11-25,Frank Sinatra,2,4.0
2024-11-25,Fuerza Regida,1,2.0
2024-11-25,Gunna,1,2.0
2024-11-25,Jack Harlow,1,2.0
2024-11-25,José Feliciano,1,2.0
2024-11-25,Justin Bieber,1,2.0
2024-11-25,Kelly Clarkson,1,2.0
2024-11-25,Lil Tecca,1,2.0
2024-11-25,Mariah Carey,1,2.0
2024-11-25,Michael Bublé,2,4.0
2024-11-25,Mitski,1,2.0
2024-11-25,Morgan Wallen,1,2.0
2024-11-25,Nat King Cole,2,4.0
2024-11-25,Noah Kahan,1,2.0
2024-11-25,Olivia Rodrigo & Rachel Zegler & Flatland Cavalry,1,2.0
2024-11-25,Perry Como,1,2.0
2024-11-25,SZA,2,4.0
2024-11-25,Tate McRae,2,4.0
2024-11-25,Taylor Swift,3,6.0
2024-11-25,The Beach Boys,1,2.0
2024-11-25,The Ronettes,1,2.0
2024-11-25,Travis Scott,1,2.0
2024-11-25,Wham!,1,2.0
2024-11-25,Zach Bryan,2,4.0
2024-11-26,Andy Williams,1,2.0
2024-11-26,Ariana Grande,1,2.0
2024-11-26,Bad Bunny,1,2.0
2024-11-26,Bing Crosby,1,2.0
2024-11-26,Bing Crosby & Fred Astaire,1,2.0
2024-11-26,Bobby Helms,1,2.0
2024-11-26,Brenda Lee,1,2.0
2024-11-26,Burl Ives,1,2.0
2024-11-26,Chuck Berry,1,2.0
2024-11-26,Darlene Love,1,2.0
2024-11-26,Dean Martin,1,2.0
2024-11-26,Doja Cat,2,4.0
2024-11-26,Drake,3,6.0
2024-11-26,Eartha Kitt,1,2.0
2024-11-26,Elvis Presley,1,2.0
2024-11-26,Frank Sinatra,2,4.0
2024-11-26,Fuerza Regida,1,2.0
2024-11-26,Gunna,1,2.0
2024-11-26,Jack Harlow,1,2.0
2024-11-26,José Feliciano,1,2.0
2024-11-26,Justin Bieber,1,2.0
2024-11-26,Kelly Clarkson,1,2.0
2024-11-26,Lil Tecca,1,2.0
2024-11-26,Mariah Carey,1,2.0
2024-11-26,Michael Bublé,2,4.0
2024-11-26,Mitski,1,2.0
2024-11-26,Morgan Wallen,1,2.0
2024-11-26,Nat King Cole,2,4.0
2024-11-26,Noah Kahan,1,2.0
2024-11-26,Olivia Rodrigo & Rachel Zegler & Flatland Cavalry,1,2.0
2024-11-26,Perry Como,1,2.0
2024-11-26,SZA,2,4.0
2024-11-26,Tate McRae,2,4.0
2024-11-26,Taylor Swift,3,6.0
2024-11-26,The Beach Boys,1,2.0
2024-11-26,The Ronettes,1,2.0
2024-11-26,Travis Scott,1,2.0
2024-11-26,Wham!,1,2.0
2024-11-26,Zach Bryan,2,4.0
2024-11-27,Andy Williams,1,2.0
2024-11-27,Ariana Grande,1,2.0
2024-11-27,Bad Bunny,1,2.0
2024-11-27,Bing Crosby,1,2.0
2024-11-27,Bing Crosby & Fred Astaire,1,2.0
2024-11-27,Bobby Helms,1,2.0
2024-11-27,Brenda Lee,1,2.0
2024-11-27,Burl Ives,1,2.0
2024-11-27,Chuck Berry,1,2.0
2024-11-27,Darlene Love,1,2.0
2024-11-27,Dean Martin,1,2.0
2024-11-27,Doja Cat,2,4.0
2024-11-27,Drake,2,4.0
2024-11-27,Eartha Kitt,1,2.0
2024-11-27,Elvis Presley,1,2.0
2024-11-27,Frank Ocean,1,2.0
2024-11-27,Frank Sinatra,2,4.0
2024-11-27,Fuerza Regida,1,2.0
2024-11-27,Gunna,1,2.0
2024-11-27,Jack Harlow,1,2.0
2024-11-27,José Feliciano,1,2.0
2024-11-27,Justin Bieber,1,2.0
2024-11-27,Kelly Clarkson,1,2.0
2024-11-27,Lil Tecca,1,2.0
2024-11-27,Mariah Carey,1,2.0
2024-11-27,Michael Bublé,2,4.0
2024-11-27,Mitski,1,2.0
2024-11-27,Morgan Wallen,1,2.0
2024-11-27,Nat King Cole,2,4.0
2024-11-27,Noah Kahan,1,2.0
2024-11-27,Olivia Rodrigo & Rachel Zegler & Flatland Cavalry,1,2.0
2024-11-27,Perry Como,1,2.0
2024-11-27,SZA,2,4.0
2024-11-27,Tate McRae,2,4.0
2024-11-27,Taylor Swift,3,6.0
2024-11-27,The Beach Boys,1,2.0
2024-11-27,The Ronettes,1,2.0
2024-11-27,Travis Scott,1,2.0
2024-11-27,Wham!,1,2.0
2024-11-27,Zach Bryan,2,4.0
2024-11-28,Andy Williams,1,2.0
2024-11-28,Ariana Grande,1,2.0
2024-11-28,Bad Bunny,1,2.0
2024-11-28,Bing Crosby & Fred Astaire,1,2.0
2024-11-28,Bobby Helms,1,2.0
2024-11-28,Brenda Lee,1,2.0
2024-11-28,Burl Ives,1,2.0
2024-11-28,Darlene Love,1,2.0
2024-11-28,Dean Martin,1,2.0
2024-11-28,Doja Cat,2,4.0
2024-11-28,Drake,3,6.0
2024-11-28,Elvis Presley,1,2.0
2024-11-28,Frank Ocean,1,2.0
2024-11-28,Frank Sinatra,1,2.0
2024-11-28,Fuerza Regida,1,2.0
2024-11-28,Gunna,1,2.0
2024-11-28,J. Cole,1,2.0
2024-11-28,JID,1,2.0
2024-11-28,Jack Harlow,1,2.0
2024-11-28,José Feliciano,1,2.0
2024-11-28,Kelly Clarkson,1,2.0
2024-11-28,Kenya Grace,1,2.0
2024-11-28,Lil Tecca,1,2.0
2024-11-28,Mariah Carey,1,2.0
2024-11-28,Michael Bublé,2,4.0
2024-11-28,Mitski,1,2.0
2024-11-28,Morgan Wallen,1,2.0
2024-11-28,Nat King Cole,2,4.0
2024-11-28,Noah Kahan,1,2.0
2024-11-28,Olivia Rodrigo,1,2.0
2024-11-28,Olivia Rodrigo & Rachel Zegler & Flatland Cavalry,1,2.0
2024-11-28,Perry Como,1,2.0
2024-11-28,SZA,2,4.0
2024-11-28,Tate McRae,2,4.0
2024-11-28,Taylor Swift,3,6.0
2024-11-28,The Ronettes,1,2.0
2024-11-28,Travis Scott,1,2.0
2024-11-28,"Tyler, The Creator",1,2.0
2024-11-28,Wham!,1,2.0
2024-11-28,Zach Bryan,2,4.0
2024-11-29,Andy Williams,1,2.0
2024-11-29,Ariana Grande,1,2.0
2024-11-29,Bad Bunny,1,2.0
2024-11-29,Bing Crosby & Fred Astaire,1,2.0
2024-11-29,Bobby Helms,1,2.0
2024-11-29,Brenda Lee,1,2.0
2024-11-29,Burl Ives,1,2.0
2024-11-29,Darlene Love,1,2.0
2024-11-29,Dean Martin,1,2.0
2024-11-29,Doja Cat,2,4.0
2024-11-29,Drake,3,6.0
2024-11-29,Elvis Presley,1,2.0
2024-11-29,Frank Ocean,1,2.0
2024-11-29,Frank Sinatra,1,2.0
2024-11-29,Fuerza Regida,1,2.0
2024-11-29,Gunna,1,2.0
2024-11-29,J. Cole,1,2.0
2024-11-29,JID,1,2.0
2024-11-29,Jack Harlow,1,2.0
2024-11-29,José Feliciano,1,2.0
2024-11-29,Justin Bieber,1,2.0
2024-11-29,Kelly Clarkson,1,2.0
2024-11-29,Kenya Grace,1,2.0
2024-11-29,Lil Tecca,1,2.0
2024-11-29,Mariah Carey,1,2.0
2024-11-29,Michael Bublé,2,4.0
2024-11-29,Mitski,1,2.0
2024-11-29,Morgan Wallen,1,2.0
2024-11-29,Nat King Cole,1,2.0
2024-11-29,Noah Kahan,1,2.0
2024-11-29,Olivia Rodrigo,1,2.0
2024-11-29,Olivia Rodrigo & Rachel Zegler & Flatland Cavalry,1,2.0
2024-11-29,Perry Como,1,2.0
2024-11-29,SZA,2,4.0
2024-11-29,Tate McRae,2,4.0
2024-11-29,Taylor Swift,3,6.0
2024-11-29,The Ronettes,1,2.0
2024-11-29,Travis Scott,1,2.0
2024-11-29,"Tyler, The Creator",1,2.0
2024-11-29,Wham!,1,2.0
2024-11-29,Zach Bryan,2,4.0
2024-11-30,Andy Williams,1,2.0
2024-11-30,Ariana Grande,1,2.0
2024-11-30,Bad Bunny,1,2.0
2024-11-30,Bing Crosby & Fred Astaire,1,2.0
2024-11-30,Bobby Helms,1,2.0
2024-11-30,Brenda Lee,1,2.0
2024-11-30,Burl Ives,1,2.0
2024-11-30,Dean Martin,1,2.0
2024-11-30,Doja Cat,2,4.0
2024-11-30,Drake,2,4.0
2024-11-30,Frank Ocean,1,2.0
2024-11-30,Frank Sinatra,1,2.0
2024-11-30,Fuerza Regida,1,2.0
2024-11-30,Gunna,1,2.0
2024-11-30,J. Cole,1,2.0
2024-11-30,JID,1,2.0
2024-11-30,Jack Harlow,1,2.0
2024-11-30,José Feliciano,1,2.0
2024-11-30,Kelly Clarkson,1,2.0
2024-11-30,Kendrick Lamar,1,2.0
2024-11-30,Lil Tecca,1,2.0
2024-11-30,Mariah Carey,1,2.0
2024-11-30,Michael Bublé,2,4.0
2024-11-30,Mitski,1,2.0
2024-11-30,Morgan Wallen,1,2.0
2024-11-30,Nat King Cole,1,2.0
2024-11-30,Noah Kahan,1,2.0
2024-11-30,Olivia Rodrigo,1,2.0
2024-11-30,Olivia Rodrigo & Rachel Zegler & Flatland Cavalry,1,2.0
2024-11-30,Perry Como,1,2.0
2024-11-30,SZA,2,4.0
2024-11-30,Steve Lacy,1,2.0
2024-11-30,TV Girl,1,2.0
2024-11-30,Tate McRae,2,4.0
2024-11-30,Taylor Swift,4,8.0
2024-11-30,The Neighbourhood,1,2.0
2024-11-30,The Ronettes,1,2.0
2024-11-30,Travis Scott,1,2.0
2024-11-30,"Tyler, The Creator",1,2.0
2024-11-30,Wham!,1,2.0
2024-11-30,Zach Bryan,2,4.0
2024-12-01,Andy Williams,1,2.0
2024-12-01,Ariana Grande,1,2.0
2024-12-01,Bad Bunny,1,2.0
2024-12-01,Bing Crosby & Fred Astaire,1,2.0
2024-12-01,Bobby Helms,1,2.0
2024-12-01,Brenda Lee,1,2.0
2024-12-01,Burl Ives,1,2.0
2024-12-01,Dean Martin,1,2.0
2024-12-01,Doja Cat,2,4.0
2024-12-01,Drake,2,4.0
2024-12-01,Frank Ocean,1,2.0
2024-12-01,Frank Sinatra,1,2.0
2024-12-01,Fuerza Regida,1,2.0
2024-12-01,Gunna,1,2.0
2024-12-01,J. Cole,1,2.0
2024-12-01,JID,1,2.0
2024-12-01,Jack Harlow,1,2.0
2024-12-01,José Feliciano,1,2.0
2024-12-01,Kelly Clarkson,1,2.0
2024-12-01,Kendrick Lamar,1,2.0
2024-12-01,Lil Tecca,1,2.0
2024-12-01,Mariah Carey,1,2.0
2024-12-01,Michael Bublé,2,4.0
2024-12-01,Mitski,1,2.0
2024-12-01,Morgan Wallen,1,2.0
2024-12-01,Nat King Cole,1,2.0
2024-12-01,Noah Kahan,1,2.0
2024-12-01,Olivia Rodrigo,1,2.0
2024-12-01,Olivia Rodrigo & Rachel Zegler & Flatland Cavalry,1,2.0
2024-12-01,Perry Como,1,2.0
2024-12-01,SZA,2,4.0
2024-12-01,Steve Lacy,1,2.0
2024-12-01,TV Girl,1,2.0
2024-12-01,Tate McRae,2,4.0
2024-12-01,Taylor Swift,4,8.0
2024-12-01,The Neighbourhood,1,2.0
2024-12-01,The Ronettes,1,2.0
2024-12-01,Travis Scott,1,2.0
2024-12-01,"Tyler, The Creator",1,2.0
2024-12-01,Wham!,1,2.0
2024-12-01,Zach Bryan,2,4.0
2024-12-02,Andy Williams,1,2.0
2024-12-02,Ariana Grande,1,2.0
2024-12-02,Bad Bunny,1,2.0
2024-12-02,Beyoncé,1,2.0
2024-12-02,Bing Crosby & Fred Astaire,1,2.0
2024-12-02,Bobby Helms,1,2.0
2024-12-02,Brenda Lee,1,2.0
2024-12-02,Burl Ives,1,2.0
2024-12-02,Darlene Love,1,2.0
2024-12-02,Dean Martin,1,2.0
2024-12-02,Doja Cat,2,4.0
2024-12-02,Drake,2,4.0
2024-12-02,Elvis Presley,1,2.0
2024-12-02,Frank Ocean,1,2.0
2024-12-02,Frank Sinatra,1,2.0
2024-12-02,Fuerza Regida,1,2.0
2024-12-02,Gunna,1,2.0
2024-12-02,J. Cole,1,2.0
2024-12-02,JID,1,2.0
2024-12-02,Jack Harlow,1,2.0
2024-12-02,José Feliciano,1,2.0
2024-12-02,Justin Bieber,1,2.0
2024-12-02,Kelly Clarkson,1,2.0
2024-12-02,Lil Tecca,1,2.0
2024-12-02,Mariah Carey,1,2.0
2024-12-02,Michael Bublé,2,4.0
2024-12-02,Mitski,1,2.0
2024-12-02,Morgan Wallen,1,2.0
2024-12-02,Nat King Cole,1,2.0
2024-12-02,Noah Kahan,1,2.0
2024-12-02,Olivia Rodrigo,1,2.0
2024-12-02,Olivia Rodrigo & Rachel Zegler & Flatland Cavalry,1,2.0
2024-12-02,Perry Como,1,2.0
2024-12-02,SZA,2,4.0
2024-12-02,Tate McRae,2,4.0
2024-12-02,Taylor Swift,3,6.0
2024-12-02,The Neighbourhood,1,2.0
2024-12-02,The Ronettes,1,2.0
2024-12-02,Travis Scott,1,2.0
2024-12-02,"Tyler, The Creator",1,2.0
2024-12-02,Wham!,1,2.0
2024-12-02,Zach Bryan,2,4.0
2024-12-03,Andy Williams,1,2.0
2024-12-03,Ariana Grande,1,2.0
2024-12-03,Bad Bunny,1,2.0
2024-12-03,Bing Crosby,1,2.0
2024-12-03,Bing Crosby & Fred Astaire,1,2.0
2024-12-03,Bobby Helms,1,2.0
2024-12-03,Brenda Lee,1,2.0
2024-12-03,Burl Ives,1,2.0
2024-12-03,Chuck Berry,1,2.0
2024-12-03,Darlene Love,1,2.0
2024-12-03,Dean Martin,1,2.0
2024-12-03,Doja Cat,2,4.0
2024-12-03,Drake,2,4.0
2024-12-03,Eartha Kitt,1,2.0
2024-12-03,Elvis Presley,1,2.0
2024-12-03,Frank Ocean,1,2.0
2024-12-03,Frank Sinatra,2,4.0
2024-12-03,Gunna,1,2.0
2024-12-03,J. Cole,1,2.0
2024-12-03,JID,1,2.0
2024-12-03,Jack Harlow,1,2.0
2024-12-03,José Feliciano,1,2.0
2024-12-03,Justin Bieber,1,2.0
2024-12-03,Kelly Clarkson,1,2.0
2024-12-03,Lil Tecca,1,2.0
2024-12-03,Mariah Carey,1,2.0
2024-12-03,Michael Bublé,2,4.0
2024-12-03,Mitski,1,2.0
2024-12-03,Morgan Wallen,1,2.0
2024-12-03,Nat King Cole,2,4.0
2024-12-03,Noah Kahan,1,2.0
2024-12-03,Olivia Rodrigo,1,2.0
2024-12-03,Perry Como,1,2.0
2024-12-03,SZA,2,4.0
2024-12-03,Tate McRae,1,2.0
2024-12-03,Taylor Swift,3,6.0
2024-12-03,The Beach Boys,1,2.0
2024-12-03,The Ronettes,1,2.0
2024-12-03,Travis Scott,1,2.0
2024-12-03,Wham!,1,2.0
2024-12-03,Zach Bryan,2,4.0
2024-12-04,Andy Williams,1,2.0
2024-12-04,Ariana Grande,1,2.0
2024-12-04,Bing Crosby,1,2.0
2024-12-04,Bing Crosby & Fred Astaire,1,2.0
2024-12-04,Bobby Helms,1,2.0
2024-12-04,Brenda Lee,1,2.0
2024-12-04,Burl Ives,1,2.0
2024-12-04,Chuck Berry,1,2.0
2024-12-04,Conan Gray,1,2.0
2024-12-04,Darlene Love,1,2.0
2024-12-04,Dean Martin,1,2.0
2024-12-04,Doja Cat,2,4.0
2024-12-04,Drake,2,4.0
2024-12-04,Eartha Kitt,1,2.0
2024-12-04,Elvis Presley,1,2.0
2024-12-04,Frank Ocean,1,2.0
2024-12-04,Frank Sinatra,2,4.0
2024-12-04,Gunna,1,2.0
2024-12-04,J. Cole,1,2.0
2024-12-04,Jack Harlow,1,2.0
2024-12-04,José Feliciano,1,2.0
2024-12-04,Justin Bieber,1,2.0
2024-12-04,Kelly Clarkson,1,2.0
2024-12-04,Lil Tecca,1,2.0
2024-12-04,Mariah Carey,1,2.0
2024-12-04,Michael Bublé,2,4.0
2024-12-04,Mitski,1,2.0
2024-12-04,Morgan Wallen,1,2.0
2024-12-04,Nat King Cole,2,4.0
2024-12-04,Noah Kahan,1,2.0
2024-12-04,Olivia Rodrigo,1,2.0
2024-12-04,Perry Como,1,2.0
2024-12-04,SZA,2,4.0
2024-12-04,Tate McRae,1,2.0
2024-12-04,Taylor Swift,3,6.0
2024-12-04,The Beach Boys,1,2.0
2024-12-04,The Ronettes,1,2.0
2024-12-04,Travis Scott,1,2.0
2024-12-04,"Tyler, The Creator",1,2.0
2024-12-04,Wham!,1,2.0
2024-12-04,Zach Bryan,2,4.0
2024-12-05,Andy Williams,1,2.0
2024-12-05,Ariana Grande,1,2.0
2024-12-05,Bing Crosby & Fred Astaire,1,2.0
2024-12-05,Bobby Helms,1,2.0
2024-12-05,Brenda Lee,1,2.0
2024-12-05,Burl Ives,1,2.0
2024-12-05,Conan Gray,1,2.0
2024-12-05,Darlene Love,1,2.0
2024-12-05,Dean Martin,1,2.0
2024-12-05,Doja Cat,2,4.0
2024-12-05,Drake,2,4.0
2024-12-05,Elvis Presley,1,2.0
2024-12-05,Frank Ocean,1,2.0
2024-12-05,Frank Sinatra,1,2.0
2024-12-05,Gunna,1,2.0
2024-12-05,J. Cole,1,2.0
2024-12-05,JID,1,2.0
2024-12-05,Jack Harlow,1,2.0
2024-12-05,José Feliciano,1,2.0
2024-12-05,Justin Bieber,1,2.0
2024-12-05,Kelly Clarkson,1,2.0
2024-12-05,Lil Tecca,1,2.0
2024-12-05,Mariah Carey,1,2.0
2024-12-05,Michael Bublé,2,4.0
2024-12-05,Mitski,1,2.0
2024-12-05,Morgan Wallen,1,2.0
2024-12-05,Nat King Cole,2,4.0
2024-12-05,Noah Kahan,1,2.0
2024-12-05,Olivia Rodrigo,1,2.0
2024-12-05,Olivia Rodrigo & Rachel Zegler & Flatland Cavalry,1,2.0
2024-12-05,Perry Como,1,2.0
2024-12-05,SZA,2,4.0
2024-12-05,Steve Lacy,1,2.0
2024-12-05,TV Girl,1,2.0
2024-12-05,Tate McRae,1,2.0
2024-12-05,Taylor Swift,3,6.0
2024-12-05,The Neighbourhood,1,2.0
2024-12-05,The Ronettes,1,2.0
2024-12-05,Travis Scott,1,2.0
2024-12-05,"Tyler, The Creator",1,2.0
2024-12-05,Wham!,1,2.0
2024-12-05,Zach Bryan,2,4.0
2024-12-06,Andy Williams,1,2.0
2024-12-06,Ariana Grande,1,2.0
2024-12-06,Bad Bunny,1,2.0
2024-12-06,Bing Crosby & Fred Astaire,1,2.0
2024-12-06,Bobby Helms,1,2.0
2024-12-06,Brenda Lee,1,2.0
2024-12-06,Burl Ives,1,2.0
2024-12-06,Darlene Love,1,2.0
2024-12-06,Dean Martin,1,2.0
2024-12-06,Doja Cat,2,4.0
2024-12-06,Drake,2,4.0
2024-12-06,Elvis Presley,1,2.0
2024-12-06,Frank Ocean,1,2.0
2024-12-06,Frank Sinatra,1,2.0
2024-12-06,Fuerza Regida,1,2.0
2024-12-06,Gunna,1,2.0
2024-12-06,J. Cole,1,2.0
2024-12-06,JID,1,2.0
2024-12-06,Jack Harlow,1,2.0
2024-12-06,José Feliciano,1,2.0
2024-12-06,Justin Bieber,1,2.0
2024-12-06,Kelly Clarkson,1,2.0
2024-12-06,Lil Tecca,1,2.0
2024-12-06,Mariah Carey,1,2.0
2024-12-06,Michael Bublé,2,4.0
2024-12-06,Mitski,1,2.0
2024-12-06,Morgan Wallen,1,2.0
2024-12-06,Nat King Cole,2,4.0
2024-12-06,Noah Kahan,1,2.0
2024-12-06,Olivia Rodrigo,1,2.0
2024-12-06,Olivia Rodrigo & Rachel Zegler & Flatland Cavalry,1,2.0
2024-12-06,Perry Como,1,2.0
2024-12-06,SZA,2,4.0
2024-12-06,TV Girl,1,2.0
2024-12-06,Tate McRae,2,4.0
2024-12-06,Taylor Swift,3,6.0
2024-12-06,The Ronettes,1,2.0
2024-12-06,Travis Scott,1,2.0
2024-12-06,"Tyler, The Creator",1,2.0
2024-12-06,Wham!,1,2.0
2024-12-06,Zach Bryan,2,4.0
2024-12-07,Andy Williams,1,2.0
2024-12-07,Ariana Grande,1,2.0
2024-12-07,Bad Bunny,1,2.0
2024-12-07,Bing Crosby & Fred Astaire,1,2.0
2024-12-07,Bobby Helms,1,2.0
2024-12-07,Brenda Lee,1,2.0
2024-12-07,Burl Ives,1,2.0
2024-12-07,Darlene Love,1,2.0
2024-12-07,Dean Martin,1,2.0
2024-12-07,Doja Cat,2,4.0
2024-12-07,Drake,2,4.0
2024-12-07,Elvis Presley,1,2.0
2024-12-07,Frank Ocean,1,2.0
2024-12-07,Frank Sinatra,1,2.0
2024-12-07,Fuerza Regida,1,2.0
2024-12-07,Gunna,1,2.0
2024-12-07,J. Cole,1,2.0
2024-12-07,JID,1,2.0
2024-12-07,Jack Harlow,1,2.0
2024-12-07,José Feliciano,1,2.0
2024-12-07,Justin Bieber,1,2.0
2024-12-07,Kelly Clarkson,1,2.0
2024-12-07,Lil Tecca,1,2.0
2024-12-07,Mariah Carey,1,2.0
2024-12-07,Michael Bublé,2,4.0
2024-12-07,Mitski,1,2.0
2024-12-07,Morgan Wallen,1,2.0
2024-12-07,Nat King Cole,2,4.0
2024-12-07,Noah Kahan,1,2.0
2024-12-07,Olivia Rodrigo,1,2.0
2024-12-07,Olivia Rodrigo & Rachel Zegler & Flatland Cavalry,1,2.0
2024-12-07,Perry Como,1,2.0
2024-12-07,SZA,2,4.0
2024-12-07,TV Girl,1,2.0
2024-12-07,Tate McRae,2,4.0
2024-12-07,Taylor Swift,3,6.0
2024-12-07,The Ronettes,1,2.0
2024-12-07,Travis Scott,1,2.0
2024-12-07,"Tyler, The Creator",1,2.0
2024-12-07,Wham!,1,2.0
2024-12-07,Zach Bryan,2,4.0
2024-12-08,Andy Williams,1,2.0
2024-12-08,Ariana Grande,1,2.0
2024-12-08,Bad Bunny,1,2.0
2024-12-08,Bing Crosby & Fred Astaire,1,2.0
2024-12-08,Bobby Helms,1,2.0
2024-12-08,Brenda Lee,1,2.0
2024-12-08,Burl Ives,1,2.0
2024-12-08,Darlene Love,1,2.0
2024-12-08,Dean Martin,1,2.0
2024-12-08,Doja Cat,2,4.0
2024-12-08,Drake,2,4.0
2024-12-08,Elvis Presley,1,2.0
2024-12-08,Frank Ocean,1,2.0
2024-12-08,Frank Sinatra,2,4.0
2024-12-08,Fuerza Regida,1,2.0
2024-12-08,Gunna,1,2.0
2024-12-08,J. Cole,1,2.0
2024-12-08,JID,1,2.0
2024-12-08,Jack Harlow,1,2.0
2024-12-08,José Feliciano,1,2.0
2024-12-08,Justin Bieber,1,2.0
2024-12-08,Kelly Clarkson,1,2.0
2024-12-08,Lil Tecca,1,2.0
2024-12-08,Mariah Carey,1,2.0
2024-12-08,Michael Bublé,2,4.0
2024-12-08,Mitski,1,2.0
2024-12-08,Morgan Wallen,1,2.0
2024-12-08,Nat King Cole,2,4.0
2024-12-08,Noah Kahan,1,2.0
2024-12-08,Olivia Rodrigo,1,2.0
2024-12-08,Olivia Rodrigo & Rachel Zegler & Flatland Cavalry,1,2.0
2024-12-08,Perry Como,1,2.0
2024-12-08,SZA,2,4.0
2024-12-08,TV Girl,1,2.0
2024-12-08,Tate McRae,1,2.0
2024-12-08,Taylor Swift,3,6.0
2024-12-08,The Ronettes,1,2.0
2024-12-08,Travis Scott,1,2.0
2024-12-08,"Tyler, The Creator",1,2.0
2024-12-08,Wham!,1,2.0
2024-12-08,Zach Bryan,2,4.0
2024-12-09,Andy Williams,1,2.0
2024-12-09,Ariana Grande,1,2.0
2024-12-09,Bad Bunny,1,2.0
2024-12-09,Beyoncé,1,2.0
2024-12-09,Bing Crosby & Fred Astaire,1,2.0
2024-12-09,Bobby Helms,1,2.0
2024-12-09,Brenda Lee,1,2.0
2024-12-09,Burl Ives,1,2.0
2024-12-09,Darlene Love,1,2.0
2024-12-09,Dean Martin,1,2.0
2024-12-09,Doja Cat,2,4.0
2024-12-09,Drake,2,4.0
2024-12-09,Elvis Presley,1,2.0
2024-12-09,Frank Ocean,1,2.0
2024-12-09,Frank Sinatra,1,2.0
2024-12-09,Fuerza Regida,1,2.0
2024-12-09,Gunna,1,2.0
2024-12-09,J. Cole,1,2.0
2024-12-09,JID,1,2.0
2024-12-09,Jack Harlow,1,2.0
2024-12-09,José Feliciano,1,2.0
2024-12-09,Justin Bieber,1,2.0
2024-12-09,Kelly Clarkson,1,2.0
2024-12-09,Lil Tecca,1,2.0
2024-12-09,Mariah Carey,1,2.0
2024-12-09,Michael Bublé,2,4.0
2024-12-09,Mitski,1,2.0
2024-12-09,Morgan Wallen,1,2.0
2024-12-09,Nat King Cole,2,4.0
2024-12-09,Noah Kahan,1,2.0
2024-12-09,Olivia Rodrigo,1,2.0
2024-12-09,Olivia Rodrigo & Rachel Zegler & Flatland Cavalry,1,2.0
2024-12-09,Perry Como,1,2.0
2024-12-09,SZA,2,4.0
2024-12-09,Tate McRae,1,2.0
2024-12-09,Taylor Swift,3,6.0
2024-12-09,The Beach Boys,1,2.0
2024-12-09,The Ronettes,1,2.0
2024-12-09,Travis Scott,1,2.0
2024-12-09,"Tyler, The Creator",1,2.0
2024-12-09,Wham!,1,2.0
2024-12-09,Zach Bryan,2,4.0
2024-12-10,Andy Williams,1,2.0
2024-12-10,Ariana Grande,1,2.0
2024-12-10,Bing Crosby & Fred Astaire,1,2.0
2024-12-10,Bobby Helms,1,2.0
2024-12-10,Brenda Lee,1,2.0
2024-12-10,Burl Ives,1,2.0
2024-12-10,Darlene Love,1,2.0
2024-12-10,Dean Martin,1,2.0
2024-12-10,Doja Cat,2,4.0
2024-12-10,Drake,2,4.0
2024-12-10,Eartha Kitt,1,2.0
2024-12-10,Frank Sinatra,1,2.0
2024-12-10,Gunna,1,2.0
2024-12-10,JID,1,2.0
2024-12-10,Jack Harlow,1,2.0
2024-12-10,José Feliciano,1,2.0
2024-12-10,Kelly Clarkson,1,2.0
2024-12-10,Lil Tecca,1,2.0
2024-12-10,Mariah Carey,1,2.0
2024-12-10,Michael Bublé,2,4.0
2024-12-10,Mitski,1,2.0
2024-12-10,Morgan Wallen,1,2.0
2024-12-10,Nat King Cole,1,2.0
2024-12-10,Nicki Minaj,9,18.0
2024-12-10,Noah Kahan,1,2.0
2024-12-10,Perry Como,1,2.0
2024-12-10,SZA,2,4.0
2024-12-10,Tate McRae,3,6.0
2024-12-10,Taylor Swift,3,6.0
2024-12-10,The Ronettes,1,2.0
2024-12-10,Travis Scott,1,2.0
2024-12-10,Wham!,1,2.0
2024-12-10,Zach Bryan,2,4.0
2024-12-11,Andy Williams,1,2.0
2024-12-11,Ariana Grande,1,2.0
2024-12-11,Bing Crosby,1,2.0
2024-12-11,Bing Crosby & Fred Astaire,1,2.0
2024-12-11,Bobby Helms,1,2.0
2024-12-11,Brenda Lee,1,2.0
2024-12-11,Burl Ives,1,2.0
2024-12-11,Chuck Berry,1,2.0
2024-12-11,Darlene Love,1,2.0
2024-12-11,Dean Martin,1,2.0
2024-12-11,Doja Cat,2,4.0
2024-12-11,Drake,2,4.0
2024-12-11,Eartha Kitt,1,2.0
2024-12-11,Elvis Presley,1,2.0
2024-12-11,Frank Sinatra,2,4.0
2024-12-11,Gunna,1,2.0
2024-12-11,JID,1,2.0
2024-12-11,Jack Harlow,1,2.0
2024-12-11,José Feliciano,1,2.0
2024-12-11,Justin Bieber,1,2.0
2024-12-11,Kelly Clarkson,1,2.0
2024-12-11,Lil Tecca,1,2.0
2024-12-11,Mariah Carey,1,2.0
2024-12-11,Michael Bublé,2,4.0
2024-12-11,Mitski,1,2.0
2024-12-11,Morgan Wallen,1,2.0
2024-12-11,Nat King Cole,2,4.0
2024-12-11,Nicki Minaj,3,6.0
2024-12-11,Noah Kahan,1,2.0
2024-12-11,Paul McCartney,1,2.0
2024-12-11,Perry Como,1,2.0
2024-12-11,SZA,1,2.0
2024-12-11,Tate McRae,3,6.0
2024-12-11,Taylor Swift,3,6.0
2024-12-11,The Beach Boys,1,2.0
2024-12-11,The Ronettes,1,2.0
2024-12-11,Wham!,1,2.0
2024-12-11,Zach Bryan,2,4.0
2024-12-12,Andy Williams,1,2.0
2024-12-12,Ariana Grande,1,2.0
2024-12-12,Bing Crosby,1,2.0
2024-12-12,Bing Crosby & Fred Astaire,1,2.0
2024-12-12,Bobby Helms,1,2.0
2024-12-12,Brenda Lee,1,2.0
2024-12-12,Burl Ives,1,2.0
2024-12-12,Chuck Berry,1,2.0
2024-12-12,Darlene Love,1,2.0
2024-12-12,Dean Martin,1,2.0
2024-12-12,Doja Cat,2,4.0
2024-12-12,Drake,2,4.0
2024-12-12,Eagles,1,2.0
2024-12-12,Eartha Kitt,1,2.0
2024-12-12,Elvis Presley,1,2.0
2024-12-12,Frank Sinatra,2,4.0
2024-12-12,Gunna,1,2.0
2024-12-12,JID,1,2.0
2024-12-12,Jack Harlow,1,2.0
2024-12-12,José Feliciano,1,2.0
2024-12-12,Justin Bieber,1,2.0
2024-12-12,Kelly Clarkson,1,2.0
2024-12-12,Lil Tecca,1,2.0
2024-12-12,Mariah Carey,1,2.0
2024-12-12,Michael Bublé,2,4.0
2024-12-12,Mitski,1,2.0
2024-12-12,Morgan Wallen,1,2.0
2024-12-12,Nat King Cole,2,4.0
2024-12-12,Nicki Minaj,2,4.0
2024-12-12,Noah Kahan,1,2.0
2024-12-12,Olivia Rodrigo,1,2.0
2024-12-12,Paul McCartney,1,2.0
2024-12-12,Perry Como,1,2.0
2024-12-12,SZA,1,2.0
2024-12-12,Tate McRae,2,4.0
2024-12-12,Taylor Swift,2,4.0
2024-12-12,The Beach Boys,1,2.0
2024-12-12,The Ronettes,1,2.0
2024-12-12,Vince Guaraldi Trio,1,2.0
2024-12-12,Wham!,1,2.0
2024-12-12,Zach Bryan,2,4.0
2024-12-13,Andy Williams,1,2.0
2024-12-13,Ariana Grande,1,2.0
2024-12-13,Bing Crosby & Fred Astaire,1,2.0
2024-12-13,Bobby Helms,1,2.0
2024-12-13,Brenda Lee,1,2.0
2024-12-13,Burl Ives,1,2.0
2024-12-13,Darlene Love,1,2.0
2024-12-13,Dean Martin,1,2.0
2024-12-13,Doja Cat,2,4.0
2024-12-13,Drake,2,4.0
2024-12-13,Eartha Kitt,1,2.0
2024-12-13,Elvis Presley,1,2.0
2024-12-13,Frank Ocean,1,2.0
2024-12-13,Frank Sinatra,2,4.0
2024-12-13,Gunna,1,2.0
2024-12-13,JID,1,2.0
2024-12-13,Jack Harlow,1,2.0
2024-12-13,José Feliciano,1,2.0
2024-12-13,Justin Bieber,1,2.0
2024-12-13,Kelly Clarkson,1,2.0
2024-12-13,Lil Tecca,1,2.0
2024-12-13,Mariah Carey,1,2.0
2024-12-13,Michael Bublé,2,4.0
2024-12-13,Mitski,1,2.0
2024-12-13,Morgan Wallen,1,2.0
2024-12-13,Nat King Cole,2,4.0
2024-12-13,Nicki Minaj,2,4.0
2024-12-13,Noah Kahan,1,2.0
2024-12-13,Olivia Rodrigo,1,2.0
2024-12-13,Perry Como,1,2.0
2024-12-13,SZA,2,4.0
2024-12-13,Tate McRae,3,6.0
2024-12-13,Taylor Swift,3,6.0
2024-12-13,The Beach Boys,1,2.0
2024-12-13,The Ronettes,1,2.0
2024-12-13,Travis Scott,1,2.0
2024-12-13,Wham!,1,2.0
2024-12-13,Zach Bryan,2,4.0
2024-12-14,Andy Williams,1,2.0
2024-12-14,Ariana Grande,1,2.0
2024-12-14,Bing Crosby & Fred Astaire,1,2.0
2024-12-14,Bobby Helms,1,2.0
2024-12-14,Brenda Lee,1,2.0
2024-12-14,Burl Ives,1,2.0
2024-12-14,Darlene Love,1,2.0
2024-12-14,Dean Martin,1,2.0
2024-12-14,Doja Cat,2,4.0
2024-12-14,Drake,2,4.0
2024-12-14,Eartha Kitt,1,2.0
2024-12-14,Elvis Presley,1,2.0
2024-12-14,Frank Ocean,1,2.0
2024-12-14,Frank Sinatra,2,4.0
2024-12-14,Gunna,1,2.0
2024-12-14,J. Cole,1,2.0
2024-12-14,JID,1,2.0
2024-12-14,Jack Harlow,1,2.0
2024-12-14,José Feliciano,1,2.0
2024-12-14,Justin Bieber,1,2.0
2024-12-14,Kelly Clarkson,1,2.0
2024-12-14,Lil Tecca,1,2.0
2024-12-14,Mariah Carey,1,2.0
2024-12-14,Michael Bublé,2,4.0
2024-12-14,Mitski,1,2.0
2024-12-14,Morgan Wallen,1,2.0
2024-12-14,Nat King Cole,1,2.0
2024-12-14,Nicki Minaj,3,6.0
2024-12-14,Noah Kahan,1,2.0
2024-12-14,Olivia Rodrigo,1,2.0
2024-12-14,Perry Como,1,2.0
2024-12-14,SZA,2,4.0
2024-12-14,Tate McRae,3,6.0
2024-12-14,Taylor Swift,3,6.0
2024-12-14,The Ronettes,1,2.0
2024-12-14,Travis Scott,1,2.0
2024-12-14,Wham!,1,2.0
2024-12-14,Zach Bryan,2,4.0
2024-12-15,Andy Williams,1,2.0
2024-12-15,Ariana Grande,1,2.0
2024-12-15,Bing Crosby & Fred Astaire,1,2.0
2024-12-15,Bobby Helms,1,2.0
2024-12-15,Brenda Lee,1,2.0
2024-12-15,Burl Ives,1,2.0
2024-12-15,Chuck Berry,1,2.0
2024-12-15,Darlene Love,1,2.0
2024-12-15,Dean Martin,1,2.0
2024-12-15,Doja Cat,2,4.0
2024-12-15,Drake,2,4.0
2024-12-15,Eartha Kitt,1,2.0
2024-12-15,Elvis Presley,1,2.0
2024-12-15,Frank Sinatra,2,4.0
2024-12-15,Gunna,1,2.0
2024-12-15,JID,1,2.0
2024-12-15,Jack Harlow,1,2.0
2024-12-15,José Feliciano,1,2.0
2024-12-15,Justin Bieber,1,2.0
2024-12-15,Kelly Clarkson,1,2.0
2024-12-15,Lil Tecca,1,2.0
2024-12-15,Mariah Carey,1,2.0
2024-12-15,Michael Bublé,2,4.0
2024-12-15,Mitski,1,2.0
2024-12-15,Morgan Wallen,1,2.0
2024-12-15,Nat King Cole,2,4.0
2024-12-15,Nicki Minaj,3,6.0
2024-12-15,Noah Kahan,1,2.0
2024-12-15,Olivia Rodrigo,1,2.0
2024-12-15,Perry Como,1,2.0
2024-12-15,SZA,2,4.0
2024-12-15,Tate McRae,2,4.0
2024-12-15,Taylor Swift,3,6.0
2024-12-15,The Beach Boys,1,2.0
2024-12-15,The Ronettes,1,2.0
2024-12-15,Travis Scott,1,2.0
2024-12-15,Wham!,1,2.0
2024-12-15,Zach Bryan,2,4.0
2024-12-16,Andy Williams,1,2.0
2024-12-16,Ariana Grande,1,2.0
2024-12-16,Bing Crosby & Fred Astaire,1,2.0
2024-12-16,Bobby Helms,1,2.0
2024-12-16,Brenda Lee,1,2.0
2024-12-16,Burl Ives,1,2.0
2024-12-16,Chuck Berry,1,2.0
2024-12-16,Darlene Love,1,2.0
2024-12-16,Dean Martin,1,2.0
2024-12-16,Doja Cat,2,4.0
2024-12-16,Drake,2,4.0
2024-12-16,Eartha Kitt,1,2.0
2024-12-16,Elvis Presley,1,2.0
2024-12-16,Frank Sinatra,2,4.0
2024-12-16,Gunna,1,2.0
2024-12-16,JID,1,2.0
2024-12-16,Jack Harlow,1,2.0
2024-12-16,José Feliciano,1,2.0
2024-12-16,Justin Bieber,1,2.0
2024-12-16,Kelly Clarkson,1,2.0
2024-12-16,Lil Tecca,1,2.0
2024-12-16,Mariah Carey,1,2.0
2024-12-16,Michael Bublé,2,4.0
2024-12-16,Mitski,1,2.0
2024-12-16,Morgan Wallen,1,2.0
2024-12-16,Nat King Cole,2,4.0
2024-12-16,Nicki Minaj,3,6.0
2024-12-16,Noah Kahan,1,2.0
2024-12-16,Olivia Rodrigo,1,2.0
2024-12-16,Perry Como,1,2.0
2024-12-16,SZA,2,4.0
2024-12-16,Tate McRae,2,4.0
2024-12-16,Taylor Swift,3,6.0
2024-12-16,The Beach Boys,1,2.0
2024-12-16,The Ronettes,1,2.0
2024-12-16,Travis Scott,1,2.0
2024-12-16,Wham!,1,2.0
2024-12-16,Zach Bryan,2,4.0
2024-12-17,Andy Williams,1,2.0
2024-12-17,Ariana Grande,1,2.0
2024-12-17,Bing Crosby,1,2.0
2024-12-17,Bing Crosby & Fred Astaire,1,2.0
2024-12-17,Bobby Helms,1,2.0
2024-12-17,Brenda Lee,1,2.0
2024-12-17,Burl Ives,2,4.0
2024-12-17,Chuck Berry,1,2.0
2024-12-17,Darlene Love,1,2.0
2024-12-17,Dean Martin,1,2.0
2024-12-17,Doja Cat,2,4.0
2024-12-17,Drake,2,4.0
2024-12-17,Eagles,1,2.0
2024-12-17,Eartha Kitt,1,2.0
2024-12-17,Elvis Presley,1,2.0
2024-12-17,Frank Sinatra,2,4.0
2024-12-17,Gunna,1,2.0
2024-12-17,JID,1,2.0
2024-12-17,Jack Harlow,1,2.0
2024-12-17,José Feliciano,1,2.0
2024-12-17,Justin Bieber,1,2.0
2024-12-17,Kelly Clarkson,1,2.0
2024-12-17,Lil Tecca,1,2.0
2024-12-17,Mariah Carey,1,2.0
2024-12-17,Michael Bublé,2,4.0
2024-12-17,Mitski,1,2.0
2024-12-17,Morgan Wallen,1,2.0
2024-12-17,Nat King Cole,2,4.0
2024-12-17,Nicki Minaj,2,4.0
2024-12-17,Noah Kahan,1,2.0
2024-12-17,Olivia Rodrigo,1,2.0
2024-12-17,Paul McCartney,1,2.0
2024-12-17,Perry Como,1,2.0
2024-12-17,SZA,1,2.0
2024-12-17,Tate McRae,1,2.0
2024-12-17,Taylor Swift,2,4.0
2024-12-17,The Beach Boys,1,2.0
2024-12-17,The Ronettes,1,2.0
2024-12-17,Vince Guaraldi Trio,1,2.0
2024-12-17,Wham!,1,2.0
2024-12-17,Zach Bryan,2,4.0
2024-12-18,Andy Williams,1,2.0
2024-12-18,Ariana Grande,1,2.0
2024-12-18,Bing Crosby,1,2.0
2024-12-18,Bing Crosby & Fred Astaire,1,2.0
2024-12-18,Bobby Helms,1,2.0
2024-12-18,Brenda Lee,1,2.0
2024-12-18,Burl Ives,2,4.0
2024-12-18,Chuck Berry,1,2.0
2024-12-18,Darlene Love,1,2.0
2024-12-18,Dean Martin,1,2.0
2024-12-18,Doja Cat,2,4.0
2024-12-18,Drake,2,4.0
2024-12-18,Eagles,1,2.0
2024-12-18,Eartha Kitt,1,2.0
2024-12-18,Elvis Presley,1,2.0
2024-12-18,Frank Sinatra,2,4.0
2024-12-18,Gunna,1,2.0
2024-12-18,JID,1,2.0
2024-12-18,Jack Harlow,1,2.0
2024-12-18,José Feliciano,1,2.0
2024-12-18,Justin Bieber,1,2.0
2024-12-18,Kelly Clarkson,1,2.0
2024-12-18,Lil Tecca,1,2.0
2024-12-18,Mariah Carey,1,2.0
2024-12-18,Michael Bublé,2,4.0
2024-12-18,Mitski,1,2.0
2024-12-18,Morgan Wallen,1,2.0
2024-12-18,Nat King Cole,2,4.0
2024-12-18,Nicki Minaj,2,4.0
2024-12-18,Noah Kahan,1,2.0
2024-12-18,Olivia Rodrigo,1,2.0
2024-12-18,Paul McCartney,1,2.0
2024-12-18,Perry Como,1,2.0
2024-12-18,SZA,1,2.0
2024-12-18,Tate McRae,1,2.0
2024-12-18,Taylor Swift,2,4.0
2024-12-18,The Beach Boys,1,2.0
2024-12-18,The Ronettes,1,2.0
2024-12-18,Vince Guaraldi Trio,1,2.0
2024-12-18,Wham!,1,2.0
2024-12-18,Zach Bryan,2,4.0
2024-12-19,Andy Williams,1,2.0
2024-12-19,Ariana Grande,1,2.0
2024-12-19,Bing Crosby,1,2.0
2024-12-19,Bing Crosby & Fred Astaire,1,2.0
2024-12-19,Bobby Helms,1,2.0
2024-12-19,Brenda Lee,1,2.0
2024-12-19,Burl Ives,2,4.0
2024-12-19,Chuck Berry,1,2.0
2024-12-19,Darlene Love,1,2.0
2024-12-19,Dean Martin,1,2.0
2024-12-19,Doja Cat,2,4.0
2024-12-19,Drake,2,4.0
2024-12-19,Eagles,1,2.0
2024-12-19,Eartha Kitt,1,2.0
2024-12-19,Elvis Presley,1,2.0
2024-12-19,Frank Sinatra,2,4.0
2024-12-19,Gunna,1,2.0
2024-12-19,JID,1,2.0
2024-12-19,Jack Harlow,1,2.0
2024-12-19,José Feliciano,1,2.0
2024-12-19,Justin Bieber,1,2.0
2024-12-19,Kelly Clarkson,1,2.0
2024-12-19,Lil Tecca,1,2.0
2024-12-19,Mariah Carey,1,2.0
2024-12-19,Michael Bublé,2,4.0
2024-12-19,Mitski,1,2.0
2024-12-19,Morgan Wallen,1,2.0
2024-12-19,Nat King Cole,2,4.0
2024-12-19,Nicki Minaj,2,4.0
2024-12-19,Noah Kahan,1,2.0
2024-12-19,Olivia Rodrigo,1,2.0
2024-12-19,Paul McCartney,1,2.0
2024-12-19,Perry Como,1,2.0
2024-12-19,SZA,1,2.0
2024-12-19,Tate McRae,1,2.0
2024-12-19,Taylor Swift,1,2.0
2024-12-19,The Beach Boys,1,2.0
2024-12-19,The Jackson 5,1,2.0
2024-12-19,The Ronettes,1,2.0
2024-12-19,Vince Guaraldi Trio,1,2.0
2024-12-19,Wham!,1,2.0
2024-12-19,Zach Bryan,2,4.0
2024-12-20,Andy Williams,1,2.0
2024-12-20,Ariana Grande,1,2.0
2024-12-20,Bing Crosby,1,2.0
2024-12-20,Bing Crosby & Fred Astaire,1,2.0
2024-12-20,Bobby Helms,1,2.0
2024-12-20,Brenda Lee,1,2.0
2024-12-20,Burl Ives,1,2.0
2024-12-20,Chuck Berry,1,2.0
2024-12-20,Darlene Love,1,2.0
2024-12-20,Dean Martin,1,2.0
2024-12-20,Doja Cat,2,4.0
2024-12-20,Drake,2,4.0
2024-12-20,Eagles,1,2.0
2024-12-20,Eartha Kitt,1,2.0
2024-12-20,Elvis Presley,1,2.0
2024-12-20,Frank Sinatra,2,4.0
2024-12-20,Gunna,1,2.0
2024-12-20,JID,1,2.0
2024-12-20,Jack Harlow,1,2.0
2024-12-20,José Feliciano,1,2.0
2024-12-20,Juice WRLD & Eminem & benny blanco,1,2.0
2024-12-20,Justin Bieber,1,2.0
2024-12-20,Kelly Clarkson,1,2.0
2024-12-20,Lil Tecca,1,2.0
2024-12-20,Mariah Carey,1,2.0
2024-12-20,Michael Bublé,2,4.0
2024-12-20,Mitski,1,2.0
2024-12-20,Morgan Wallen,1,2.0
2024-12-20,Nat King Cole,2,4.0
2024-12-20,Nicki Minaj,2,4.0
2024-12-20,Noah Kahan,1,2.0
2024-12-20,Olivia Rodrigo,1,2.0
2024-12-20,Paul McCartney,1,2.0
2024-12-20,Perry Como,1,2.0
2024-12-20,SZA,1,2.0
2024-12-20,Tate McRae,1,2.0
2024-12-20,Taylor Swift,1,2.0
2024-12-20,The Beach Boys,1,2.0
2024-12-20,The Ronettes,1,2.0
2024-12-20,Travis Scott,1,2.0
2024-12-20,Vince Guaraldi Trio,1,2.0
2024-12-20,Wham!,1,2.0
2024-12-20,Zach Bryan,2,4.0
2024-12-21,Andy Williams,1,2.0
2024-12-21,Ariana Grande,1,2.0
2024-12-21,Bing Crosby,1,2.0
2024-12-21,Bing Crosby & Fred Astaire,1,2.0
2024-12-21,Bobby Helms,1,2.0
2024-12-21,Brenda Lee,1,2.0
2024-12-21,Burl Ives,1,2.0
2024-12-21,Chuck Berry,1,2.0
2024-12-21,Darlene Love,1,2.0
2024-12-21,Dean Martin,1,2.0
2024-12-21,Doja Cat,2,4.0
2024-12-21,Drake,2,4.0
2024-12-21,Eagles,1,2.0
2024-12-21,Eartha Kitt,1,2.0
2024-12-21,Elvis Presley,1,2.0
2024-12-21,Frank Sinatra,2,4.0
2024-12-21,Gunna,1,2.0
2024-12-21,JID,1,2.0
2024-12-21,Jack Harlow,1,2.0
2024-12-21,José Feliciano,1,2.0
2024-12-21,Justin Bieber,1,2.0
2024-12-21,Kelly Clarkson,1,2.0
2024-12-21,Lil Tecca,1,2.0
2024-12-21,Mariah Carey,1,2.0
2024-12-21,Michael Bublé,2,4.0
2024-12-21,Mitski,1,2.0
2024-12-21,Morgan Wallen,1,2.0
2024-12-21,Nat King Cole,2,4.0
2024-12-21,Nicki Minaj,2,4.0
2024-12-21,Noah Kahan,1,2.0
2024-12-21,Olivia Rodrigo,1,2.0
2024-12-21,Paul McCartney,1,2.0
2024-12-21,Perry Como,1,2.0
2024-12-21,SZA,1,2.0
2024-12-21,Tate McRae,1,2.0
2024-12-21,Taylor Swift,2,4.0
2024-12-21,The Beach Boys,1,2.0
2024-12-21,The Ronettes,1,2.0
2024-12-21,Travis Scott,1,2.0
2024-12-21,Vince Guaraldi Trio,1,2.0
2024-12-21,Wham!,1,2.0
2024-12-21,Zach Bryan,2,4.0
2024-12-22,Andy Williams,1,2.0
2024-12-22,Ariana Grande,1,2.0
2024-12-22,Bing Crosby,1,2.0
2024-12-22,Bing Crosby & Fred Astaire,1,2.0
2024-12-22,Bobby Helms,1,2.0
2024-12-22,Brenda Lee,1,2.0
2024-12-22,Burl Ives,1,2.0
2024-12-22,Chuck Berry,1,2.0
2024-12-22,Darlene Love,1,2.0
2024-12-22,Dean Martin,1,2.0
2024-12-22,Doja Cat,2,4.0
2024-12-22,Drake,2,4.0
2024-12-22,Eagles,1,2.0
2024-12-22,Eartha Kitt,1,2.0
2024-12-22,Elvis Presley,1,2.0
2024-12-22,Frank Sinatra,2,4.0
2024-12-22,Gunna,1,2.0
2024-12-22,JID,1,2.0
2024-12-22,Jack Harlow,1,2.0
2024-12-22,John Lennon,1,2.0
2024-12-22,José Feliciano,1,2.0
2024-12-22,Justin Bieber,1,2.0
2024-12-22,Kelly Clarkson,1,2.0
2024-12-22,Lil Tecca,1,2.0
2024-12-22,Mariah Carey,1,2.0
2024-12-22,Michael Bublé,2,4.0
2024-12-22,Mitski,1,2.0
2024-12-22,Morgan Wallen,1,2.0
2024-12-22,Nat King Cole,2,4.0
2024-12-22,Nicki Minaj,2,4.0
2024-12-22,Noah Kahan,1,2.0
2024-12-22,Olivia Rodrigo,1,2.0
2024-12-22,Paul McCartney,1,2.0
2024-12-22,Perry Como,1,2.0
2024-12-22,SZA,1,2.0
2024-12-22,Tate McRae,1,2.0
2024-12-22,Taylor Swift,1,2.0
2024-12-22,The Beach Boys,1,2.0
2024-12-22,The Ronettes,1,2.0
2024-12-22,Travis Scott,1,2.0
2024-12-22,Vince Guaraldi Trio,1,2.0
2024-12-22,Wham!,1,2.0
2024-12-22,Zach Bryan,2,4.0
2024-12-23,Andy Williams,1,2.0
2024-12-23,Ariana Grande,1,2.0
2024-12-23,Bing Crosby,1,2.0
2024-12-23,Bing Crosby & Fred Astaire,1,2.0
2024-12-23,Bobby Helms,1,2.0
2024-12-23,Brenda Lee,1,2.0
2024-12-23,Bruce Springsteen,1,2.0
2024-12-23,Burl Ives,2,4.0
2024-12-23,Chuck Berry,1,2.0
2024-12-23,Darlene Love,1,2.0
2024-12-23,Dean Martin,1,2.0
2024-12-23,Doja Cat,2,4.0
2024-12-23,Donny Hathaway,1,2.0
2024-12-23,Drake,2,4.0
2024-12-23,Eagles,1,2.0
2024-12-23,Eartha Kitt,1,2.0
2024-12-23,Elvis Presley,1,2.0
2024-12-23,Frank Sinatra,2,4.0
2024-12-23,Gunna,1,2.0
2024-12-23,JID,1,2.0
2024-12-23,Jack Harlow,1,2.0
2024-12-23,John Lennon,1,2.0
2024-12-23,José Feliciano,1,2.0
2024-12-23,Justin Bieber,1,2.0
2024-12-23,Kelly Clarkson,1,2.0
2024-12-23,Lil Tecca,1,2.0
2024-12-23,Mariah Carey,1,2.0
2024-12-23,Michael Bublé,2,4.0
2024-12-23,Mitski,1,2.0
2024-12-23,Nat King Cole,2,4.0
2024-12-23,Nicki Minaj,1,2.0
2024-12-23,Noah Kahan,1,2.0
2024-12-23,Paul McCartney,1,2.0
2024-12-23,Perry Como,1,2.0
2024-12-23,SZA,1,2.0
2024-12-23,Sia,1,2.0
2024-12-23,Tate McRae,1,2.0
2024-12-23,Taylor Swift,1,2.0
2024-12-23,The Beach Boys,1,2.0
2024-12-23,The Ronettes,1,2.0
2024-12-23,Vince Guaraldi Trio,1,2.0
2024-12-23,Wham!,1,2.0
2024-12-23,Zach Bryan,2,4.0
2024-12-24,Andy Williams,2,4.0
2024-12-24,Ariana Grande,1,2.0
2024-12-24,Band Aid,1,2.0
2024-12-24,Bing Crosby,1,2.0
2024-12-24,Bing Crosby & Fred Astaire,1,2.0
2024-12-24,Bobby Helms,1,2.0
2024-12-24,Brenda Lee,1,2.0
2024-12-24,Bruce Springsteen,1,2.0
2024-12-24,Burl Ives,2,4.0
2024-12-24,Chuck Berry,1,2.0
2024-12-24,Darlene Love,1,2.0
2024-12-24,Dean Martin,1,2.0
2024-12-24,Doja Cat,1,2.0
2024-12-24,Donny Hathaway,1,2.0
2024-12-24,Eagles,1,2.0
2024-12-24,Eartha Kitt,1,2.0
2024-12-24,Elvis Presley,1,2.0
2024-12-24,Frank Sinatra,2,4.0
2024-12-24,Gene Autry,1,2.0
2024-12-24,Jack Harlow,1,2.0
2024-12-24,John Lennon,1,2.0
2024-12-24,José Feliciano,1,2.0
2024-12-24,Justin Bieber,1,2.0
2024-12-24,Kelly Clarkson,2,4.0
2024-12-24,Laufey,1,2.0
2024-12-24,Mariah Carey,1,2.0
2024-12-24,Michael Bublé,2,4.0
2024-12-24,Mitski,1,2.0
2024-12-24,Nat King Cole,3,6.0
2024-12-24,Nicki Minaj,1,2.0
2024-12-24,Noah Kahan,1,2.0
2024-12-24,Paul McCartney,1,2.0
2024-12-24,Perry Como,1,2.0
2024-12-24,Sia,1,2.0
2024-12-24,Tate McRae,1,2.0
2024-12-24,Taylor Swift,2,4.0
2024-12-24,The Beach Boys,1,2.0
2024-12-24,The Jackson 5,1,2.0
2024-12-24,The Ronettes,1,2.0
2024-12-24,Vince Guaraldi Trio,1,2.0
2024-12-24,Wham!,1,2.0
2024-12-24,Zach Bryan,1,2.0
2024-12-25,Andy Williams,2,4.0
2024-12-25,Ariana Grande,1,2.0
2024-12-25,Band Aid,1,2.0
2024-12-25,Bing Crosby,2,4.0
2024-12-25,Bing Crosby & Fred Astaire,1,2.0
2024-12-25,Bobby Helms,1,2.0
2024-12-25,Brenda Lee,1,2.0
2024-12-25,Bruce Springsteen,1,2.0
2024-12-25,Burl Ives,2,4.0
2024-12-25,Chuck Berry,1,2.0
2024-12-25,Darlene Love,1,2.0
2024-12-25,Dean Martin,2,4.0
2024-12-25,Donny Hathaway,1,2.0
2024-12-25,Eagles,1,2.0
2024-12-25,Eartha Kitt,1,2.0
2024-12-25,Elvis Presley,2,4.0
2024-12-25,Frank Sinatra,3,6.0
2024-12-25,Gayla Peevey,1,2.0
2024-12-25,Gene Autry,1,2.0
2024-12-25,Jack Harlow,1,2.0
2024-12-25,John Lennon,1,2.0
2024-12-25,José Feliciano,1,2.0
2024-12-25,Justin Bieber,1,2.0
2024-12-25,Kelly Clarkson,2,4.0
2024-12-25,Laufey,1,2.0
2024-12-25,Mariah Carey,2,4.0
2024-12-25,Michael Bublé,2,4.0
2024-12-25,Nat King Cole,3,6.0
2024-12-25,Paul McCartney,1,2.0
2024-12-25,Perry Como,1,2.0
2024-12-25,Sia,1,2.0
2024-12-25,Taylor Swift,1,2.0
2024-12-25,The Beach Boys,1,2.0
2024-12-25,The Jackson 5,2,4.0
2024-12-25,The Ronettes,1,2.0
2024-12-25,Vince Guaraldi Trio,1,2.0
2024-12-25,Wham!,1,2.0
2024-12-26,Andy Williams,2,4.0
2024-12-26,Ariana Grande,1,2.0
2024-12-26,Band Aid,1,2.0
2024-12-26,Bing Crosby,3,6.0
2024-12-26,Bing Crosby & Fred Astaire,1,2.0
2024-12-26,Bobby Helms,1,2.0
2024-12-26,Brenda Lee,1,2.0
2024-12-26,Bruce Springsteen,1,2.0
2024-12-26,Burl Ives,2,4.0
2024-12-26,Chuck Berry,1,2.0
2024-12-26,Darlene Love,1,2.0
2024-12-26,Dean Martin,2,4.0
2024-12-26,Donny Hathaway,1,2.0
2024-12-26,Eagles,1,2.0
2024-12-26,Eartha Kitt,1,2.0
2024-12-26,Elvis Presley,2,4.0
2024-12-26,Frank Sinatra,4,8.0
2024-12-26,Gayla Peevey,1,2.0
2024-12-26,Gene Autry,1,2.0
2024-12-26,John Lennon,1,2.0
2024-12-26,José Feliciano,1,2.0
2024-12-26,Justin Bieber,1,2.0
2024-12-26,Kelly Clarkson,2,4.0
2024-12-26,Laufey,1,2.0
2024-12-26,Mariah Carey,1,2.0
2024-12-26,Michael Bublé,2,4.0
2024-12-26,Nat King Cole,3,6.0
2024-12-26,Paul McCartney,1,2.0
2024-12-26,Perry Como,2,4.0
2024-12-26,Sia,1,2.0
2024-12-26,The Beach Boys,1,2.0
2024-12-26,The Jackson 5,2,4.0
2024-12-26,The Ronettes,1,2.0
2024-12-26,Vince Guaraldi Trio,1,2.0
2024-12-26,Wham!,1,2.0
2024-12-27,Andy Williams,2,4.0
2024-12-27,Ariana Grande,1,2.0
2024-12-27,Band Aid,1,2.0
2024-12-27,Bing Crosby,3,6.0
2024-12-27,Bing Crosby & Fred Astaire,1,2.0
2024-12-27,Bobby Helms,1,2.0
2024-12-27,Brenda Lee,1,2.0
2024-12-27,Bruce Springsteen,1,2.0
2024-12-27,Burl Ives,2,4.0
2024-12-27,Chuck Berry,1,2.0
2024-12-27,Darlene Love,1,2.0
2024-12-27,Dean Martin,2,4.0
2024-12-27,Donny Hathaway,1,2.0
2024-12-27,Eagles,1,2.0
2024-12-27,Eartha Kitt,1,2.0
2024-12-27,Elvis Presley,2,4.0
2024-12-27,Frank Sinatra,4,8.0
2024-12-27,Gayla Peevey,1,2.0
2024-12-27,Gene Autry,1,2.0
2024-12-27,John Lennon,1,2.0
2024-12-27,José Feliciano,1,2.0
2024-12-27,Justin Bieber,1,2.0
2024-12-27,Kelly Clarkson,2,4.0
2024-12-27,Laufey,1,2.0
2024-12-27,Mariah Carey,1,2.0
2024-12-27,Michael Bublé,2,4.0
2024-12-27,Nat King Cole,3,6.0
2024-12-27,Paul McCartney,1,2.0
2024-12-27,Perry Como,2,4.0
2024-12-27,Sia,1,2.0
2024-12-27,The Beach Boys,1,2.0
2024-12-27,The Jackson 5,2,4.0
2024-12-27,The Ronettes,1,2.0
2024-12-27,Vince Guaraldi Trio,1,2.0
2024-12-27,Wham!,1,2.0
2024-12-28,Bad Bunny,1,2.0
2024-12-28,Billie Eilish,1,2.0
2024-12-28,Brenda Lee,1,2.0
2024-12-28,Calle 24 & Chino Pacas & Fuerza Regida,1,2.0
2024-12-28,Doja Cat,2,4.0
2024-12-28,Drake,3,6.0
2024-12-28,Frank Ocean,1,2.0
2024-12-28,Fuerza Regida,1,2.0
2024-12-28,Gunna,1,2.0
2024-12-28,J. Cole,1,2.0
2024-12-28,JID,1,2.0
2024-12-28,Jack Harlow,1,2.0
2024-12-28,Juice WRLD & Eminem & benny blanco,1,2.0
2024-12-28,Kanye West,1,2.0
2024-12-28,Kenya Grace,1,2.0
2024-12-28,Lil Tecca,1,2.0
2024-12-28,Mitski,1,2.0
2024-12-28,Morgan Wallen,4,8.0
2024-12-28,Nicki Minaj,2,4.0
2024-12-28,Noah Kahan,1,2.0
2024-12-28,Olivia Rodrigo,1,2.0
2024-12-28,Olivia Rodrigo & Rachel Zegler & Flatland Cavalry,1,2.0
2024-12-28,Peso Pluma & Anitta,1,2.0
2024-12-28,SZA,2,4.0
2024-12-28,TV Girl,2,4.0
2024-12-28,Tate McRae,2,4.0
2024-12-28,Taylor Swift,2,4.0
2024-12-28,Teddy Swims,1,2.0
2024-12-28,The Neighbourhood,1,2.0
2024-12-28,The Weeknd & JENNIE & Lily-Rose Depp,1,2.0
2024-12-28,The Weeknd & Madonna,1,2.0
2024-12-28,Travis Scott,1,2.0
2024-12-28,Tyla,1,2.0
2024-12-28,"Tyler, The Creator",1,2.0
2024-12-28,Xavi,2,4.0
2024-12-28,Zach Bryan,2,4.0
2024-12-28,d4vd,1,2.0
2024-12-29,Bad Bunny,1,2.0
2024-12-29,Billie Eilish,1,2.0
2024-12-29,Calle 24 & Chino Pacas & Fuerza Regida,1,2.0
2024-12-29,Doja Cat,2,4.0
2024-12-29,Drake,3,6.0
2024-12-29,Frank Ocean,1,2.0
2024-12-29,Fuerza Regida,1,2.0
2024-12-29,Gunna,1,2.0
2024-12-29,J. Cole,1,2.0
2024-12-29,JID,1,2.0
2024-12-29,Jack Harlow,1,2.0
2024-12-29,Juice WRLD & Eminem & benny blanco,1,2.0
2024-12-29,Kanye West,1,2.0
2024-12-29,Kenya Grace,1,2.0
2024-12-29,Lil Tecca,1,2.0
2024-12-29,Mitski,1,2.0
2024-12-29,Morgan Wallen,4,8.0
2024-12-29,Nicki Minaj,2,4.0
2024-12-29,Noah Kahan,1,2.0
2024-12-29,Olivia Rodrigo,1,2.0
2024-12-29,Olivia Rodrigo & Rachel Zegler & Flatland Cavalry,1,2.0
2024-12-29,Peso Pluma & Anitta,1,2.0
2024-12-29,SZA,2,4.0
2024-12-29,Sabrina Carpenter,1,2.0
2024-12-29,TV Girl,2,4.0
2024-12-29,Tate McRae,2,4.0
2024-12-29,Taylor Swift,2,4.0
2024-12-29,Teddy Swims,1,2.0
2024-12-29,The Neighbourhood,1,2.0
2024-12-29,The Weeknd & JENNIE & Lily-Rose Depp,1,2.0
2024-12-29,The Weeknd & Madonna,1,2.0
2024-12-29,Travis Scott,1,2.0
2024-12-29,Tyla,1,2.0
2024-12-29,"Tyler, The Creator",1,2.0
2024-12-29,Xavi,2,4.0
2024-12-29,Zach Bryan,3,6.0
2024-12-30,Bad Bunny,1,2.0
2024-12-30,Billie Eilish,1,2.0
2024-12-30,Calle 24 & Chino Pacas & Fuerza Regida,1,2.0
2024-12-30,Doja Cat,2,4.0
2024-12-30,Drake,3,6.0
2024-12-30,Frank Ocean,1,2.0
2024-12-30,Fuerza Regida,1,2.0
2024-12-30,Gunna,1,2.0
2024-12-30,J. Cole,1,2.0
2024-12-30,JID,1,2.0
2024-12-30,Jack Harlow,1,2.0
2024-12-30,Juice WRLD & Eminem & benny blanco,1,2.0
2024-12-30,Kanye West,1,2.0
2024-12-30,Kenya Grace,1,2.0
2024-12-30,Lil Tecca,1,2.0
2024-12-30,Mitski,1,2.0
2024-12-30,Morgan Wallen,4,8.0
2024-12-30,Nicki Minaj,2,4.0
2024-12-30,Noah Kahan,1,2.0
2024-12-30,Olivia Rodrigo,1,2.0
2024-12-30,Olivia Rodrigo & Rachel Zegler & Flatland Cavalry,1,2.0
2024-12-30,Peso Pluma & Anitta,1,2.0
2024-12-30,Peso Pluma & Junior H & Oscar Maydon,1,2.0
2024-12-30,SZA,2,4.0
2024-12-30,Sabrina Carpenter,1,2.0
2024-12-30,TV Girl,2,4.0
2024-12-30,Tate McRae,2,4.0
2024-12-30,Taylor Swift,2,4.0
2024-12-30,Teddy Swims,1,2.0
2024-12-30,The Neighbourhood,1,2.0
2024-12-30,The Weeknd & JENNIE & Lily-Rose Depp,1,2.0
2024-12-30,The Weeknd & Madonna,1,2.0
2024-12-30,Travis Scott,1,2.0
2024-12-30,Tyla,1,2.0
2024-12-30,"Tyler, The Creator",1,2.0
2024-12-30,Xavi,2,4.0
2024-12-30,Zach Bryan,2,4.0
2024-12-31,Bad Bunny,1,2.0
2024-12-31,Billie Eilish,1,2.0
2024-12-31,Calle 24 & Chino Pacas & Fuerza Regida,1,2.0
2024-12-31,Doja Cat,2,4.0
2024-12-31,Drake,3,6.0
2024-12-31,Eslabon Armado,1,2.0
2024-12-31,Frank Ocean,1,2.0
2024-12-31,Fuerza Regida,1,2.0
2024-12-31,Gunna,1,2.0
2024-12-31,J. Cole,1,2.0
2024-12-31,JID,1,2.0
2024-12-31,Jack Harlow,1,2.0
2024-12-31,Juice WRLD & Eminem & benny blanco,1,2.0
2024-12-31,Kanye West,1,2.0
2024-12-31,Kenya Grace,1,2.0
2024-12-31,Lil Tecca,1,2.0
2024-12-31,Mitski,1,2.0
2024-12-31,Morgan Wallen,4,8.0
2024-12-31,Nicki Minaj,2,4.0
2024-12-31,Noah Kahan,1,2.0
2024-12-31,Olivia Rodrigo,1,2.0
2024-12-31,Olivia Rodrigo & Rachel Zegler & Flatland Cavalry,1,2.0
2024-12-31,Peso Pluma & Anitta,1,2.0
2024-12-31,SZA,2,4.0
2024-12-31,Sabrina Carpenter,1,2.0
2024-12-31,TV Girl,2,4.0
2024-12-31,Tate McRae,2,4.0
2024-12-31,Taylor Swift,2,4.0
2024-12-31,Teddy Swims,1,2.0
2024-12-31,The Neighbourhood,1,2.0
2024-12-31,The Weeknd & JENNIE & Lily-Rose Depp,1,2.0
2024-12-31,The Weeknd & Madonna,1,2.0
2024-12-31,Travis Scott,1,2.0
2024-12-31,Tyla,1,2.0
2024-12-31,"Tyler, The Creator",1,2.0
2024-12-31,Xavi,2,4.0
2024-12-31,Zach Bryan,2,4.0
2025-01-01,Bad Bunny,1,2.0
2025-01-01,Billie Eilish,1,2.0
2025-01-01,Calle 24 & Chino Pacas & Fuerza Regida,1,2.0
2025-01-01,Doja Cat,2,4.0
2025-01-01,Drake,3,6.0
2025-01-01,Dua Lipa,1,2.0
2025-01-01,Frank Ocean,1,2.0
2025-01-01,Fuerza Regida,1,2.0
2025-01-01,Gunna,1,2.0
2025-01-01,J. Cole,1,2.0
2025-01-01,JID,1,2.0
2025-01-01,Jack Harlow,1,2.0
2025-01-01,KAROL G,1,2.0
2025-01-01,Kanye West,1,2.0
2025-01-01,Kenya Grace,1,2.0
2025-01-01,Lil Tecca,1,2.0
2025-01-01,Mitski,1,2.0
2025-01-01,Morgan Wallen,2,4.0
2025-01-01,Nicki Minaj,2,4.0
2025-01-01,Noah Kahan,1,2.0
2025-01-01,Olivia Rodrigo,1,2.0
2025-01-01,Olivia Rodrigo & Rachel Zegler & Flatland Cavalry,1,2.0
2025-01-01,Peso Pluma & Anitta,1,2.0
2025-01-01,SZA,2,4.0
2025-01-01,Sabrina Carpenter,1,2.0
2025-01-01,TV Girl,2,4.0
2025-01-01,Tate McRae,2,4.0
2025-01-01,Taylor Swift,2,4.0
2025-01-01,Teddy Swims,1,2.0
2025-01-01,The Killers,1,2.0
2025-01-01,The Neighbourhood,1,2.0
2025-01-01,The Weeknd & JENNIE & Lily-Rose Depp,1,2.0
2025-01-01,The Weeknd & Madonna,1,2.0
2025-01-01,Travis Scott,2,4.0
2025-01-01,Tyla,1,2.0
2025-01-01,"Tyler, The Creator",1,2.0
2025-01-01,Xavi,2,4.0
2025-01-01,Zach Bryan,2,4.0
2025-01-02,Bad Bunny,1,2.0
2025-01-02,Billie Eilish,1,2.0
2025-01-02,Calle 24 & Chino Pacas & Fuerza Regida,1,2.0
2025-01-02,Doja Cat,2,4.0
2025-01-02,Drake,3,6.0
2025-01-02,Dua Lipa,1,2.0
2025-01-02,Frank Ocean,1,2.0
2025-01-02,Fuerza Regida,1,2.0
2025-01-02,Gunna,1,2.0
2025-01-02,J. Cole,1,2.0
2025-01-02,JID,1,2.0
2025-01-02,Jack Harlow,1,2.0
2025-01-02,KAROL G,1,2.0
2025-01-02,Kanye West,1,2.0
2025-01-02,Kenya Grace,1,2.0
2025-01-02,Lil Tecca,1,2.0
2025-01-02,Mitski,1,2.0
2025-01-02,Morgan Wallen,2,4.0
2025-01-02,Nicki Minaj,2,4.0
2025-01-02,Noah Kahan,1,2.0
2025-01-02,Olivia Rodrigo,1,2.0
2025-01-02,Olivia Rodrigo & Rachel Zegler & Flatland Cavalry,1,2.0
2025-01-02,Peso Pluma & Anitta,1,2.0
2025-01-02,SZA,2,4.0
2025-01-02,Sabrina Carpenter,1,2.0
2025-01-02,TV Girl,2,4.0
2025-01-02,Tate McRae,2,4.0
2025-01-02,Taylor Swift,2,4.0
2025-01-02,Teddy Swims,1,2.0
2025-01-02,The Killers,1,2.0
2025-01-02,The Neighbourhood,1,2.0
2025-01-02,The Weeknd & JENNIE & Lily-Rose Depp,1,2.0
2025-01-02,The Weeknd & Madonna,1,2.0
2025-01-02,Travis Scott,2,4.0
2025-01-02,Tyla,1,2.0
2025-01-02,"Tyler, The Creator",1,2.0
2025-01-02,Xavi,2,4.0
2025-01-02,Zach Bryan,2,4.0
2025-01-03,Bad Bunny,2,4.0
2025-01-03,Calle 24 & Chino Pacas & Fuerza Regida,1,2.0
2025-01-03,Doja Cat,2,4.0
2025-01-03,Drake,3,6.0
2025-01-03,Dua Lipa,1,2.0
2025-01-03,Eslabon Armado,1,2.0
2025-01-03,Frank Ocean,1,2.0
2025-01-03,Fuerza Regida,1,2.0
2025-01-03,Gunna,1,2.0
2025-01-03,Harry Styles,1,2.0
2025-01-03,J. Cole,1,2.0
2025-01-03,JID,1,2.0
2025-01-03,Jack Harlow,1,2.0
2025-01-03,Kanye West,2,4.0
2025-01-03,Lil Tecca,1,2.0
2025-01-03,Miley Cyrus,1,2.0
2025-01-03,Mitski,1,2.0
2025-01-03,Morgan Wallen,1,2.0
2025-01-03,Nicki Minaj,2,4.0
2025-01-03,Noah Kahan,1,2.0
2025-01-03,Olivia Rodrigo,1,2.0
2025-01-03,Paul Russell,1,2.0
2025-01-03,Peso Pluma & Anitta,1,2.0
2025-01-03,Rema,1,2.0
2025-01-03,Rihanna,1,2.0
2025-01-03,SZA,2,4.0
2025-01-03,Tate McRae,2,4.0
2025-01-03,Taylor Swift,3,6.0
2025-01-03,The Killers,1,2.0
2025-01-03,The Neighbourhood,1,2.0
2025-01-03,The Weeknd & JENNIE & Lily-Rose Depp,1,2.0
2025-01-03,The Weeknd & Madonna,1,2.0
2025-01-03,Travis Scott,2,4.0
2025-01-03,Tyla,1,2.0
2025-01-03,"Tyler, The Creator",1,2.0
2025-01-03,Xavi,2,4.0
2025-01-03,Zach Bryan,2,4.0
2025-01-04,Bad Bunny,1,2.0
2025-01-04,Billie Eilish,1,2.0
2025-01-04,Calle 24 & Chino Pacas & Fuerza Regida,1,2.0
2025-01-04,Doja Cat,2,4.0
2025-01-04,Drake,3,6.0
2025-01-04,Frank Ocean,1,2.0
2025-01-04,Fuerza Regida,1,2.0
2025-01-04,Gunna,1,2.0
2025-01-04,Hotel Ugly,1,2.0
2025-01-04,J. Cole,1,2.0
2025-01-04,JID,1,2.0
2025-01-04,Jack Harlow,1,2.0
2025-01-04,Kanye West,2,4.0
2025-01-04,Kenya Grace,1,2.0
2025-01-04,Lil Tecca,1,2.0
2025-01-04,Mitski,1,2.0
2025-01-04,Morgan Wallen,4,8.0
2025-01-04,Nicki Minaj,2,4.0
2025-01-04,Noah Kahan,1,2.0
2025-01-04,Olivia Rodrigo,1,2.0
2025-01-04,Olivia Rodrigo & Rachel Zegler & Flatland Cavalry,1,2.0
2025-01-04,Peso Pluma & Anitta,1,2.0
2025-01-04,SZA,2,4.0
2025-01-04,Sabrina Carpenter,1,2.0
2025-01-04,TV Girl,1,2.0
2025-01-04,Tate McRae,2,4.0
2025-01-04,Taylor Swift,2,4.0
2025-01-04,Teddy Swims,1,2.0
2025-01-04,The Neighbourhood,1,2.0
2025-01-04,The Weeknd & JENNIE & Lily-Rose Depp,1,2.0
2025-01-04,The Weeknd & Madonna,1,2.0
2025-01-04,Travis Scott,2,4.0
2025-01-04,Tyla,1,2.0
2025-01-04,"Tyler, The Creator",1,2.0
2025-01-04,Xavi,2,4.0
2025-01-04,Zach Bryan,2,4.0
2025-01-05,Bad Bunny,1,2.0
2025-01-05,Billie Eilish,1,2.0
2025-01-05,Calle 24 & Chino Pacas & Fuerza Regida,1,2.0
2025-01-05,Doja Cat,2,4.0
2025-01-05,Drake,3,6.0
2025-01-05,Frank Ocean,1,2.0
2025-01-05,Fuerza Regida,1,2.0
2025-01-05,Gunna,1,2.0
2025-01-05,Hotel Ugly,1,2.0
2025-01-05,J. Cole,1,2.0
2025-01-05,JID,1,2.0
2025-01-05,Jack Harlow,1,2.0
2025-01-05,Kanye West,2,4.0
2025-01-05,Kenya Grace,1,2.0
2025-01-05,Lil Tecca,1,2.0
2025-01-05,Mitski,1,2.0
2025-01-05,Morgan Wallen,3,6.0
2025-01-05,Nicki Minaj,2,4.0
2025-01-05,Noah Kahan,1,2.0
2025-01-05,Olivia Rodrigo,1,2.0
2025-01-05,Olivia Rodrigo & Rachel Zegler & Flatland Cavalry,1,2.0
2025-01-05,Peso Pluma & Anitta,1,2.0
2025-01-05,SZA,2,4.0
2025-01-05,Sabrina Carpenter,1,2.0
2025-01-05,TV Girl,2,4.0
2025-01-05,Tate McRae,2,4.0
2025-01-05,Taylor Swift,2,4.0
2025-01-05,Teddy Swims,1,2.0
2025-01-05,The Neighbourhood,1,2.0
2025-01-05,The Weeknd & JENNIE & Lily-Rose Depp,1,2.0
2025-01-05,The Weeknd & Madonna,1,2.0
2025-01-05,Travis Scott,2,4.0
2025-01-05,Tyla,1,2.0
2025-01-05,"Tyler, The Creator",1,2.0
2025-01-05,Xavi,2,4.0
2025-01-05,Zach Bryan,2,4.0
2025-01-06,Bad Bunny,1,2.0
2025-01-06,Billie Eilish,1,2.0
2025-01-06,Calle 24 & Chino Pacas & Fuerza Regida,1,2.0
2025-01-06,Doja Cat,2,4.0
2025-01-06,Drake,3,6.0
2025-01-06,Frank Ocean,1,2.0
2025-01-06,Fuerza Regida,1,2.0
2025-01-06,Gunna,1,2.0
2025-01-06,Hotel Ugly,1,2.0
2025-01-06,J. Cole,1,2.0
2025-01-06,JID,1,2.0
2025-01-06,Jack Harlow,1,2.0
2025-01-06,Kanye West,2,4.0
2025-01-06,Kenya Grace,1,2.0
2025-01-06,Lil Tecca,1,2.0
2025-01-06,Mitski,1,2.0
2025-01-06,Morgan Wallen,3,6.0
2025-01-06,Nicki Minaj,2,4.0
2025-01-06,Noah Kahan,1,2.0
2025-01-06,Olivia Rodrigo,1,2.0
2025-01-06,Olivia Rodrigo & Rachel Zegler & Flatland Cavalry,1,2.0
2025-01-06,Peso Pluma & Anitta,1,2.0
2025-01-06,SZA,2,4.0
2025-01-06,Sabrina Carpenter,1,2.0
2025-01-06,TV Girl,2,4.0
2025-01-06,Tate McRae,2,4.0
2025-01-06,Taylor Swift,2,4.0
2025-01-06,Teddy Swims,1,2.0
2025-01-06,The Neighbourhood,1,2.0
2025-01-06,The Weeknd & JENNIE & Lily-Rose Depp,1,2.0
2025-01-06,The Weeknd & Madonna,1,2.0
2025-01-06,Travis Scott,2,4.0
2025-01-06,Tyla,1,2.0
2025-01-06,"Tyler, The Creator",1,2.0
2025-01-06,Xavi,2,4.0
2025-01-06,Zach Bryan,2,4.0
2025-01-07,Bad Bunny,1,2.0
2025-01-07,Billie Eilish,1,2.0
2025-01-07,Calle 24 & Chino Pacas & Fuerza Regida,1,2.0
2025-01-07,Doja Cat,2,4.0
2025-01-07,Drake,3,6.0
2025-01-07,Frank Ocean,1,2.0
2025-01-07,Fuerza Regida,1,2.0
2025-01-07,Gunna,1,2.0
2025-01-07,J. Cole,1,2.0
2025-01-07,JID,1,2.0
2025-01-07,Jack Harlow,1,2.0
2025-01-07,Kanye West,1,2.0
2025-01-07,Kenya Grace,1,2.0
2025-01-07,Lil Tecca,1,2.0
2025-01-07,Luke Combs,1,2.0
2025-01-07,Mitski,1,2.0
2025-01-07,Morgan Wallen,3,6.0
2025-01-07,Nicki Minaj,2,4.0
2025-01-07,Noah Kahan,1,2.0
2025-01-07,Olivia Rodrigo,1,2.0
2025-01-07,Olivia Rodrigo & Rachel Zegler & Flatland Cavalry,1,2.0
2025-01-07,Peso Pluma & Anitta,1,2.0
2025-01-07,SZA,2,4.0
2025-01-07,Sabrina Carpenter,1,2.0
2025-01-07,Sophie Ellis-Bextor,1,2.0
2025-01-07,TV Girl,2,4.0
2025-01-07,Tate McRae,2,4.0
2025-01-07,Taylor Swift,2,4.0
2025-01-07,Teddy Swims,1,2.0
2025-01-07,The Neighbourhood,1,2.0
2025-01-07,The Weeknd & JENNIE & Lily-Rose Depp,1,2.0
2025-01-07,The Weeknd & Madonna,1,2.0
2025-01-07,Travis Scott,2,4.0
2025-01-07,Tyla,1,2.0
2025-01-07,"Tyler, The Creator",1,2.0
2025-01-07,Xavi,2,4.0
2025-01-07,Zach Bryan,2,4.0
2025-01-08,Billie Eilish,1,2.0
2025-01-08,Calle 24 & Chino Pacas & Fuerza Regida,1,2.0
2025-01-08,Doja Cat,2,4.0
2025-01-08,Drake,3,6.0
2025-01-08,Flo Milli,1,2.0
2025-01-08,Frank Ocean,1,2.0
2025-01-08,Fuerza Regida,1,2.0
2025-01-08,Gunna,1,2.0
2025-01-08,Hotel Ugly,1,2.0
2025-01-08,J. Cole,1,2.0
2025-01-08,JID,1,2.0
2025-01-08,Jack Harlow,1,2.0
2025-01-08,Kanye West,1,2.0
2025-01-08,Kenya Grace,1,2.0
2025-01-08,Lil Tecca,1,2.0
2025-01-08,Mitski,1,2.0
2025-01-08,Morgan Wallen,2,4.0
2025-01-08,Nicki Minaj,2,4.0
2025-01-08,Noah Kahan,1,2.0
2025-01-08,Olivia Rodrigo,1,2.0
2025-01-08,Olivia Rodrigo & Rachel Zegler & Flatland Cavalry,1,2.0
2025-01-08,Peso Pluma & Anitta,1,2.0
2025-01-08,SZA,2,4.0
2025-01-08,Sabrina Carpenter,1,2.0
2025-01-08,Sophie Ellis-Bextor,1,2.0
2025-01-08,Steve Lacy,1,2.0
2025-01-08,TV Girl,2,4.0
2025-01-08,Tate McRae,2,4.0
2025-01-08,Taylor Swift,2,4.0
2025-01-08,Teddy Swims,1,2.0
2025-01-08,The Neighbourhood,1,2.0
2025-01-08,The Weeknd & JENNIE & Lily-Rose Depp,1,2.0
2025-01-08,The Weeknd & Madonna,1,2.0
2025-01-08,Travis Scott,2,4.0
2025-01-08,Tyla,1,2.0
2025-01-08,"Tyler, The Creator",1,2.0
2025-01-08,Xavi,2,4.0
2025-01-08,Zach Bryan,2,4.0
2025-01-09,Billie Eilish,1,2.0
2025-01-09,Calle 24 & Chino Pacas & Fuerza Regida,1,2.0
2025-01-09,Doja Cat,2,4.0
2025-01-09,Drake,3,6.0
2025-01-09,Flo Milli,1,2.0
2025-01-09,Frank Ocean,1,2.0
2025-01-09,Fuerza Regida,1,2.0
2025-01-09,Gunna,1,2.0
2025-01-09,Hotel Ugly,1,2.0
2025-01-09,J. Cole,1,2.0
2025-01-09,JID,1,2.0
2025-01-09,Jack Harlow,1,2.0
2025-01-09,Kanye West,1,2.0
2025-01-09,Kenya Grace,1,2.0
2025-01-09,Lil Tecca,1,2.0
2025-01-09,Mitski,1,2.0
2025-01-09,Morgan Wallen,2,4.0
2025-01-09,Nicki Minaj,2,4.0
2025-01-09,Noah Kahan,1,2.0
2025-01-09,Olivia Rodrigo,1,2.0
2025-01-09,Olivia Rodrigo & Rachel Zegler & Flatland Cavalry,1,2.0
2025-01-09,Peso Pluma & Anitta,1,2.0
2025-01-09,SZA,2,4.0
2025-01-09,Sabrina Carpenter,1,2.0
2025-01-09,Sophie Ellis-Bextor,1,2.0
2025-01-09,Steve Lacy,1,2.0
2025-01-09,TV Girl,2,4.0
2025-01-09,Tate McRae,2,4.0
2025-01-09,Taylor Swift,2,4.0
2025-01-09,Teddy Swims,1,2.0
2025-01-09,The Neighbourhood,1,2.0
2025-01-09,The Weeknd & JENNIE & Lily-Rose Depp,1,2.0
2025-01-09,The Weeknd & Madonna,1,2.0
2025-01-09,Travis Scott,2,4.0
2025-01-09,Tyla,1,2.0
2025-01-09,"Tyler, The Creator",1,2.0
2025-01-09,Xavi,2,4.0
2025-01-09,Zach Bryan,2,4.0
2025-01-10,Billie Eilish,1,2.0
2025-01-10,Calle 24 & Chino Pacas & Fuerza Regida,1,2.0
2025-01-10,Doja Cat,2,4.0
2025-01-10,Drake,3,6.0
2025-01-10,Flo Milli,1,2.0
2025-01-10,Frank Ocean,1,2.0
2025-01-10,Fuerza Regida,1,2.0
2025-01-10,Gunna,1,2.0
2025-01-10,Hotel Ugly,1,2.0
2025-01-10,J. Cole,1,2.0
2025-01-10,JID,1,2.0
2025-01-10,Jack Harlow,1,2.0
2025-01-10,Kanye West,1,2.0
2025-01-10,Lil Tecca,1,2.0
2025-01-10,Miguel,1,2.0
2025-01-10,Mitski,1,2.0
2025-01-10,Morgan Wallen,2,4.0
2025-01-10,Nicki Minaj,2,4.0
2025-01-10,Noah Kahan,1,2.0
2025-01-10,Olivia Rodrigo,1,2.0
2025-01-10,Olivia Rodrigo & Rachel Zegler & Flatland Cavalry,1,2.0
2025-01-10,Peso Pluma & Anitta,1,2.0
2025-01-10,SZA,2,4.0
2025-01-10,Sabrina Carpenter,1,2.0
2025-01-10,Sophie Ellis-Bextor,1,2.0
2025-01-10,Steve Lacy,1,2.0
2025-01-10,TV Girl,2,4.0
2025-01-10,Tate McRae,2,4.0
2025-01-10,Taylor Swift,2,4.0
2025-01-10,Teddy Swims,1,2.0
2025-01-10,The Neighbourhood,1,2.0
2025-01-10,The Weeknd & JENNIE & Lily-Rose Depp,1,2.0
2025-01-10,The Weeknd & Madonna,1,2.0
2025-01-10,Travis Scott,2,4.0
2025-01-10,Tyla,1,2.0
2025-01-10,"Tyler, The Creator",1,2.0
2025-01-10,Xavi,2,4.0
2025-01-10,Zach Bryan,2,4.0
2025-01-11,Billie Eilish,1,2.0
2025-01-11,Calle 24 & Chino Pacas & Fuerza Regida,1,2.0
2025-01-11,Doja Cat,2,4.0
2025-01-11,Drake,3,6.0
2025-01-11,Flo Milli,1,2.0
2025-01-11,Frank Ocean,1,2.0
2025-01-11,Fuerza Regida,1,2.0
2025-01-11,Gunna,1,2.0
2025-01-11,Hotel Ugly,1,2.0
2025-01-11,J. Cole,1,2.0
2025-01-11,JID,1,2.0
2025-01-11,Jack Harlow,1,2.0
2025-01-11,Kanye West,1,2.0
2025-01-11,Lil Tecca,1,2.0
2025-01-11,Miguel,1,2.0
2025-01-11,Mitski,1,2.0
2025-01-11,Morgan Wallen,2,4.0
2025-01-11,Nicki Minaj,2,4.0
2025-01-11,Noah Kahan,1,2.0
2025-01-11,Olivia Rodrigo,1,2.0
2025-01-11,Olivia Rodrigo & Rachel Zegler & Flatland Cavalry,1,2.0
2025-01-11,Peso Pluma & Anitta,1,2.0
2025-01-11,SZA,2,4.0
2025-01-11,Sabrina Carpenter,1,2.0
2025-01-11,Sophie Ellis-Bextor,1,2.0
2025-01-11,Steve Lacy,1,2.0
2025-01-11,TV Girl,2,4.0
2025-01-11,Tate McRae,2,4.0
2025-01-11,Taylor Swift,2,4.0
2025-01-11,Teddy Swims,1,2.0
2025-01-11,The Neighbourhood,1,2.0
2025-01-11,The Weeknd & JENNIE & Lily-Rose Depp,1,2.0
2025-01-11,The Weeknd & Madonna,1,2.0
2025-01-11,Travis Scott,2,4.0
2025-01-11,Tyla,1,2.0
2025-01-11,"Tyler, The Creator",1,2.0
2025-01-11,Xavi,2,4.0
2025-01-11,Zach Bryan,2,4.0
2025-01-12,Billie Eilish,1,2.0
2025-01-12,Calle 24 & Chino Pacas & Fuerza Regida,1,2.0
2025-01-12,Doja Cat,2,4.0
2025-01-12,Drake,3,6.0
2025-01-12,Flo Milli,1,2.0
2025-01-12,Frank Ocean,1,2.0
2025-01-12,Fuerza Regida,1,2.0
2025-01-12,Gunna,1,2.0
2025-01-12,Hotel Ugly,1,2.0
2025-01-12,J. Cole,1,2.0
2025-01-12,JID,1,2.0
2025-01-12,Jack Harlow,1,2.0
2025-01-12,Kanye West,1,2.0
2025-01-12,Kenya Grace,1,2.0
2025-01-12,Lil Tecca,1,2.0
2025-01-12,Mitski,1,2.0
2025-01-12,Morgan Wallen,3,6.0
2025-01-12,Nicki Minaj,2,4.0
2025-01-12,Noah Kahan,1,2.0
2025-01-12,Olivia Rodrigo,1,2.0
2025-01-12,Olivia Rodrigo & Rachel Zegler & Flatland Cavalry,1,2.0
2025-01-12,Peso Pluma & Anitta,1,2.0
2025-01-12,SZA,2,4.0
2025-01-12,Sabrina Carpenter,1,2.0
2025-01-12,Sophie Ellis-Bextor,1,2.0
2025-01-12,TV Girl,2,4.0
2025-01-12,Tate McRae,2,4.0
2025-01-12,Taylor Swift,2,4.0
2025-01-12,Teddy Swims,1,2.0
2025-01-12,The Neighbourhood,1,2.0
2025-01-12,The Weeknd & JENNIE & Lily-Rose Depp,1,2.0
2025-01-12,The Weeknd & Madonna,1,2.0
2025-01-12,Travis Scott,2,4.0
2025-01-12,Tyla,1,2.0
2025-01-12,"Tyler, The Creator",1,2.0
2025-01-12,Xavi,2,4.0
2025-01-12,Zach Bryan,2,4.0
2025-01-13,Billie Eilish,1,2.0
2025-01-13,Calle 24 & Chino Pacas & Fuerza Regida,1,2.0
2025-01-13,Doja Cat,2,4.0
2025-01-13,Drake,3,6.0
2025-01-13,Flo Milli,1,2.0
2025-01-13,Frank Ocean,1,2.0
2025-01-13,Fuerza Regida,1,2.0
2025-01-13,Gunna,1,2.0
2025-01-13,Hotel Ugly,1,2.0
2025-01-13,J. Cole,1,2.0
2025-01-13,JID,1,2.0
2025-01-13,Jack Harlow,1,2.0
2025-01-13,Kanye West,2,4.0
2025-01-13,Kenya Grace,1,2.0
2025-01-13,Lil Tecca,1,2.0
2025-01-13,Mitski,1,2.0
2025-01-13,Morgan Wallen,3,6.0
2025-01-13,Nicki Minaj,2,4.0
2025-01-13,Noah Kahan,1,2.0
2025-01-13,Olivia Rodrigo,1,2.0
2025-01-13,Peso Pluma & Anitta,1,2.0
2025-01-13,SZA,2,4.0
2025-01-13,Sabrina Carpenter,1,2.0
2025-01-13,Sophie Ellis-Bextor,1,2.0
2025-01-13,TV Girl,2,4.0
2025-01-13,Tate McRae,2,4.0
2025-01-13,Taylor Swift,2,4.0
2025-01-13,Teddy Swims,1,2.0
2025-01-13,The Neighbourhood,1,2.0
2025-01-13,The Weeknd & JENNIE & Lily-Rose Depp,1,2.0
2025-01-13,The Weeknd & Madonna,1,2.0
2025-01-13,Travis Scott,2,4.0
2025-01-13,Tyla,1,2.0
2025-01-13,"Tyler, The Creator",1,2.0
2025-01-13,Xavi,2,4.0
2025-01-13,Zach Bryan,2,4.0
2025-01-14,21 Savage,13,26.0
2025-01-14,Ariana Grande,1,2.0
2025-01-14,Billie Eilish,1,2.0
2025-01-14,Doja Cat,2,4.0
2025-01-14,Drake,3,6.0
2025-01-14,Flo Milli,1,2.0
2025-01-14,Frank Ocean,1,2.0
2025-01-14,Gunna,1,2.0
2025-01-14,J. Cole,1,2.0
2025-01-14,JID,1,2.0
2025-01-14,Jack Harlow,1,2.0
2025-01-14,Kali Uchis,1,2.0
2025-01-14,Lil Tecca,1,2.0
2025-01-14,Mitski,1,2.0
2025-01-14,Morgan Wallen,1,2.0
2025-01-14,Nicki Minaj,1,2.0
2025-01-14,Noah Kahan,1,2.0
2025-01-14,Olivia Rodrigo,1,2.0
2025-01-14,SZA,2,4.0
2025-01-14,Sabrina Carpenter,1,2.0
2025-01-14,Sophie Ellis-Bextor,1,2.0
2025-01-14,Tate McRae,2,4.0
2025-01-14,Taylor Swift,2,4.0
2025-01-14,Teddy Swims,1,2.0
2025-01-14,The Weeknd & JENNIE & Lily-Rose Depp,1,2.0
2025-01-14,The Weeknd & Madonna,1,2.0
2025-01-14,Travis Scott,1,2.0
2025-01-14,"Tyler, The Creator",1,2.0
2025-01-14,Xavi,2,4.0
2025-01-14,Zach Bryan,2,4.0
2025-01-15,21 Savage,13,26.0
2025-01-15,Ariana Grande,1,2.0
2025-01-15,Billie Eilish,1,2.0
2025-01-15,Doja Cat,2,4.0
2025-01-15,Drake,3,6.0
2025-01-15,Flo Milli,1,2.0
2025-01-15,Frank Ocean,1,2.0
2025-01-15,Gunna,1,2.0
2025-01-15,J. Cole,1,2.0
2025-01-15,JID,1,2.0
2025-01-15,Jack Harlow,1,2.0
2025-01-15,Kali Uchis,1,2.0
2025-01-15,Lil Tecca,1,2.0
2025-01-15,Mitski,1,2.0
2025-01-15,Morgan Wallen,1,2.0
2025-01-15,Nicki Minaj,1,2.0
2025-01-15,Noah Kahan,1,2.0
2025-01-15,Olivia Rodrigo,1,2.0
2025-01-15,SZA,2,4.0
2025-01-15,Sabrina Carpenter,1,2.0
2025-01-15,Sophie Ellis-Bextor,1,2.0
2025-01-15,Tate McRae,2,4.0
2025-01-15,Taylor Swift,2,4.0
2025-01-15,Teddy Swims,1,2.0
2025-01-15,The Weeknd & JENNIE & Lily-Rose Depp,1,2.0
2025-01-15,The Weeknd & Madonna,1,2.0
2025-01-15,Travis Scott,1,2.0
2025-01-15,"Tyler, The Creator",1,2.0
2025-01-15,Xavi,2,4.0
2025-01-15,Zach Bryan,2,4.0
2025-01-16,21 Savage,10,20.0
2025-01-16,Ariana Grande,1,2.0
2025-01-16,Billie Eilish,1,2.0
2025-01-16,Doja Cat,2,4.0
2025-01-16,Drake,3,6.0
2025-01-16,Flo Milli,1,2.0
2025-01-16,Frank Ocean,1,2.0
2025-01-16,Gunna,1,2.0
2025-01-16,J. Cole,1,2.0
2025-01-16,JID,1,2.0
2025-01-16,Jack Harlow,1,2.0
2025-01-16,Kali Uchis,1,2.0
2025-01-16,Lil Tecca,1,2.0
2025-01-16,Mitski,1,2.0
2025-01-16,Morgan Wallen,2,4.0
2025-01-16,Nicki Minaj,1,2.0
2025-01-16,Noah Kahan,1,2.0
2025-01-16,Olivia Rodrigo,1,2.0
2025-01-16,SZA,2,4.0
2025-01-16,Sabrina Carpenter,1,2.0
2025-01-16,Sophie Ellis-Bextor,1,2.0
2025-01-16,TV Girl,2,4.0
2025-01-16,Tate McRae,2,4.0
2025-01-16,Taylor Swift,2,4.0
2025-01-16,Teddy Swims,1,2.0
2025-01-16,The Weeknd & JENNIE & Lily-Rose Depp,1,2.0
2025-01-16,The Weeknd & Madonna,1,2.0
2025-01-16,Travis Scott,1,2.0
2025-01-16,"Tyler, The Creator",1,2.0
2025-01-16,Xavi,2,4.0
2025-01-16,Zach Bryan,2,4.0
2025-01-17,21 Savage,8,16.0
2025-01-17,Ariana Grande,1,2.0
2025-01-17,Billie Eilish,1,2.0
2025-01-17,Doja Cat,2,4.0
2025-01-17,Drake,3,6.0
2025-01-17,Flo Milli,1,2.0
2025-01-17,Frank Ocean,1,2.0
2025-01-17,Gunna,1,2.0
2025-01-17,J. Cole,1,2.0
2025-01-17,JID,1,2.0
2025-01-17,Jack Harlow,1,2.0
2025-01-17,Kali Uchis,1,2.0
2025-01-17,Lil Tecca,1,2.0
2025-01-17,Mitski,1,2.0
2025-01-17,Morgan Wallen,2,4.0
2025-01-17,Nicki Minaj,1,2.0
2025-01-17,Noah Kahan,1,2.0
2025-01-17,Olivia Rodrigo,1,2.0
2025-01-17,SZA,2,4.0
2025-01-17,Sabrina Carpenter,1,2.0
2025-01-17,Sophie Ellis-Bextor,1,2.0
2025-01-17,TV Girl,2,4.0
2025-01-17,Tate McRae,2,4.0
2025-01-17,Taylor Swift,2,4.0
2025-01-17,Teddy Swims,1,2.0
2025-01-17,The Neighbourhood,1,2.0
2025-01-17,The Weeknd & JENNIE & Lily-Rose Depp,1,2.0
2025-01-17,The Weeknd & Madonna,1,2.0
2025-01-17,Travis Scott,2,4.0
2025-01-17,"Tyler, The Creator",1,2.0
2025-01-17,Xavi,2,4.0
2025-01-17,Zach Bryan,2,4.0
2025-01-18,21 Savage,7,14.000000000000002
2025-01-18,4batz,1,2.0
2025-01-18,Ariana Grande,1,2.0
2025-01-18,Billie Eilish,1,2.0
2025-01-18,Doja Cat,2,4.0
2025-01-18,Drake,3,6.0
2025-01-18,Flo Milli,1,2.0
2025-01-18,Frank Ocean,1,2.0
2025-01-18,Fuerza Regida,1,2.0
2025-01-18,Gunna,1,2.0
2025-01-18,J. Cole,1,2.0
2025-01-18,JID,1,2.0
2025-01-18,Jack Harlow,1,2.0
2025-01-18,Kali Uchis,1,2.0
2025-01-18,Lil Tecca,1,2.0
2025-01-18,Mitski,1,2.0
2025-01-18,Morgan Wallen,2,4.0
2025-01-18,Nicki Minaj,1,2.0
2025-01-18,Noah Kahan,1,2.0
2025-01-18,Olivia Rodrigo,1,2.0
2025-01-18,SZA,2,4.0
2025-01-18,Sabrina Carpenter,1,2.0
2025-01-18,Sophie Ellis-Bextor,1,2.0
2025-01-18,TV Girl,2,4.0
2025-01-18,Tate McRae,2,4.0
2025-01-18,Taylor Swift,2,4.0
2025-01-18,Teddy Swims,1,2.0
2025-01-18,The Weeknd & JENNIE & Lily-Rose Depp,1,2.0
2025-01-18,The Weeknd & Madonna,1,2.0
2025-01-18,Travis Scott,2,4.0
2025-01-18,"Tyler, The Creator",1,2.0
2025-01-18,Xavi,2,4.0
2025-01-18,Zach Bryan,2,4.0
2025-01-19,21 Savage,4,8.0
2025-01-19,4batz,1,2.0
2025-01-19,Ariana Grande,1,2.0
2025-01-19,Billie Eilish,1,2.0
2025-01-19,Calle 24 & Chino Pacas & Fuerza Regida,1,2.0
2025-01-19,Doja Cat,2,4.0
2025-01-19,Drake,3,6.0
2025-01-19,Flo Milli,1,2.0
2025-01-19,Frank Ocean,1,2.0
2025-01-19,Fuerza Regida,1,2.0
2025-01-19,Gunna,1,2.0
2025-01-19,Hotel Ugly,1,2.0
2025-01-19,J. Cole,1,2.0
2025-01-19,JID,1,2.0
2025-01-19,Jack Harlow,1,2.0
2025-01-19,Kali Uchis,1,2.0
2025-01-19,Lil Tecca,1,2.0
2025-01-19,Mitski,1,2.0
2025-01-19,Morgan Wallen,2,4.0
2025-01-19,Nicki Minaj,1,2.0
2025-01-19,Noah Kahan,1,2.0
2025-01-19,Olivia Rodrigo,1,2.0
2025-01-19,Peso Pluma & Anitta,1,2.0
2025-01-19,SZA,2,4.0
2025-01-19,Sabrina Carpenter,1,2.0
2025-01-19,Sophie Ellis-Bextor,1,2.0
2025-01-19,TV Girl,2,4.0
2025-01-19,Tate McRae,2,4.0
2025-01-19,Taylor Swift,2,4.0
2025-01-19,Teddy Swims,1,2.0
2025-01-19,The Weeknd & JENNIE & Lily-Rose Depp,1,2.0
2025-01-19,The Weeknd & Madonna,1,2.0
2025-01-19,Travis Scott,2,4.0
2025-01-19,"Tyler, The Creator",1,2.0
2025-01-19,Xavi,2,4.0
2025-01-19,Zach Bryan,2,4.0
2025-01-20,21 Savage,5,10.0
2025-01-20,4batz,1,2.0
2025-01-20,Ariana Grande,1,2.0
2025-01-20,Billie Eilish,1,2.0
2025-01-20,Calle 24 & Chino Pacas & Fuerza Regida,1,2.0
2025-01-20,Doja Cat,2,4.0
2025-01-20,Drake,3,6.0
2025-01-20,Flo Milli,1,2.0
2025-01-20,Frank Ocean,1,2.0
2025-01-20,Gunna,1,2.0
2025-01-20,Hotel Ugly,1,2.0
2025-01-20,J. Cole,1,2.0
2025-01-20,JID,1,2.0
2025-01-20,Jack Harlow,1,2.0
2025-01-20,Kali Uchis,1,2.0
2025-01-20,Kanye West,2,4.0
2025-01-20,Lil Tecca,1,2.0
2025-01-20,Mitski,1,2.0
2025-01-20,Morgan Wallen,3,6.0
2025-01-20,Nicki Minaj,1,2.0
2025-01-20,Noah Kahan,1,2.0
2025-01-20,Olivia Rodrigo,1,2.0
2025-01-20,SZA,1,2.0
2025-01-20,Sabrina Carpenter,1,2.0
2025-01-20,Sophie Ellis-Bextor,1,2.0
2025-01-20,TV Girl,2,4.0
2025-01-20,Tate McRae,2,4.0
2025-01-20,Taylor Swift,2,4.0
2025-01-20,Teddy Swims,1,2.0
2025-01-20,The Weeknd & JENNIE & Lily-Rose Depp,1,2.0
2025-01-20,The Weeknd & Madonna,1,2.0
2025-01-20,Travis Scott,1,2.0
2025-01-20,"Tyler, The Creator",1,2.0
2025-01-20,Xavi,2,4.0
2025-01-20,Zach Bryan,2,4.0
2025-01-21,21 Savage,4,8.0
2025-01-21,4batz,1,2.0
2025-01-21,Ariana Grande,1,2.0
2025-01-21,Benson Boone,1,2.0
2025-01-21,Billie Eilish,1,2.0
2025-01-21,Calle 24 & Chino Pacas & Fuerza Regida,1,2.0
2025-01-21,David Kushner,1,2.0
2025-01-21,Doja Cat,2,4.0
2025-01-21,Drake,3,6.0
2025-01-21,Flo Milli,1,2.0
2025-01-21,Frank Ocean,1,2.0
2025-01-21,Fuerza Regida,1,2.0
2025-01-21,Gunna,1,2.0
2025-01-21,J. Cole,1,2.0
2025-01-21,JID,1,2.0
2025-01-21,Jack Harlow,1,2.0
2025-01-21,Kali Uchis,1,2.0
2025-01-21,Lil Tecca,1,2.0
2025-01-21,Mitski,1,2.0
2025-01-21,Morgan Wallen,3,6.0
2025-01-21,Nicki Minaj,1,2.0
2025-01-21,Noah Kahan,1,2.0
2025-01-21,Olivia Rodrigo,1,2.0
2025-01-21,Peso Pluma & Anitta,1,2.0
2025-01-21,SZA,1,2.0
2025-01-21,Sabrina Carpenter,1,2.0
2025-01-21,Sophie Ellis-Bextor,1,2.0
2025-01-21,TV Girl,1,2.0
2025-01-21,Tate McRae,2,4.0
2025-01-21,Taylor Swift,2,4.0
2025-01-21,Teddy Swims,1,2.0
2025-01-21,The Weeknd & JENNIE & Lily-Rose Depp,1,2.0
2025-01-21,The Weeknd & Madonna,1,2.0
2025-01-21,Travis Scott,2,4.0
2025-01-21,"Tyler, The Creator",1,2.0
2025-01-21,Xavi,2,4.0
2025-01-21,Zach Bryan,2,4.0
2025-01-22,21 Savage,4,8.0
2025-01-22,4batz,1,2.0
2025-01-22,Ariana Grande,1,2.0
2025-01-22,Benson Boone,1,2.0
2025-01-22,Billie Eilish,1,2.0
2025-01-22,Calle 24 & Chino Pacas & Fuerza Regida,1,2.0
2025-01-22,Doja Cat,2,4.0
2025-01-22,Drake,3,6.0
2025-01-22,Flo Milli,1,2.0
2025-01-22,Frank Ocean,1,2.0
2025-01-22,Fuerza Regida,1,2.0
2025-01-22,Gunna,1,2.0
2025-01-22,J. Cole,1,2.0
2025-01-22,JID,1,2.0
2025-01-22,Jack Harlow,1,2.0
2025-01-22,Kali Uchis,1,2.0
2025-01-22,Kanye West,1,2.0
2025-01-22,Lil Tecca,1,2.0
2025-01-22,Mitski,1,2.0
2025-01-22,Morgan Wallen,4,8.0
2025-01-22,Nicki Minaj,1,2.0
2025-01-22,Noah Kahan,1,2.0
2025-01-22,Olivia Rodrigo,1,2.0
2025-01-22,Peso Pluma & Anitta,1,2.0
2025-01-22,SZA,1,2.0
2025-01-22,Sabrina Carpenter,1,2.0
2025-01-22,Sophie Ellis-Bextor,1,2.0
2025-01-22,Tate McRae,2,4.0
2025-01-22,Taylor Swift,2,4.0
2025-01-22,Teddy Swims,1,2.0
2025-01-22,The Weeknd & JENNIE & Lily-Rose Depp,1,2.0
2025-01-22,The Weeknd & Madonna,1,2.0
2025-01-22,Travis Scott,2,4.0
2025-01-22,"Tyler, The Creator",1,2.0
2025-01-22,Xavi,2,4.0
2025-01-22,Zach Bryan,2,4.0
2025-01-23,21 Savage,3,6.0
2025-01-23,4batz,1,2.0
2025-01-23,Ariana Grande,1,2.0
2025-01-23,Benson Boone,1,2.0
2025-01-23,Billie Eilish,1,2.0
2025-01-23,Calle 24 & Chino Pacas & Fuerza Regida,1,2.0
2025-01-23,Doja Cat,2,4.0
2025-01-23,Drake,3,6.0
2025-01-23,Flo Milli,1,2.0
2025-01-23,Frank Ocean,1,2.0
2025-01-23,Fuerza Regida,1,2.0
2025-01-23,Gunna,1,2.0
2025-01-23,Hotel Ugly,1,2.0
2025-01-23,J. Cole,1,2.0
2025-01-23,JID,1,2.0
2025-01-23,Jack Harlow,1,2.0
2025-01-23,Kali Uchis,1,2.0
2025-01-23,Kanye West,1,2.0
2025-01-23,Lil Tecca,1,2.0
2025-01-23,Mitski,1,2.0
2025-01-23,Morgan Wallen,2,4.0
2025-01-23,Nicki Minaj,1,2.0
2025-01-23,Noah Kahan,1,2.0
2025-01-23,Olivia Rodrigo,1,2.0
2025-01-23,Peso Pluma & Anitta,1,2.0
2025-01-23,SZA,1,2.0
2025-01-23,Sabrina Carpenter,1,2.0
2025-01-23,Sophie Ellis-Bextor,1,2.0
2025-01-23,TV Girl,2,4.0
2025-01-23,Tate McRae,2,4.0
2025-01-23,Taylor Swift,2,4.0
2025-01-23,Teddy Swims,1,2.0
2025-01-23,The Weeknd & JENNIE & Lily-Rose Depp,1,2.0
2025-01-23,The Weeknd & Madonna,1,2.0
2025-01-23,Travis Scott,2,4.0
2025-01-23,"Tyler, The Creator",1,2.0
2025-01-23,Xavi,2,4.0
2025-01-23,Zach Bryan,2,4.0
2025-01-24,21 Savage,4,8.0
2025-01-24,4batz,1,2.0
2025-01-24,Ariana Grande,1,2.0
2025-01-24,Benson Boone,1,2.0
2025-01-24,Billie Eilish,1,2.0
2025-01-24,Calle 24 & Chino Pacas & Fuerza Regida,1,2.0
2025-01-24,Doja Cat,2,4.0
2025-01-24,Drake,3,6.0
2025-01-24,Flo Milli,1,2.0
2025-01-24,Frank Ocean,1,2.0
2025-01-24,Gunna,1,2.0
2025-01-24,Hotel Ugly,1,2.0
2025-01-24,J. Cole,1,2.0
2025-01-24,JID,1,2.0
2025-01-24,Jack Harlow,1,2.0
2025-01-24,Kali Uchis,1,2.0
2025-01-24,Kanye West,2,4.0
2025-01-24,Lil Tecca,1,2.0
2025-01-24,Mitski,1,2.0
2025-01-24,Morgan Wallen,2,4.0
2025-01-24,Nicki Minaj,1,2.0
2025-01-24,Noah Kahan,1,2.0
2025-01-24,Olivia Rodrigo,1,2.0
2025-01-24,SZA,1,2.0
2025-01-24,Sabrina Carpenter,1,2.0
2025-01-24,Sophie Ellis-Bextor,1,2.0
2025-01-24,TV Girl,2,4.0
2025-01-24,Tate McRae,2,4.0
2025-01-24,Taylor Swift,2,4.0
2025-01-24,Teddy Swims,1,2.0
2025-01-24,The Weeknd & JENNIE & Lily-Rose Depp,1,2.0
2025-01-24,The Weeknd & Madonna,1,2.0
2025-01-24,Travis Scott,2,4.0
2025-01-24,"Tyler, The Creator",1,2.0
2025-01-24,Xavi,2,4.0
2025-01-24,Zach Bryan,2,4.0
2025-01-25,21 Savage,3,6.0
2025-01-25,4batz,1,2.0
2025-01-25,Ariana Grande,1,2.0
2025-01-25,Benson Boone,1,2.0
2025-01-25,Billie Eilish,1,2.0
2025-01-25,Calle 24 & Chino Pacas & Fuerza Regida,1,2.0
2025-01-25,Doja Cat,2,4.0
2025-01-25,Drake,3,6.0
2025-01-25,Flo Milli,1,2.0
2025-01-25,Frank Ocean,1,2.0
2025-01-25,Gunna,1,2.0
2025-01-25,Hotel Ugly,1,2.0
2025-01-25,J. Cole,1,2.0
2025-01-25,JID,1,2.0
2025-01-25,Jack Harlow,1,2.0
2025-01-25,Kali Uchis,1,2.0
2025-01-25,Kanye West,2,4.0
2025-01-25,Lil Tecca,1,2.0
2025-01-25,Mitski,1,2.0
2025-01-25,Morgan Wallen,2,4.0
2025-01-25,Nicki Minaj,1,2.0
2025-01-25,Noah Kahan,1,2.0
2025-01-25,Olivia Rodrigo,1,2.0
2025-01-25,Peso Pluma & Anitta,1,2.0
2025-01-25,SZA,1,2.0
2025-01-25,Sabrina Carpenter,1,2.0
2025-01-25,Sophie Ellis-Bextor,1,2.0
2025-01-25,TV Girl,2,4.0
2025-01-25,Tate McRae,2,4.0
2025-01-25,Taylor Swift,2,4.0
2025-01-25,Teddy Swims,1,2.0
2025-01-25,The Weeknd & JENNIE & Lily-Rose Depp,1,2.0
2025-01-25,The Weeknd & Madonna,1,2.0
2025-01-25,Travis Scott,2,4.0
2025-01-25,"Tyler, The Creator",1,2.0
2025-01-25,Xavi,2,4.0
2025-01-25,Zach Bryan,2,4.0
2025-01-26,21 Savage,3,6.0
2025-01-26,4batz,1,2.0
2025-01-26,Ariana Grande,1,2.0
2025-01-26,Benson Boone,1,2.0
2025-01-26,Billie Eilish,1,2.0
2025-01-26,Calle 24 & Chino Pacas & Fuerza Regida,1,2.0
2025-01-26,Doja Cat,2,4.0
2025-01-26,Drake,3,6.0
2025-01-26,Flo Milli,1,2.0
2025-01-26,Frank Ocean,1,2.0
2025-01-26,Gunna,1,2.0
2025-01-26,Hotel Ugly,1,2.0
2025-01-26,J. Cole,1,2.0
2025-01-26,JID,1,2.0
2025-01-26,Jack Harlow,1,2.0
2025-01-26,Kali Uchis,1,2.0
2025-01-26,Kanye West,2,4.0
2025-01-26,Lil Tecca,1,2.0
2025-01-26,Mitski,1,2.0
2025-01-26,Morgan Wallen,2,4.0
2025-01-26,Nicki Minaj,1,2.0
2025-01-26,Noah Kahan,1,2.0
2025-01-26,Olivia Rodrigo,1,2.0
2025-01-26,Peso Pluma & Anitta,1,2.0
2025-01-26,SZA,1,2.0
2025-01-26,Sabrina Carpenter,1,2.0
2025-01-26,Sophie Ellis-Bextor,1,2.0
2025-01-26,TV Girl,2,4.0
2025-01-26,Tate McRae,2,4.0
2025-01-26,Taylor Swift,2,4.0
2025-01-26,Teddy Swims,1,2.0
2025-01-26,The Weeknd & JENNIE & Lily-Rose Depp,1,2.0
2025-01-26,The Weeknd & Madonna,1,2.0
2025-01-26,Travis Scott,2,4.0
2025-01-26,"Tyler, The Creator",1,2.0
2025-01-26,Xavi,2,4.0
2025-01-26,Zach Bryan,2,4.0
2025-01-27,21 Savage,3,6.0
2025-01-27,4batz,1,2.0
2025-01-27,Ariana Grande,1,2.0
2025-01-27,Benson Boone,1,2.0
2025-01-27,Billie Eilish,1,2.0
2025-01-27,Calle 24 & Chino Pacas & Fuerza Regida,1,2.0
2025-01-27,Doja Cat,2,4.0
2025-01-27,Drake,3,6.0
2025-01-27,Flo Milli,1,2.0
2025-01-27,Frank Ocean,1,2.0
2025-01-27,Gunna,1,2.0
2025-01-27,Hotel Ugly,1,2.0
2025-01-27,J. Cole,1,2.0
2025-01-27,JID,1,2.0
2025-01-27,Jack Harlow,1,2.0
2025-01-27,Kali Uchis,1,2.0
2025-01-27,Kanye West,2,4.0
2025-01-27,Lil Tecca,1,2.0
2025-01-27,Mitski,1,2.0
2025-01-27,Morgan Wallen,2,4.0
2025-01-27,Nicki Minaj,1,2.0
2025-01-27,Noah Kahan,1,2.0
2025-01-27,Olivia Rodrigo,1,2.0
2025-01-27,Peso Pluma & Anitta,1,2.0
2025-01-27,SZA,1,2.0
2025-01-27,Sabrina Carpenter,1,2.0
2025-01-27,Sophie Ellis-Bextor,1,2.0
2025-01-27,TV Girl,2,4.0
2025-01-27,Tate McRae,2,4.0
2025-01-27,Taylor Swift,2,4.0
2025-01-27,Teddy Swims,1,2.0
2025-01-27,The Weeknd & JENNIE & Lily-Rose Depp,1,2.0
2025-01-27,The Weeknd & Madonna,1,2.0
2025-01-27,Travis Scott,2,4.0
2025-01-27,"Tyler, The Creator",1,2.0
2025-01-27,Xavi,2,4.0
2025-01-27,Zach Bryan,2,4.0
2025-01-28,21 Savage,2,4.0
2025-01-28,4batz,1,2.0
2025-01-28,Ariana Grande,1,2.0
2025-01-28,Benson Boone,1,2.0
2025-01-28,Calle 24 & Chino Pacas & Fuerza Regida,1,2.0
2025-01-28,Doja Cat,2,4.0
2025-01-28,Drake,3,6.0
2025-01-28,Flo Milli,1,2.0
2025-01-28,Frank Ocean,1,2.0
2025-01-28,Fuerza Regida,1,2.0
2025-01-28,Gunna,1,2.0
2025-01-28,Ice Spice,1,2.0
2025-01-28,J. Cole,1,2.0
2025-01-28,JID,1,2.0
2025-01-28,Jack Harlow,1,2.0
2025-01-28,Justin Timberlake,1,2.0
2025-01-28,Kali Uchis,1,2.0
2025-01-28,Kanye West,1,2.0
2025-01-28,Lil Tecca,1,2.0
2025-01-28,Megan Thee Stallion,1,2.0
2025-01-28,Mitski,1,2.0
2025-01-28,Morgan Wallen,5,10.0
2025-01-28,Nicki Minaj,1,2.0
2025-01-28,Noah Kahan,1,2.0
2025-01-28,Olivia Rodrigo,1,2.0
2025-01-28,Peso Pluma & Anitta,1,2.0
2025-01-28,SZA,1,2.0
2025-01-28,Sabrina Carpenter,1,2.0
2025-01-28,Sophie Ellis-Bextor,1,2.0
2025-01-28,Tate McRae,2,4.0
2025-01-28,Taylor Swift,2,4.0
2025-01-28,Teddy Swims,1,2.0
2025-01-28,The Weeknd & JENNIE & Lily-Rose Depp,1,2.0
2025-01-28,The Weeknd & Madonna,1,2.0
2025-01-28,Travis Scott,1,2.0
2025-01-28,"Tyler, The Creator",1,2.0
2025-01-28,Xavi,2,4.0
2025-01-28,Zach Bryan,2,4.0
2025-01-29,21 Savage,2,4.0
2025-01-29,4batz,1,2.0
2025-01-29,Ariana Grande,1,2.0
2025-01-29,Benson Boone,1,2.0
2025-01-29,Calle 24 & Chino Pacas & Fuerza Regida,1,2.0
2025-01-29,Doja Cat,2,4.0
2025-01-29,Drake,3,6.0
2025-01-29,Flo Milli,1,2.0
2025-01-29,Frank Ocean,1,2.0
2025-01-29,Fuerza Regida,1,2.0
2025-01-29,Gunna,1,2.0
2025-01-29,Ice Spice,1,2.0
2025-01-29,J. Cole,1,2.0
2025-01-29,JID,1,2.0
2025-01-29,Jack Harlow,1,2.0
2025-01-29,Justin Timberlake,1,2.0
2025-01-29,Kali Uchis,1,2.0
2025-01-29,Kanye West,1,2.0
2025-01-29,Lil Tecca,1,2.0
2025-01-29,Megan Thee Stallion,1,2.0
2025-01-29,Mitski,1,2.0
2025-01-29,Morgan Wallen,5,10.0
2025-01-29,Nicki Minaj,1,2.0
2025-01-29,Noah Kahan,1,2.0
2025-01-29,Olivia Rodrigo,1,2.0
2025-01-29,Peso Pluma & Anitta,1,2.0
2025-01-29,SZA,1,2.0
2025-01-29,Sabrina Carpenter,1,2.0
2025-01-29,Sophie Ellis-Bextor,1,2.0
2025-01-29,Tate McRae,2,4.0
2025-01-29,Taylor Swift,2,4.0
2025-01-29,Teddy Swims,1,2.0
2025-01-29,The Weeknd & JENNIE & Lily-Rose Depp,1,2.0
2025-01-29,The Weeknd & Madonna,1,2.0
2025-01-29,Travis Scott,1,2.0
2025-01-29,"Tyler, The Creator",1,2.0
2025-01-29,Xavi,2,4.0
2025-01-29,Zach Bryan,2,4.0
2025-01-30,21 Savage,2,4.0
2025-01-30,4batz,1,2.0
2025-01-30,Ariana Grande,1,2.0
2025-01-30,Benson Boone,1,2.0
2025-01-30,Billie Eilish,1,2.0
2025-01-30,Calle 24 & Chino Pacas & Fuerza Regida,1,2.0
2025-01-30,Doja Cat,2,4.0
2025-01-30,Drake,3,6.0
2025-01-30,Flo Milli,1,2.0
2025-01-30,Frank Ocean,1,2.0
2025-01-30,Fuerza Regida,1,2.0
2025-01-30,Gunna,1,2.0
2025-01-30,Ice Spice,1,2.0
2025-01-30,J. Cole,1,2.0
2025-01-30,JID,1,2.0
2025-01-30,Jack Harlow,1,2.0
2025-01-30,Kali Uchis,1,2.0
2025-01-30,Kanye West,1,2.0
2025-01-30,Lil Tecca,1,2.0
2025-01-30,Megan Thee Stallion,1,2.0
2025-01-30,Mitski,1,2.0
2025-01-30,Morgan Wallen,4,8.0
2025-01-30,Nicki Minaj,1,2.0
2025-01-30,Noah Kahan,1,2.0
2025-01-30,Olivia Rodrigo,1,2.0
2025-01-30,Peso Pluma & Anitta,1,2.0
2025-01-30,SZA,1,2.0
2025-01-30,Sabrina Carpenter,1,2.0
2025-01-30,Sophie Ellis-Bextor,1,2.0
2025-01-30,TV Girl,1,2.0
2025-01-30,Tate McRae,2,4.0
2025-01-30,Taylor Swift,1,2.0
2025-01-30,Teddy Swims,1,2.0
2025-01-30,The Weeknd & JENNIE & Lily-Rose Depp,1,2.0
2025-01-30,The Weeknd & Madonna,1,2.0
2025-01-30,Travis Scott,2,4.0
2025-01-30,"Tyler, The Creator",1,2.0
2025-01-30,Xavi,2,4.0
2025-01-30,Zach Bryan,2,4.0
2025-01-31,21 Savage,2,4.0
2025-01-31,4batz,1,2.0
2025-01-31,Ariana Grande,1,2.0
2025-01-31,Benson Boone,1,2.0
2025-01-31,Billie Eilish,1,2.0
2025-01-31,Calle 24 & Chino Pacas & Fuerza Regida,1,2.0
2025-01-31,Doja Cat,2,4.0
2025-01-31,Drake,3,6.0
2025-01-31,Flo Milli,1,2.0
2025-01-31,Frank Ocean,1,2.0
2025-01-31,Gunna,1,2.0
2025-01-31,Hotel Ugly,1,2.0
2025-01-31,Ice Spice,1,2.0
2025-01-31,J. Cole,1,2.0
2025-01-31,JID,1,2.0
2025-01-31,Jack Harlow,1,2.0
2025-01-31,Kali Uchis,1,2.0
2025-01-31,Kanye West,1,2.0
2025-01-31,Lil Tecca,1,2.0
2025-01-31,Megan Thee Stallion,1,2.0
2025-01-31,Mitski,1,2.0
2025-01-31,Morgan Wallen,3,6.0
2025-01-31,Nicki Minaj,2,4.0
2025-01-31,Noah Kahan,1,2.0
2025-01-31,Olivia Rodrigo,1,2.0
2025-01-31,Rich Amiri,1,2.0
2025-01-31,SZA,1,2.0
2025-01-31,Sabrina Carpenter,1,2.0
2025-01-31,Sophie Ellis-Bextor,1,2.0
2025-01-31,TV Girl,1,2.0
2025-01-31,Tate McRae,1,2.0
2025-01-31,Taylor Swift,2,4.0
2025-01-31,Teddy Swims,1,2.0
2025-01-31,The Weeknd & JENNIE & Lily-Rose Depp,1,2.0
2025-01-31,The Weeknd & Madonna,1,2.0
2025-01-31,Travis Scott,2,4.0
2025-01-31,"Tyler, The Creator",1,2.0
2025-01-31,Xavi,2,4.0
2025-01-31,Zach Bryan,2,4.0
2025-02-01,21 Savage,2,4.0
2025-02-01,4batz,1,2.0
2025-02-01,Ariana Grande,1,2.0
2025-02-01,Benson Boone,1,2.0
2025-02-01,Billie Eilish,1,2.0
2025-02-01,Calle 24 & Chino Pacas & Fuerza Regida,1,2.0
2025-02-01,Doja Cat,2,4.0
2025-02-01,Drake,3,6.0
2025-02-01,Flo Milli,1,2.0
2025-02-01,Frank Ocean,1,2.0
2025-02-01,Gunna,1,2.0
2025-02-01,Ice Spice,1,2.0
2025-02-01,J. Cole,1,2.0
2025-02-01,JID,1,2.0
2025-02-01,Jack Harlow,1,2.0
2025-02-01,Kali Uchis,1,2.0
2025-02-01,Kanye West,1,2.0
2025-02-01,Lil Tecca,1,2.0
2025-02-01,Megan Thee Stallion,1,2.0
2025-02-01,Mitski,1,2.0
2025-02-01,Morgan Wallen,4,8.0
2025-02-01,Nicki Minaj,2,4.0
2025-02-01,Noah Kahan,1,2.0
2025-02-01,Olivia Rodrigo,1,2.0
2025-02-01,Rich Amiri,1,2.0
2025-02-01,SZA,1,2.0
2025-02-01,Sabrina Carpenter,1,2.0
2025-02-01,Sophie Ellis-Bextor,1,2.0
2025-02-01,TV Girl,1,2.0
2025-02-01,Tate McRae,2,4.0
2025-02-01,Taylor Swift,1,2.0
2025-02-01,Teddy Swims,1,2.0
2025-02-01,The Weeknd & JENNIE & Lily-Rose Depp,1,2.0
2025-02-01,The Weeknd & Madonna,1,2.0
2025-02-01,Travis Scott,2,4.0
2025-02-01,"Tyler, The Creator",1,2.0
2025-02-01,Xavi,2,4.0
2025-02-01,Zach Bryan,2,4.0
2025-02-02,21 Savage,2,4.0
2025-02-02,4batz,1,2.0
2025-02-02,Ariana Grande,1,2.0
2025-02-02,Benson Boone,1,2.0
2025-02-02,Calle 24 & Chino Pacas & Fuerza Regida,1,2.0
2025-02-02,Doja Cat,2,4.0
2025-02-02,Drake,3,6.0
2025-02-02,Flo Milli,1,2.0
2025-02-02,Frank Ocean,1,2.0
2025-02-02,Good Neighbours,1,2.0
2025-02-02,Gunna,1,2.0
2025-02-02,Ice Spice,1,2.0
2025-02-02,J. Cole,1,2.0
2025-02-02,JID,1,2.0
2025-02-02,Jack Harlow,1,2.0
2025-02-02,Kali Uchis,1,2.0
2025-02-02,Kanye West,2,4.0
2025-02-02,Lil Tecca,1,2.0
2025-02-02,Megan Thee Stallion,1,2.0
2025-02-02,Mitski,1,2.0
2025-02-02,Morgan Wallen,4,8.0
2025-02-02,Nicki Minaj,1,2.0
2025-02-02,Noah Kahan,1,2.0
2025-02-02,Olivia Rodrigo,1,2.0
2025-02-02,Rich Amiri,1,2.0
2025-02-02,SZA,1,2.0
2025-02-02,Sabrina Carpenter,1,2.0
2025-02-02,Sophie Ellis-Bextor,1,2.0
2025-02-02,TV Girl,1,2.0
2025-02-02,Tate McRae,1,2.0
2025-02-02,Taylor Swift,1,2.0
2025-02-02,Teddy Swims,1,2.0
2025-02-02,The Weeknd & JENNIE & Lily-Rose Depp,1,2.0
2025-02-02,The Weeknd & Madonna,1,2.0
2025-02-02,Travis Scott,2,4.0
2025-02-02,"Tyler, The Creator",1,2.0
2025-02-02,Xavi,2,4.0
2025-02-02,Zach Bryan,3,6.0
2025-02-03,21 Savage,2,4.0
2025-02-03,4batz,1,2.0
2025-02-03,Ariana Grande,1,2.0
2025-02-03,Benson Boone,1,2.0
2025-02-03,Billie Eilish,1,2.0
2025-02-03,Doja Cat,2,4.0
2025-02-03,Drake,3,6.0
2025-02-03,Flo Milli,1,2.0
2025-02-03,Frank Ocean,1,2.0
2025-02-03,Good Neighbours,1,2.0
2025-02-03,Gunna,1,2.0
2025-02-03,Ice Spice,1,2.0
2025-02-03,J. Cole,1,2.0
2025-02-03,JID,1,2.0
2025-02-03,Jack Harlow,1,2.0
2025-02-03,Kali Uchis,1,2.0
2025-02-03,Kanye West,2,4.0
2025-02-03,Lil Tecca,1,2.0
2025-02-03,Megan Thee Stallion,1,2.0
2025-02-03,Mitski,1,2.0
2025-02-03,Morgan Wallen,3,6.0
2025-02-03,Nicki Minaj,1,2.0
2025-02-03,Noah Kahan,1,2.0
2025-02-03,Olivia Rodrigo,1,2.0
2025-02-03,Rich Amiri,1,2.0
2025-02-03,SZA,1,2.0
2025-02-03,Sabrina Carpenter,1,2.0
2025-02-03,Sophie Ellis-Bextor,1,2.0
2025-02-03,TV Girl,1,2.0
2025-02-03,Tate McRae,2,4.0
2025-02-03,Taylor Swift,1,2.0
2025-02-03,Teddy Swims,1,2.0
2025-02-03,The Weeknd & JENNIE & Lily-Rose Depp,1,2.0
2025-02-03,The Weeknd & Madonna,1,2.0
2025-02-03,Travis Scott,2,4.0
2025-02-03,"Tyler, The Creator",1,2.0
2025-02-03,Xavi,2,4.0
2025-02-03,Zach Bryan,3,6.0
2025-02-04,21 Savage,2,4.0
2025-02-04,4batz,1,2.0
2025-02-04,Ariana Grande,1,2.0
2025-02-04,Benson Boone,1,2.0
2025-02-04,Doja Cat,2,4.0
2025-02-04,Don Toliver,1,2.0
2025-02-04,Drake,3,6.0
2025-02-04,Flo Milli,1,2.0
2025-02-04,Frank Ocean,1,2.0
2025-02-04,Good Neighbours,1,2.0
2025-02-04,Gunna,1,2.0
2025-02-04,Ice Spice,1,2.0
2025-02-04,J. Cole,1,2.0
2025-02-04,JID,1,2.0
2025-02-04,Jack Harlow,1,2.0
2025-02-04,Kali Uchis,1,2.0
2025-02-04,Kanye West,2,4.0
2025-02-04,Lil Tecca,1,2.0
2025-02-04,Megan Thee Stallion,1,2.0
2025-02-04,Mitski,1,2.0
2025-02-04,Morgan Wallen,3,6.0
2025-02-04,Nicki Minaj,1,2.0
2025-02-04,Noah Kahan,1,2.0
2025-02-04,Olivia Rodrigo,1,2.0
2025-02-04,Rich Amiri,1,2.0
2025-02-04,SZA,1,2.0
2025-02-04,Sabrina Carpenter,1,2.0
2025-02-04,Sophie Ellis-Bextor,1,2.0
2025-02-04,TV Girl,1,2.0
2025-02-04,Tate McRae,2,4.0
2025-02-04,Taylor Swift,1,2.0
2025-02-04,Teddy Swims,1,2.0
2025-02-04,The Weeknd & JENNIE & Lily-Rose Depp,1,2.0
2025-02-04,The Weeknd & Madonna,1,2.0
2025-02-04,Travis Scott,2,4.0
2025-02-04,"Tyler, The Creator",1,2.0
2025-02-04,Xavi,2,4.0
2025-02-04,Zach Bryan,3,6.0
2025-02-05,21 Savage,2,4.0
2025-02-05,4batz,1,2.0
2025-02-05,Ariana Grande,1,2.0
2025-02-05,Benson Boone,1,2.0
2025-02-05,Doja Cat,2,4.0
2025-02-05,Don Toliver,1,2.0
2025-02-05,Drake,3,6.0
2025-02-05,Flo Milli,1,2.0
2025-02-05,Frank Ocean,1,2.0
2025-02-05,Good Neighbours,1,2.0
2025-02-05,Gunna,1,2.0
2025-02-05,Ice Spice,1,2.0
2025-02-05,J. Cole,1,2.0
2025-02-05,JID,1,2.0
2025-02-05,Jack Harlow,1,2.0
2025-02-05,Kali Uchis,1,2.0
2025-02-05,Lil Tecca,1,2.0
2025-02-05,Megan Thee Stallion,1,2.0
2025-02-05,Mitski,1,2.0
2025-02-05,Morgan Wallen,3,6.0
2025-02-05,Nicki Minaj,1,2.0
2025-02-05,Noah Kahan,1,2.0
2025-02-05,Olivia Rodrigo,1,2.0
2025-02-05,Rich Amiri,1,2.0
2025-02-05,SZA,1,2.0
2025-02-05,Sabrina Carpenter,1,2.0
2025-02-05,Sophie Ellis-Bextor,1,2.0
2025-02-05,TV Girl,1,2.0
2025-02-05,Tate McRae,2,4.0
2025-02-05,Taylor Swift,2,4.0
2025-02-05,Teddy Swims,1,2.0
2025-02-05,The Weeknd & JENNIE & Lily-Rose Depp,1,2.0
2025-02-05,The Weeknd & Madonna,1,2.0
2025-02-05,Travis Scott,2,4.0
2025-02-05,"Tyler, The Creator",1,2.0
2025-02-05,Xavi,2,4.0
2025-02-05,YG Marley,1,2.0
2025-02-05,Zach Bryan,3,6.0
2025-02-06,21 Savage,2,4.0
2025-02-06,4batz,1,2.0
2025-02-06,Ariana Grande,1,2.0
2025-02-06,Benson Boone,1,2.0
2025-02-06,Doja Cat,2,4.0
2025-02-06,Don Toliver,1,2.0
2025-02-06,Drake,3,6.0
2025-02-06,Flo Milli,1,2.0
2025-02-06,Frank Ocean,1,2.0
2025-02-06,Good Neighbours,1,2.0
2025-02-06,Gunna,1,2.0
2025-02-06,Ice Spice,1,2.0
2025-02-06,J. Cole,1,2.0
2025-02-06,JID,1,2.0
2025-02-06,Jack Harlow,1,2.0
2025-02-06,Kali Uchis,1,2.0
2025-02-06,Lil Tecca,1,2.0
2025-02-06,Megan Thee Stallion,1,2.0
2025-02-06,Mitski,1,2.0
2025-02-06,Morgan Wallen,3,6.0
2025-02-06,Nicki Minaj,1,2.0
2025-02-06,Noah Kahan,1,2.0
2025-02-06,Olivia Rodrigo,1,2.0
2025-02-06,Rich Amiri,1,2.0
2025-02-06,SZA,1,2.0
2025-02-06,Sabrina Carpenter,1,2.0
2025-02-06,Sophie Ellis-Bextor,1,2.0
2025-02-06,TV Girl,1,2.0
2025-02-06,Tate McRae,2,4.0
2025-02-06,Taylor Swift,2,4.0
2025-02-06,Teddy Swims,1,2.0
2025-02-06,The Weeknd & JENNIE & Lily-Rose Depp,1,2.0
2025-02-06,The Weeknd & Madonna,1,2.0
2025-02-06,Travis Scott,2,4.0
2025-02-06,"Tyler, The Creator",1,2.0
2025-02-06,Xavi,2,4.0
2025-02-06,YG Marley,1,2.0
2025-02-06,Zach Bryan,3,6.0
2025-02-07,21 Savage,2,4.0
2025-02-07,4batz,1,2.0
2025-02-07,Ariana Grande,1,2.0
2025-02-07,Benson Boone,1,2.0
2025-02-07,Billie Eilish,1,2.0
2025-02-07,Doja Cat,2,4.0
2025-02-07,Don Toliver,1,2.0
2025-02-07,Drake,3,6.0
2025-02-07,Flo Milli,1,2.0
2025-02-07,Frank Ocean,1,2.0
2025-02-07,Good Neighbours,1,2.0
2025-02-07,Gunna,1,2.0
2025-02-07,Ice Spice,1,2.0
2025-02-07,J. Cole,1,2.0
2025-02-07,JID,1,2.0
2025-02-07,Jack Harlow,1,2.0
2025-02-07,Kali Uchis,1,2.0
2025-02-07,Lil Tecca,1,2.0
2025-02-07,Luke Combs,1,2.0
2025-02-07,Megan Thee Stallion,1,2.0
2025-02-07,Miley Cyrus,1,2.0
2025-02-07,Mitski,1,2.0
2025-02-07,Morgan Wallen,2,4.0
2025-02-07,Noah Kahan,1,2.0
2025-02-07,Olivia Rodrigo,1,2.0
2025-02-07,Rich Amiri,1,2.0
2025-02-07,SZA,2,4.0
2025-02-07,TV Girl,1,2.0
2025-02-07,Tate McRae,2,4.0
2025-02-07,Taylor Swift,3,6.0
2025-02-07,Teddy Swims,1,2.0
2025-02-07,The Weeknd & JENNIE & Lily-Rose Depp,1,2.0
2025-02-07,The Weeknd & Madonna,1,2.0
2025-02-07,Travis Scott,2,4.0
2025-02-07,"Tyler, The Creator",1,2.0
2025-02-07,Xavi,2,4.0
2025-02-07,YG Marley,1,2.0
2025-02-07,Zach Bryan,2,4.0
2025-02-08,21 Savage,2,4.0
2025-02-08,4batz,1,2.0
2025-02-08,Ariana Grande,1,2.0
2025-02-08,Benson Boone,1,2.0
2025-02-08,Billie Eilish,1,2.0
2025-02-08,Doja Cat,1,2.0
2025-02-08,Don Toliver,1,2.0
2025-02-08,Drake,3,6.0
2025-02-08,Flo Milli,1,2.0
2025-02-08,Frank Ocean,1,2.0
2025-02-08,Good Neighbours,1,2.0
2025-02-08,Gunna,1,2.0
2025-02-08,Ice Spice,1,2.0
2025-02-08,J. Cole,1,2.0
2025-02-08,JID,1,2.0
2025-02-08,Jack Harlow,1,2.0
2025-02-08,Kali Uchis,1,2.0
2025-02-08,Lil Tecca,1,2.0
2025-02-08,Luke Combs,1,2.0
2025-02-08,Megan Thee Stallion,1,2.0
2025-02-08,Miley Cyrus,1,2.0
2025-02-08,Mitski,1,2.0
2025-02-08,Morgan Wallen,1,2.0
2025-02-08,Noah Kahan,1,2.0
2025-02-08,Olivia Rodrigo,1,2.0
2025-02-08,Rich Amiri,1,2.0
2025-02-08,SZA,2,4.0
2025-02-08,Sabrina Carpenter,1,2.0
2025-02-08,Tate McRae,1,2.0
2025-02-08,Taylor Swift,1,2.0
2025-02-08,Teddy Swims,1,2.0
2025-02-08,The Weeknd & JENNIE & Lily-Rose Depp,1,2.0
2025-02-08,The Weeknd & Madonna,1,2.0
2025-02-08,Toby Keith,6,12.0
2025-02-08,Travis Scott,2,4.0
2025-02-08,Xavi,2,4.0
2025-02-08,YG Marley,1,2.0
2025-02-08,Zach Bryan,2,4.0
2025-02-09,21 Savage,1,2.0
2025-02-09,4batz,1,2.0
2025-02-09,Ariana Grande,1,2.0
2025-02-09,Benson Boone,1,2.0
2025-02-09,Billie Eilish,1,2.0
2025-02-09,Doja Cat,2,4.0
2025-02-09,Don Toliver,1,2.0
2025-02-09,Drake,3,6.0
2025-02-09,Flo Milli,1,2.0
2025-02-09,Frank Ocean,1,2.0
2025-02-09,Good Neighbours,1,2.0
2025-02-09,Gunna,1,2.0
2025-02-09,Ice Spice,1,2.0
2025-02-09,J. Cole,1,2.0
2025-02-09,JID,1,2.0
2025-02-09,Jack Harlow,1,2.0
2025-02-09,Kali Uchis,1,2.0
2025-02-09,Kanye West,1,2.0
2025-02-09,Lil Tecca,1,2.0
2025-02-09,Luke Combs,1,2.0
2025-02-09,Megan Thee Stallion,1,2.0
2025-02-09,Miley Cyrus,1,2.0
2025-02-09,Mitski,1,2.0
2025-02-09,Morgan Wallen,1,2.0
2025-02-09,Noah Kahan,1,2.0
2025-02-09,Olivia Rodrigo,1,2.0
2025-02-09,Rich Amiri,1,2.0
2025-02-09,SZA,2,4.0
2025-02-09,Sabrina Carpenter,1,2.0
2025-02-09,Tate McRae,2,4.0
2025-02-09,Taylor Swift,1,2.0
2025-02-09,Teddy Swims,1,2.0
2025-02-09,The Weeknd & JENNIE & Lily-Rose Depp,1,2.0
2025-02-09,The Weeknd & Madonna,1,2.0
2025-02-09,Toby Keith,3,6.0
2025-02-09,Travis Scott,2,4.0
2025-02-09,"Tyler, The Creator",1,2.0
2025-02-09,Xavi,2,4.0
2025-02-09,YG Marley,1,2.0
2025-02-09,Zach Bryan,2,4.0
2025-02-10,21 Savage,2,4.0
2025-02-10,4batz,1,2.0
2025-02-10,Ariana Grande,1,2.0
2025-02-10,Benson Boone,1,2.0
2025-02-10,Billie Eilish,1,2.0
2025-02-10,Doja Cat,2,4.0
2025-02-10,Don Toliver,1,2.0
2025-02-10,Drake,3,6.0
2025-02-10,Flo Milli,1,2.0
2025-02-10,Frank Ocean,1,2.0
2025-02-10,Gunna,1,2.0
2025-02-10,Ice Spice,1,2.0
2025-02-10,J. Cole,1,2.0
2025-02-10,JID,1,2.0
2025-02-10,Jack Harlow,1,2.0
2025-02-10,Kali Uchis,1,2.0
2025-02-10,Kanye West,1,2.0
2025-02-10,Lil Tecca,1,2.0
2025-02-10,Luke Combs,1,2.0
2025-02-10,Megan Thee Stallion,1,2.0
2025-02-10,Miley Cyrus,1,2.0
2025-02-10,Mitski,1,2.0
2025-02-10,Morgan Wallen,2,4.0
2025-02-10,Noah Kahan,1,2.0
2025-02-10,Olivia Rodrigo,1,2.0
2025-02-10,Rich Amiri,1,2.0
2025-02-10,SZA,2,4.0
2025-02-10,Sabrina Carpenter,1,2.0
2025-02-10,TV Girl,1,2.0
2025-02-10,Tate McRae,2,4.0
2025-02-10,Taylor Swift,1,2.0
2025-02-10,Teddy Swims,1,2.0
2025-02-10,The Weeknd & JENNIE & Lily-Rose Depp,1,2.0
2025-02-10,The Weeknd & Madonna,1,2.0
2025-02-10,Toby Keith,1,2.0
2025-02-10,Travis Scott,2,4.0
2025-02-10,"Tyler, The Creator",1,2.0
2025-02-10,Xavi,2,4.0
2025-02-10,YG Marley,1,2.0
2025-02-10,Zach Bryan,2,4.0
2025-02-11,21 Savage,1,2.0
2025-02-11,4batz,1,2.0
2025-02-11,Ariana Grande,1,2.0
2025-02-11,Benson Boone,1,2.0
2025-02-11,Billie Eilish,1,2.0
2025-02-11,Doja Cat,2,4.0
2025-02-11,Don Toliver,1,2.0
2025-02-11,Drake,3,6.0
2025-02-11,Flo Milli,1,2.0
2025-02-11,Frank Ocean,1,2.0
2025-02-11,Good Neighbours,1,2.0
2025-02-11,Gunna,1,2.0
2025-02-11,J. Cole,1,2.0
2025-02-11,JID,1,2.0
2025-02-11,Jack Harlow,1,2.0
2025-02-11,Kacey Musgraves,1,2.0
2025-02-11,Kali Uchis,1,2.0
2025-02-11,Kanye West,1,2.0
2025-02-11,Lil Tecca,1,2.0
2025-02-11,Luke Combs,1,2.0
2025-02-11,Megan Thee Stallion,1,2.0
2025-02-11,Miley Cyrus,1,2.0
2025-02-11,Mitski,1,2.0
2025-02-11,Morgan Wallen,2,4.0
2025-02-11,Noah Kahan,3,6.0
2025-02-11,Olivia Rodrigo,1,2.0
2025-02-11,Rich Amiri,1,2.0
2025-02-11,SZA,2,4.0
2025-02-11,Tate McRae,1,2.0
2025-02-11,Taylor Swift,1,2.0
2025-02-11,Teddy Swims,1,2.0
2025-02-11,The Weeknd,2,4.0
2025-02-11,Toby Keith,1,2.0
2025-02-11,Travis Scott,2,4.0
2025-02-11,"Tyler, The Creator",1,2.0
2025-02-11,Xavi,2,4.0
2025-02-11,YG Marley,1,2.0
2025-02-11,Zach Bryan,2,4.0
2025-02-11,¥$ & Kanye West & Ty Dolla $ign,1,2.0
2025-02-12,21 Savage,1,2.0
2025-02-12,4batz,1,2.0
2025-02-12,Ariana Grande,1,2.0
2025-02-12,Benson Boone,1,2.0
2025-02-12,Billie Eilish,1,2.0
2025-02-12,Doja Cat,2,4.0
2025-02-12,Drake,2,4.0
2025-02-12,Flo Milli,1,2.0
2025-02-12,Good Neighbours,1,2.0
2025-02-12,Gunna,1,2.0
2025-02-12,Ice Spice,1,2.0
2025-02-12,JID,1,2.0
2025-02-12,Jack Harlow,1,2.0
2025-02-12,Kali Uchis,1,2.0
2025-02-12,Kanye West,1,2.0
2025-02-12,Kanye West & Ty Dolla $ign,7,14.000000000000002
2025-02-12,Lil Tecca,1,2.0
2025-02-12,Luke Combs,1,2.0
2025-02-12,Megan Thee Stallion,1,2.0
2025-02-12,Miley Cyrus,1,2.0
2025-02-12,Mitski,1,2.0
2025-02-12,Morgan Wallen,2,4.0
2025-02-12,Noah Kahan,2,4.0
2025-02-12,Olivia Rodrigo,1,2.0
2025-02-12,Rich Amiri,1,2.0
2025-02-12,SZA,2,4.0
2025-02-12,Sabrina Carpenter,1,2.0
2025-02-12,Tate McRae,1,2.0
2025-02-12,Taylor Swift,1,2.0
2025-02-12,Teddy Swims,1,2.0
2025-02-12,The Weeknd,2,4.0
2025-02-12,Toby Keith,1,2.0
2025-02-12,Travis Scott,2,4.0
2025-02-12,Xavi,2,4.0
2025-02-12,Zach Bryan,2,4.0
2025-02-13,21 Savage,1,2.0
2025-02-13,4batz,1,2.0
2025-02-13,Benson Boone,1,2.0
2025-02-13,Doja Cat,1,2.0
2025-02-13,Drake,2,4.0
2025-02-13,Flo Milli,1,2.0
2025-02-13,JID,1,2.0
2025-02-13,Jack Harlow,1,2.0
2025-02-13,Kali Uchis,1,2.0
2025-02-13,Kanye West,1,2.0
2025-02-13,Kanye West & Ty Dolla $ign,16,32.0
2025-02-13,Lil Tecca,1,2.0
2025-02-13,Luke Combs,1,2.0
2025-02-13,Megan Thee Stallion,1,2.0
2025-02-13,Mitski,1,2.0
2025-02-13,Morgan Wallen,1,2.0
2025-02-13,Noah Kahan,2,4.0
2025-02-13,Olivia Rodrigo,1,2.0
2025-02-13,Rich Amiri,1,2.0
2025-02-13,SZA,1,2.0
2025-02-13,Sabrina Carpenter,1,2.0
2025-02-13,Tate McRae,1,2.0
2025-02-13,Taylor Swift,1,2.0
2025-02-13,Teddy Swims,1,2.0
2025-02-13,The Weeknd,1,2.0
2025-02-13,Travis Scott,2,4.0
2025-02-13,USHER,2,4.0
2025-02-13,Xavi,2,4.0
2025-02-13,Zach Bryan,2,4.0
2025-02-14,21 Savage,1,2.0
2025-02-14,Benson Boone,1,2.0
2025-02-14,Beyoncé,2,4.0
2025-02-14,Drake,2,4.0
2025-02-14,Flo Milli,1,2.0
2025-02-14,Frank Ocean,1,2.0
2025-02-14,JID,1,2.0
2025-02-14,Jack Harlow,1,2.0
2025-02-14,Kanye West,2,4.0
2025-02-14,Kanye West & Ty Dolla $ign,16,32.0
2025-02-14,Lil Tecca,1,2.0
2025-02-14,Mitski,1,2.0
2025-02-14,Morgan Wallen,1,2.0
2025-02-14,Noah Kahan,2,4.0
2025-02-14,Olivia Rodrigo,1,2.0
2025-02-14,Rich Amiri,1,2.0
2025-02-14,SZA,1,2.0
2025-02-14,Tate McRae,1,2.0
2025-02-14,Taylor Swift,1,2.0
2025-02-14,Teddy Swims,1,2.0
2025-02-14,Travis Scott,2,4.0
2025-02-14,USHER,5,10.0
2025-02-14,Xavi,2,4.0
2025-02-14,Zach Bryan,2,4.0
2025-02-15,21 Savage,1,2.0
2025-02-15,4batz,1,2.0
2025-02-15,Benson Boone,1,2.0
2025-02-15,Beyoncé,2,4.0
2025-02-15,Drake,2,4.0
2025-02-15,Flo Milli,1,2.0
2025-02-15,JID,1,2.0
2025-02-15,Jack Harlow,1,2.0
2025-02-15,Kali Uchis,1,2.0
2025-02-15,Kanye West,2,4.0
2025-02-15,Kanye West & Ty Dolla $ign,15,30.0
2025-02-15,Lil Tecca,1,2.0
2025-02-15,Mitski,1,2.0
2025-02-15,Morgan Wallen,2,4.0
2025-02-15,Noah Kahan,2,4.0
2025-02-15,Olivia Rodrigo,1,2.0
2025-02-15,Rich Amiri,1,2.0
2025-02-15,SZA,1,2.0
2025-02-15,Sabrina Carpenter,1,2.0
2025-02-15,Tate McRae,1,2.0
2025-02-15,Taylor Swift,1,2.0
2025-02-15,Teddy Swims,1,2.0
2025-02-15,The Weeknd,1,2.0
2025-02-15,Travis Scott,2,4.0
2025-02-15,USHER,2,4.0
2025-02-15,Xavi,2,4.0
2025-02-15,Zach Bryan,2,4.0
2025-02-16,21 Savage,1,2.0
2025-02-16,4batz,1,2.0
2025-02-16,Benson Boone,1,2.0
2025-02-16,Beyoncé,2,4.0
2025-02-16,Doja Cat,1,2.0
2025-02-16,Drake,2,4.0
2025-02-16,Flo Milli,1,2.0
2025-02-16,JID,1,2.0
2025-02-16,Jack Harlow,1,2.0
2025-02-16,Kali Uchis,1,2.0
2025-02-16,Kanye West,2,4.0
2025-02-16,Lil Tecca,1,2.0
2025-02-16,Mitski,1,2.0
2025-02-16,Morgan Wallen,2,4.0
2025-02-16,Noah Kahan,2,4.0
2025-02-16,Olivia Rodrigo,1,2.0
2025-02-16,Rich Amiri,1,2.0
2025-02-16,SZA,1,2.0
2025-02-16,Sabrina Carpenter,1,2.0
2025-02-16,TV Girl,1,2.0
2025-02-16,Tate McRae,1,2.0
2025-02-16,Taylor Swift,2,4.0
2025-02-16,Teddy Swims,1,2.0
2025-02-16,The Weeknd,1,2.0
2025-02-16,Travis Scott,2,4.0
2025-02-16,USHER,2,4.0
2025-02-16,Xavi,2,4.0
2025-02-16,Zach Bryan,2,4.0
2025-02-16,¥$ & Kanye West & Ty Dolla $ign,12,24.0
2025-02-17,21 Savage,1,2.0
2025-02-17,4batz,1,2.0
2025-02-17,Benson Boone,1,2.0
2025-02-17,Beyoncé,2,4.0
2025-02-17,Doja Cat,1,2.0
2025-02-17,Don Toliver,1,2.0
2025-02-17,Drake,2,4.0
2025-02-17,Flo Milli,1,2.0
2025-02-17,Good Neighbours,1,2.0
2025-02-17,J. Cole,1,2.0
2025-02-17,JID,1,2.0
2025-02-17,Jack Harlow,1,2.0
2025-02-17,Kali Uchis,1,2.0
2025-02-17,Kanye West,2,4.0
2025-02-17,Lil Tecca,1,2.0
2025-02-17,Luke Combs,1,2.0
2025-02-17,Mitski,1,2.0
2025-02-17,Morgan Wallen,2,4.0
2025-02-17,Noah Kahan,2,4.0
2025-02-17,Olivia Rodrigo,1,2.0
2025-02-17,Rich Amiri,1,2.0
2025-02-17,SZA,1,2.0
2025-02-17,Sabrina Carpenter,1,2.0
2025-02-17,TV Girl,1,2.0
2025-02-17,Tate McRae,1,2.0
2025-02-17,Taylor Swift,1,2.0
2025-02-17,Teddy Swims,1,2.0
2025-02-17,The Weeknd,1,2.0
2025-02-17,Travis Scott,2,4.0
2025-02-17,USHER,1,2.0
2025-02-17,Xavi,2,4.0
2025-02-17,YG Marley,1,2.0
2025-02-17,Zach Bryan,2,4.0
2025-02-17,¥$ & Kanye West & Ty Dolla $ign,9,18.0
2025-02-18,21 Savage,1,2.0
2025-02-18,4batz,1,2.0
2025-02-18,Benson Boone,1,2.0
2025-02-18,Beyoncé,1,2.0
2025-02-18,Djo,1,2.0
2025-02-18,Doja Cat,2,4.0
2025-02-18,Don Toliver,1,2.0
2025-02-18,Drake,2,4.0
2025-02-18,Dua Lipa,1,2.0
2025-02-18,Flo Milli,1,2.0
2025-02-18,Good Neighbours,1,2.0
2025-02-18,Gunna,1,2.0
2025-02-18,J. Cole,1,2.0
2025-02-18,JID,1,2.0
2025-02-18,Jack Harlow,1,2.0
2025-02-18,Kali Uchis,1,2.0
2025-02-18,Kanye West,2,4.0
2025-02-18,Lil Tecca,1,2.0
2025-02-18,Luke Combs,1,2.0
2025-02-18,Mitski,1,2.0
2025-02-18,Morgan Wallen,3,6.0
2025-02-18,Noah Kahan,1,2.0
2025-02-18,Olivia Rodrigo,1,2.0
2025-02-18,Rich Amiri,1,2.0
2025-02-18,SZA,2,4.0
2025-02-18,Sabrina Carpenter,1,2.0
2025-02-18,Tate McRae,1,2.0
2025-02-18,Taylor Swift,1,2.0
2025-02-18,Teddy Swims,1,2.0
2025-02-18,The Weeknd,2,4.0
2025-02-18,Travis Scott,2,4.0
2025-02-18,USHER,1,2.0
2025-02-18,Xavi,2,4.0
2025-02-18,YG Marley,1,2.0
2025-02-18,Yeat,1,2.0
2025-02-18,Zach Bryan,2,4.0
2025-02-18,¥$ & Kanye West & Ty Dolla $ign,4,8.0
2025-02-19,21 Savage,1,2.0
2025-02-19,4batz,1,2.0
2025-02-19,Benson Boone,1,2.0
2025-02-19,Beyoncé,1,2.0
2025-02-19,Bryson Tiller,1,2.0
2025-02-19,Djo,1,2.0
2025-02-19,Doja Cat,2,4.0
2025-02-19,Don Toliver,1,2.0
2025-02-19,Drake,2,4.0
2025-02-19,Dua Lipa,1,2.0
2025-02-19,Flo Milli,1,2.0
2025-02-19,Frank Ocean,1,2.0
2025-02-19,Good Neighbours,1,2.0
2025-02-19,J. Cole,1,2.0
2025-02-19,JID,1,2.0
2025-02-19,Jack Harlow,1,2.0
2025-02-19,Kanye West,2,4.0
2025-02-19,Lil Tecca,1,2.0
2025-02-19,Luke Combs,1,2.0
2025-02-19,Mitski,1,2.0
2025-02-19,Morgan Wallen,3,6.0
2025-02-19,Noah Kahan,1,2.0
2025-02-19,Olivia Rodrigo,1,2.0
2025-02-19,Rich Amiri,1,2.0
2025-02-19,SZA,2,4.0
2025-02-19,Sabrina Carpenter,1,2.0
2025-02-19,Tate McRae,1,2.0
2025-02-19,Taylor Swift,1,2.0
2025-02-19,Teddy Swims,1,2.0
2025-02-19,The Weeknd,2,4.0
2025-02-19,Travis Scott,2,4.0
2025-02-19,USHER,1,2.0
2025-02-19,Xavi,2,4.0
2025-02-19,YG Marley,1,2.0
2025-02-19,Yeat,1,2.0
2025-02-19,Zach Bryan,2,4.0
2025-02-19,¥$ & Kanye West & Ty Dolla $ign,4,8.0
2025-02-20,21 Savage,1,2.0
2025-02-20,4batz,1,2.0
2025-02-20,Benson Boone,1,2.0
2025-02-20,Beyoncé,1,2.0
2025-02-20,Bryson Tiller,1,2.0
2025-02-20,Djo,1,2.0
2025-02-20,Doja Cat,2,4.0
2025-02-20,Don Toliver,1,2.0
2025-02-20,Drake,2,4.0
2025-02-20,Dua Lipa,1,2.0
2025-02-20,Flo Milli,1,2.0
2025-02-20,Frank Ocean,1,2.0
2025-02-20,Good Neighbours,1,2.0
2025-02-20,J. Cole,1,2.0
2025-02-20,JID,1,2.0
2025-02-20,Jack Harlow,1,2.0
2025-02-20,Kanye West,2,4.0
2025-02-20,Lil Tecca,1,2.0
2025-02-20,Luke Combs,1,2.0
2025-02-20,Mitski,1,2.0
2025-02-20,Morgan Wallen,3,6.0
2025-02-20,Noah Kahan,1,2.0
2025-02-20,Olivia Rodrigo,1,2.0
2025-02-20,Rich Amiri,1,2.0
2025-02-20,SZA,2,4.0
2025-02-20,Sabrina Carpenter,1,2.0
2025-02-20,Tate McRae,1,2.0
2025-02-20,Taylor Swift,1,2.0
2025-02-20,Teddy Swims,1,2.0
2025-02-20,The Weeknd,2,4.0
2025-02-20,Travis Scott,2,4.0
2025-02-20,USHER,1,2.0
2025-02-20,Xavi,2,4.0
2025-02-20,YG Marley,1,2.0
2025-02-20,Yeat,1,2.0
2025-02-20,Zach Bryan,2,4.0
2025-02-20,¥$ & Kanye West & Ty Dolla $ign,4,8.0
2025-02-21,21 Savage,1,2.0
2025-02-21,4batz,1,2.0
2025-02-21,Benson Boone,1,2.0
2025-02-21,Beyoncé,1,2.0
2025-02-21,Bryson Tiller,1,2.0
2025-02-21,Djo,1,2.0
2025-02-21,Doja Cat,2,4.0
2025-02-21,Don Toliver,1,2.0
2025-02-21,Drake,2,4.0
2025-02-21,Dua Lipa,1,2.0
2025-02-21,Flo Milli,1,2.0
2025-02-21,Frank Ocean,1,2.0
2025-02-21,Good Neighbours,1,2.0
2025-02-21,J. Cole,1,2.0
2025-02-21,JID,1,2.0
2025-02-21,Jack Harlow,1,2.0
2025-02-21,Kanye West,2,4.0
2025-02-21,Lil Tecca,1,2.0
2025-02-21,Luke Combs,1,2.0
2025-02-21,Mitski,1,2.0
2025-02-21,Morgan Wallen,3,6.0
2025-02-21,Noah Kahan,1,2.0
2025-02-21,Olivia Rodrigo,1,2.0
2025-02-21,Rich Amiri,1,2.0
2025-02-21,SZA,2,4.0
2025-02-21,Sabrina Carpenter,1,2.0
2025-02-21,Tate McRae,1,2.0
2025-02-21,Taylor Swift,1,2.0
2025-02-21,Teddy Swims,1,2.0
2025-02-21,The Weeknd,2,4.0
2025-02-21,Travis Scott,2,4.0
2025-02-21,Xavi,2,4.0
2025-02-21,YG Marley,1,2.0
2025-02-21,Yeat,1,2.0
2025-02-21,Zach Bryan,3,6.0
2025-02-21,¥$ & Kanye West & Ty Dolla $ign,4,8.0
2025-02-22,21 Savage,1,2.0
2025-02-22,4batz,1,2.0
2025-02-22,Benson Boone,1,2.0
2025-02-22,Beyoncé,1,2.0
2025-02-22,Bryson Tiller,1,2.0
2025-02-22,Djo,1,2.0
2025-02-22,Doja Cat,2,4.0
2025-02-22,Don Toliver,1,2.0
2025-02-22,Drake,2,4.0
2025-02-22,Dua Lipa,1,2.0
2025-02-22,Flo Milli,1,2.0
2025-02-22,Frank Ocean,1,2.0
2025-02-22,Good Neighbours,1,2.0
2025-02-22,J. Cole,1,2.0
2025-02-22,JID,1,2.0
2025-02-22,Jack Harlow,1,2.0
2025-02-22,Kanye West,2,4.0
2025-02-22,Lil Tecca,1,2.0
2025-02-22,Luke Combs,1,2.0
2025-02-22,Mitski,1,2.0
2025-02-22,Morgan Wallen,3,6.0
2025-02-22,Noah Kahan,1,2.0
2025-02-22,Olivia Rodrigo,1,2.0
2025-02-22,Rich Amiri,1,2.0
2025-02-22,SZA,1,2.0
2025-02-22,Sabrina Carpenter,1,2.0
2025-02-22,TV Girl,1,2.0
2025-02-22,Tate McRae,1,2.0
2025-02-22,Taylor Swift,1,2.0
2025-02-22,Teddy Swims,1,2.0
2025-02-22,The Weeknd,2,4.0
2025-02-22,Travis Scott,2,4.0
2025-02-22,Xavi,2,4.0
2025-02-22,YG Marley,1,2.0
2025-02-22,Yeat,1,2.0
2025-02-22,Zach Bryan,3,6.0
2025-02-22,¥$ & Kanye West & Ty Dolla $ign,4,8.0
2025-02-23,21 Savage,1,2.0
2025-02-23,4batz,1,2.0
2025-02-23,Benson Boone,1,2.0
2025-02-23,Beyoncé,1,2.0
2025-02-23,Bryson Tiller,1,2.0
2025-02-23,Djo,1,2.0
2025-02-23,Doja Cat,2,4.0
2025-02-23,Don Toliver,1,2.0
2025-02-23,Drake,3,6.0
2025-02-23,Dua Lipa,1,2.0
2025-02-23,Flo Milli,1,2.0
2025-02-23,Frank Ocean,1,2.0
2025-02-23,Good Neighbours,1,2.0
2025-02-23,J. Cole,1,2.0
2025-02-23,JID,1,2.0
2025-02-23,Jack Harlow,1,2.0
2025-02-23,Kanye West,2,4.0
2025-02-23,Lil Tecca,1,2.0
2025-02-23,Luke Combs,1,2.0
2025-02-23,Mitski,1,2.0
2025-02-23,Morgan Wallen,3,6.0
2025-02-23,Noah Kahan,1,2.0
2025-02-23,Olivia Rodrigo,1,2.0
2025-02-23,Rich Amiri,1,2.0
2025-02-23,SZA,1,2.0
2025-02-23,Sabrina Carpenter,1,2.0
2025-02-23,TV Girl,1,2.0
2025-02-23,Tate McRae,1,2.0
2025-02-23,Taylor Swift,1,2.0
2025-02-23,Teddy Swims,1,2.0
2025-02-23,The Weeknd,2,4.0
2025-02-23,Travis Scott,2,4.0
2025-02-23,Xavi,2,4.0
2025-02-23,YG Marley,1,2.0
2025-02-23,Yeat,1,2.0
2025-02-23,Zach Bryan,3,6.0
2025-02-23,¥$ & Kanye West & Ty Dolla $ign,3,6.0
2025-02-24,21 Savage,1,2.0
2025-02-24,4batz,1,2.0
2025-02-24,Benson Boone,1,2.0
2025-02-24,Beyoncé,1,2.0
2025-02-24,Bryson Tiller,1,2.0
2025-02-24,Djo,1,2.0
2025-02-24,Doja Cat,2,4.0
2025-02-24,Don Toliver,1,2.0
2025-02-24,Drake,2,4.0
2025-02-24,Dua Lipa,1,2.0
2025-02-24,Flo Milli,1,2.0
2025-02-24,Frank Ocean,2,4.0
2025-02-24,Good Neighbours,1,2.0
2025-02-24,J. Cole,1,2.0
2025-02-24,JID,1,2.0
2025-02-24,Jack Harlow,1,2.0
2025-02-24,Kanye West,2,4.0
2025-02-24,Lil Tecca,1,2.0
2025-02-24,Luke Combs,1,2.0
2025-02-24,Mitski,1,2.0
2025-02-24,Morgan Wallen,3,6.0
2025-02-24,Noah Kahan,1,2.0
2025-02-24,Olivia Rodrigo,1,2.0
2025-02-24,Rich Amiri,1,2.0
2025-02-24,Richy Mitch & The Coal Miners,1,2.0
2025-02-24,SZA,1,2.0
2025-02-24,Sabrina Carpenter,1,2.0
2025-02-24,Tate McRae,1,2.0
2025-02-24,Taylor Swift,1,2.0
2025-02-24,Teddy Swims,1,2.0
2025-02-24,The Weeknd,2,4.0
2025-02-24,Travis Scott,2,4.0
2025-02-24,Xavi,2,4.0
2025-02-24,YG Marley,1,2.0
2025-02-24,Yeat,1,2.0
2025-02-24,Zach Bryan,3,6.0
2025-02-24,¥$ & Kanye West & Ty Dolla $ign,3,6.0
2025-02-25,21 Savage,1,2.0
2025-02-25,4batz,1,2.0
2025-02-25,Benson Boone,1,2.0
2025-02-25,Beyoncé,1,2.0
2025-02-25,Bryson Tiller,1,2.0
2025-02-25,Djo,1,2.0
2025-02-25,Doja Cat,1,2.0
2025-02-25,Don Toliver,1,2.0
2025-02-25,Drake,3,6.0
2025-02-25,Dua Lipa,1,2.0
2025-02-25,Flo Milli,1,2.0
2025-02-25,Frank Ocean,2,4.0
2025-02-25,Good Neighbours,1,2.0
2025-02-25,J. Cole,1,2.0
2025-02-25,JID,1,2.0
2025-02-25,Jack Harlow,1,2.0
2025-02-25,Kanye West,2,4.0
2025-02-25,Lil Tecca,1,2.0
2025-02-25,Luke Combs,1,2.0
2025-02-25,Mitski,1,2.0
2025-02-25,Morgan Wallen,3,6.0
2025-02-25,Noah Kahan,1,2.0
2025-02-25,Olivia Rodrigo,1,2.0
2025-02-25,Rich Amiri,1,2.0
2025-02-25,SZA,2,4.0
2025-02-25,Sabrina Carpenter,1,2.0
2025-02-25,Tate McRae,1,2.0
2025-02-25,Taylor Swift,1,2.0
2025-02-25,Teddy Swims,1,2.0
2025-02-25,The Weeknd,2,4.0
2025-02-25,Travis Scott,2,4.0
2025-02-25,Xavi,2,4.0
2025-02-25,YG Marley,1,2.0
2025-02-25,Yeat,1,2.0
2025-02-25,Zach Bryan,3,6.0
2025-02-25,¥$ & Kanye West & Ty Dolla $ign,3,6.0
2025-02-26,21 Savage,1,2.0
2025-02-26,4batz,1,2.0
2025-02-26,Benson Boone,1,2.0
2025-02-26,Beyoncé,1,2.0
2025-02-26,Bryson Tiller,1,2.0
2025-02-26,Chris Stapleton,1,2.0
2025-02-26,Djo,1,2.0
2025-02-26,Doja Cat,2,4.0
2025-02-26,Don Toliver,1,2.0
2025-02-26,Drake,3,6.0
2025-02-26,Flo Milli,1,2.0
2025-02-26,Frank Ocean,2,4.0
2025-02-26,Good Neighbours,1,2.0
2025-02-26,J. Cole,1,2.0
2025-02-26,JID,1,2.0
2025-02-26,Jack Harlow,1,2.0
2025-02-26,Kanye West,2,4.0
2025-02-26,Lil Tecca,1,2.0
2025-02-26,Luke Combs,1,2.0
2025-02-26,Mitski,1,2.0
2025-02-26,Morgan Wallen,3,6.0
2025-02-26,Noah Kahan,1,2.0
2025-02-26,Olivia Rodrigo,1,2.0
2025-02-26,Rich Amiri,1,2.0
2025-02-26,SZA,2,4.0
2025-02-26,Sabrina Carpenter,1,2.0
2025-02-26,Tate McRae,1,2.0
2025-02-26,Taylor Swift,1,2.0
2025-02-26,Teddy Swims,1,2.0
2025-02-26,The Weeknd,2,4.0
2025-02-26,Travis Scott,2,4.0
2025-02-26,Xavi,2,4.0
2025-02-26,YG Marley,1,2.0
2025-02-26,Yeat,1,2.0
2025-02-26,Zach Bryan,3,6.0
2025-02-26,¥$ & Kanye West & Ty Dolla $ign,2,4.0
2025-02-27,21 Savage,1,2.0
2025-02-27,4batz,1,2.0
2025-02-27,Benson Boone,1,2.0
2025-02-27,Beyoncé,1,2.0
2025-02-27,Bryson Tiller,1,2.0
2025-02-27,Chris Stapleton,1,2.0
2025-02-27,Djo,1,2.0
2025-02-27,Doja Cat,2,4.0
2025-02-27,Don Toliver,1,2.0
2025-02-27,Drake,3,6.0
2025-02-27,Flo Milli,1,2.0
2025-02-27,Frank Ocean,2,4.0
2025-02-27,Good Neighbours,1,2.0
2025-02-27,J. Cole,1,2.0
2025-02-27,JID,1,2.0
2025-02-27,Jack Harlow,1,2.0
2025-02-27,Kanye West,2,4.0
2025-02-27,Lil Tecca,1,2.0
2025-02-27,Luke Combs,1,2.0
2025-02-27,Mitski,1,2.0
2025-02-27,Morgan Wallen,3,6.0
2025-02-27,Noah Kahan,1,2.0
2025-02-27,Olivia Rodrigo,1,2.0
2025-02-27,Rich Amiri,1,2.0
2025-02-27,SZA,2,4.0
2025-02-27,Sabrina Carpenter,1,2.0
2025-02-27,Tate McRae,1,2.0
2025-02-27,Taylor Swift,1,2.0
2025-02-27,Teddy Swims,1,2.0
2025-02-27,The Weeknd,2,4.0
2025-02-27,Travis Scott,2,4.0
2025-02-27,Xavi,2,4.0
2025-02-27,YG Marley,1,2.0
2025-02-27,Yeat,1,2.0
2025-02-27,Zach Bryan,3,6.0
2025-02-27,¥$ & Kanye West & Ty Dolla $ign,2,4.0
2025-02-28,21 Savage,1,2.0
2025-02-28,4batz,1,2.0
2025-02-28,Benson Boone,1,2.0
2025-02-28,Beyoncé,1,2.0
2025-02-28,Bryson Tiller,1,2.0
2025-02-28,Djo,1,2.0
2025-02-28,Doja Cat,1,2.0
2025-02-28,Don Toliver,1,2.0
2025-02-28,Drake,3,6.0
2025-02-28,Flo Milli,1,2.0
2025-02-28,Frank Ocean,2,4.0
2025-02-28,Good Neighbours,1,2.0
2025-02-28,J. Cole,1,2.0
2025-02-28,JID,1,2.0
2025-02-28,Jack Harlow,1,2.0
2025-02-28,Kanye West,2,4.0
2025-02-28,Lil Tecca,1,2.0
2025-02-28,Luke Combs,1,2.0
2025-02-28,Mitski,1,2.0
2025-02-28,Morgan Wallen,3,6.0
2025-02-28,Noah Kahan,1,2.0
2025-02-28,Olivia Rodrigo,1,2.0
2025-02-28,Rich Amiri,1,2.0
2025-02-28,Richy Mitch & The Coal Miners,1,2.0
2025-02-28,SZA,2,4.0
2025-02-28,Sabrina Carpenter,1,2.0
2025-02-28,TV Girl,1,2.0
2025-02-28,Tate McRae,1,2.0
2025-02-28,Taylor Swift,1,2.0
2025-02-28,Teddy Swims,1,2.0
2025-02-28,The Weeknd,1,2.0
2025-02-28,Travis Scott,2,4.0
2025-02-28,Xavi,2,4.0
2025-02-28,YG Marley,1,2.0
2025-02-28,Yeat,1,2.0
2025-02-28,Zach Bryan,3,6.0
2025-02-28,¥$ & Kanye West & Ty Dolla $ign,3,6.0
2025-03-02,21 Savage,1,2.0
2025-03-02,4batz,1,2.0
2025-03-02,Benson Boone,1,2.0
2025-03-02,Beyoncé,1,2.0
2025-03-02,Bryson Tiller,1,2.0
2025-03-02,Djo,1,2.0
2025-03-02,Doja Cat,1,2.0
2025-03-02,Don Toliver,1,2.0
2025-03-02,Drake,3,6.0
2025-03-02,Flo Milli,1,2.0
2025-03-02,Frank Ocean,2,4.0
2025-03-02,Good Neighbours,1,2.0
2025-03-02,J. Cole,1,2.0
2025-03-02,JID,1,2.0
2025-03-02,Jack Harlow,1,2.0
2025-03-02,Kanye West,2,4.0
2025-03-02,Lil Tecca,1,2.0
2025-03-02,Mitski,1,2.0
2025-03-02,Morgan Wallen,3,6.0
2025-03-02,Noah Kahan,1,2.0
2025-03-02,Olivia Rodrigo,1,2.0
2025-03-02,Rich Amiri,1,2.0
2025-03-02,Richy Mitch & The Coal Miners,1,2.0
2025-03-02,SZA,2,4.0
2025-03-02,Sabrina Carpenter,1,2.0
2025-03-02,Tate McRae,1,2.0
2025-03-02,Taylor Swift,1,2.0
2025-03-02,Teddy Swims,1,2.0
2025-03-02,The Weeknd,2,4.0
2025-03-02,Travis Scott,2,4.0
2025-03-02,"Tyler, The Creator",1,2.0
2025-03-02,Xavi,2,4.0
2025-03-02,YG Marley,1,2.0
2025-03-02,Yeat,1,2.0
2025-03-02,Zach Bryan,3,6.0
2025-03-02,¥$ & Kanye West & Ty Dolla $ign,3,6.0
2025-03-03,21 Savage,1,2.0
2025-03-03,Benson Boone,1,2.0
2025-03-03,Beyoncé,1,2.0
2025-03-03,Bryson Tiller,1,2.0
2025-03-03,Djo,1,2.0
2025-03-03,Doja Cat,1,2.0
2025-03-03,Don Toliver,1,2.0
2025-03-03,Drake,3,6.0
2025-03-03,Flo Milli,1,2.0
2025-03-03,Frank Ocean,1,2.0
2025-03-03,Good Neighbours,1,2.0
2025-03-03,J. Cole,1,2.0
2025-03-03,JID,1,2.0
2025-03-03,Jack Harlow,1,2.0
2025-03-03,Kanye West,2,4.0
2025-03-03,Lil Tecca,1,2.0
2025-03-03,Michael Marcagi,1,2.0
2025-03-03,Mitski,1,2.0
2025-03-03,Morgan Wallen,3,6.0
2025-03-03,Noah Kahan,1,2.0
2025-03-03,Olivia Rodrigo,1,2.0
2025-03-03,Pharrell Williams & Miley Cyrus,1,2.0
2025-03-03,Rich Amiri,1,2.0
2025-03-03,Richy Mitch & The Coal Miners,1,2.0
2025-03-03,SZA,2,4.0
2025-03-03,Sabrina Carpenter,1,2.0
2025-03-03,Tate McRae,1,2.0
2025-03-03,Taylor Swift,1,2.0
2025-03-03,Teddy Swims,1,2.0
2025-03-03,The Weeknd,2,4.0
2025-03-03,Travis Scott,3,6.0
2025-03-03,Twenty One Pilots,1,2.0
2025-03-03,Xavi,2,4.0
2025-03-03,YG Marley,1,2.0
2025-03-03,Yeat,1,2.0
2025-03-03,Zach Bryan,3,6.0
2025-03-03,¥$ & Kanye West & Ty Dolla $ign,2,4.0
2025-03-04,21 Savage,1,2.0
2025-03-04,4batz,1,2.0
2025-03-04,Benson Boone,1,2.0
2025-03-04,Beyoncé,1,2.0
2025-03-04,Bryson Tiller,1,2.0
2025-03-04,Djo,1,2.0
2025-03-04,Doja Cat,2,4.0
2025-03-04,Don Toliver,1,2.0
2025-03-04,Drake,3,6.0
2025-03-04,Flo Milli,1,2.0
2025-03-04,Good Neighbours,1,2.0
2025-03-04,J. Cole,1,2.0
2025-03-04,JID,1,2.0
2025-03-04,Jack Harlow,1,2.0
2025-03-04,Kanye West,1,2.0
2025-03-04,Lil Tecca,1,2.0
2025-03-04,Luke Combs,1,2.0
2025-03-04,Michael Marcagi,1,2.0
2025-03-04,Mitski,1,2.0
2025-03-04,Morgan Wallen,4,8.0
2025-03-04,Noah Kahan,1,2.0
2025-03-04,Olivia Rodrigo,1,2.0
2025-03-04,Rich Amiri,1,2.0
2025-03-04,SZA,2,4.0
2025-03-04,Sabrina Carpenter,1,2.0
2025-03-04,Tate McRae,1,2.0
2025-03-04,Taylor Swift,1,2.0
2025-03-04,Teddy Swims,1,2.0
2025-03-04,The Weeknd,2,4.0
2025-03-04,Travis Scott,3,6.0
2025-03-04,Tyla,1,2.0
2025-03-04,Xavi,2,4.0
2025-03-04,YG Marley,1,2.0
2025-03-04,Yeat,1,2.0
2025-03-04,Zach Bryan,3,6.0
2025-03-04,¥$ & Kanye West & Ty Dolla $ign,2,4.0
2025-03-05,21 Savage,1,2.0
2025-03-05,4batz,1,2.0
2025-03-05,Benson Boone,1,2.0
2025-03-05,Beyoncé,1,2.0
2025-03-05,Bryson Tiller,1,2.0
2025-03-05,Djo,1,2.0
2025-03-05,Doja Cat,2,4.0
2025-03-05,Don Toliver,1,2.0
2025-03-05,Drake,3,6.0
2025-03-05,Flo Milli,1,2.0
2025-03-05,Good Neighbours,1,2.0
2025-03-05,J. Cole,1,2.0
2025-03-05,JID,1,2.0
2025-03-05,Jack Harlow,1,2.0
2025-03-05,Kanye West,1,2.0
2025-03-05,Lil Tecca,1,2.0
2025-03-05,Luke Combs,1,2.0
2025-03-05,Michael Marcagi,1,2.0
2025-03-05,Mitski,1,2.0
2025-03-05,Morgan Wallen,4,8.0
2025-03-05,Noah Kahan,1,2.0
2025-03-05,Olivia Rodrigo,1,2.0
2025-03-05,Rich Amiri,1,2.0
2025-03-05,SZA,2,4.0
2025-03-05,Sabrina Carpenter,1,2.0
2025-03-05,Tate McRae,1,2.0
2025-03-05,Taylor Swift,1,2.0
2025-03-05,Teddy Swims,1,2.0
2025-03-05,The Weeknd,2,4.0
2025-03-05,Travis Scott,3,6.0
2025-03-05,Tyla,1,2.0
2025-03-05,Xavi,2,4.0
2025-03-05,YG Marley,1,2.0
2025-03-05,Yeat,1,2.0
2025-03-05,Zach Bryan,3,6.0
2025-03-05,¥$ & Kanye West & Ty Dolla $ign,2,4.0
2025-03-06,21 Savage,1,2.0
2025-03-06,4batz,1,2.0
2025-03-06,Benson Boone,1,2.0
2025-03-06,Beyoncé,1,2.0
2025-03-06,Bryson Tiller,1,2.0
2025-03-06,Djo,1,2.0
2025-03-06,Doja Cat,1,2.0
2025-03-06,Don Toliver,1,2.0
2025-03-06,Drake,3,6.0
2025-03-06,Flo Milli,1,2.0
2025-03-06,Frank Ocean,1,2.0
2025-03-06,Good Neighbours,1,2.0
2025-03-06,J. Cole,1,2.0
2025-03-06,JID,1,2.0
2025-03-06,Jack Harlow,1,2.0
2025-03-06,Kanye West,2,4.0
2025-03-06,Lil Tecca,1,2.0
2025-03-06,Luke Combs,1,2.0
2025-03-06,Michael Marcagi,1,2.0
2025-03-06,Mitski,1,2.0
2025-03-06,Morgan Wallen,3,6.0
2025-03-06,Noah Kahan,1,2.0
2025-03-06,Olivia Rodrigo,1,2.0
2025-03-06,Rich Amiri,1,2.0
2025-03-06,Richy Mitch & The Coal Miners,1,2.0
2025-03-06,SZA,2,4.0
2025-03-06,Sabrina Carpenter,1,2.0
2025-03-06,TV Girl,1,2.0
2025-03-06,Tate McRae,1,2.0
2025-03-06,Taylor Swift,1,2.0
2025-03-06,Teddy Swims,1,2.0
2025-03-06,The Weeknd,1,2.0
2025-03-06,Travis Scott,3,6.0
2025-03-06,"Tyler, The Creator",1,2.0
2025-03-06,Xavi,2,4.0
2025-03-06,YG Marley,1,2.0
2025-03-06,Yeat,1,2.0
2025-03-06,Zach Bryan,2,4.0
2025-03-06,¥$ & Kanye West & Ty Dolla $ign,2,4.0
2025-03-07,21 Savage,1,2.0
2025-03-07,4batz,1,2.0
2025-03-07,Benson Boone,1,2.0
2025-03-07,Beyoncé,1,2.0
2025-03-07,Bryson Tiller,1,2.0
2025-03-07,Djo,1,2.0
2025-03-07,Doja Cat,1,2.0
2025-03-07,Don Toliver,1,2.0
2025-03-07,Drake,3,6.0
2025-03-07,Flo Milli,1,2.0
2025-03-07,Frank Ocean,1,2.0
2025-03-07,Good Neighbours,1,2.0
2025-03-07,J. Cole,1,2.0
2025-03-07,JID,1,2.0
2025-03-07,Jack Harlow,1,2.0
2025-03-07,Kanye West,2,4.0
2025-03-07,Lil Tecca,1,2.0
2025-03-07,Michael Marcagi,1,2.0
2025-03-07,Mitski,1,2.0
2025-03-07,Morgan Wallen,4,8.0
2025-03-07,Noah Kahan,1,2.0
2025-03-07,Olivia Rodrigo,1,2.0
2025-03-07,Rich Amiri,1,2.0
2025-03-07,Richy Mitch & The Coal Miners,1,2.0
2025-03-07,SZA,2,4.0
2025-03-07,Sabrina Carpenter,1,2.0
2025-03-07,TV Girl,1,2.0
2025-03-07,Tate McRae,1,2.0
2025-03-07,Taylor Swift,1,2.0
2025-03-07,Teddy Swims,1,2.0
2025-03-07,The Weeknd,1,2.0
2025-03-07,Travis Scott,3,6.0
2025-03-07,"Tyler, The Creator",1,2.0
2025-03-07,Xavi,2,4.0
2025-03-07,YG Marley,1,2.0
2025-03-07,Yeat,1,2.0
2025-03-07,Zach Bryan,2,4.0
2025-03-07,¥$ & Kanye West & Ty Dolla $ign,2,4.0
2025-03-08,21 Savage,1,2.0
2025-03-08,4batz,1,2.0
2025-03-08,Benson Boone,1,2.0
2025-03-08,Beyoncé,1,2.0
2025-03-08,Bryson Tiller,1,2.0
2025-03-08,Djo,1,2.0
2025-03-08,Doja Cat,1,2.0
2025-03-08,Don Toliver,1,2.0
2025-03-08,Drake,3,6.0
2025-03-08,Flo Milli,1,2.0
2025-03-08,Frank Ocean,1,2.0
2025-03-08,Good Neighbours,1,2.0
2025-03-08,J. Cole,1,2.0
2025-03-08,JID,1,2.0
2025-03-08,Jack Harlow,1,2.0
2025-03-08,Kanye West,2,4.0
2025-03-08,Lil Tecca,1,2.0
2025-03-08,Michael Marcagi,1,2.0
2025-03-08,Mitski,1,2.0
2025-03-08,Morgan Wallen,3,6.0
2025-03-08,Noah Kahan,1,2.0
2025-03-08,Olivia Rodrigo,1,2.0
2025-03-08,Rich Amiri,1,2.0
2025-03-08,Richy Mitch & The Coal Miners,1,2.0
2025-03-08,SZA,2,4.0
2025-03-08,Sabrina Carpenter,1,2.0
2025-03-08,TV Girl,1,2.0
2025-03-08,Tate McRae,1,2.0
2025-03-08,Taylor Swift,1,2.0
2025-03-08,Teddy Swims,1,2.0
2025-03-08,The Weeknd,1,2.0
2025-03-08,Travis Scott,2,4.0
2025-03-08,"Tyler, The Creator",1,2.0
2025-03-08,Xavi,2,4.0
2025-03-08,YG Marley,1,2.0
2025-03-08,Yeat,1,2.0
2025-03-08,Zach Bryan,3,6.0
2025-03-08,d4vd,1,2.0
2025-03-08,¥$ & Kanye West & Ty Dolla $ign,2,4.0
2025-03-09,21 Savage,1,2.0
2025-03-09,4batz,1,2.0
2025-03-09,Benson Boone,1,2.0
2025-03-09,Beyoncé,1,2.0
2025-03-09,Bryson Tiller,1,2.0
2025-03-09,Djo,1,2.0
2025-03-09,Doja Cat,1,2.0
2025-03-09,Don Toliver,1,2.0
2025-03-09,Drake,3,6.0
2025-03-09,Flo Milli,1,2.0
2025-03-09,Frank Ocean,1,2.0
2025-03-09,Good Neighbours,1,2.0
2025-03-09,Hotel Ugly,1,2.0
2025-03-09,J. Cole,1,2.0
2025-03-09,JID,1,2.0
2025-03-09,Jack Harlow,1,2.0
2025-03-09,Kanye West,1,2.0
2025-03-09,Lil Tecca,1,2.0
2025-03-09,Michael Marcagi,1,2.0
2025-03-09,Mitski,1,2.0
2025-03-09,Morgan Wallen,3,6.0
2025-03-09,Noah Kahan,1,2.0
2025-03-09,Olivia Rodrigo,1,2.0
2025-03-09,Rich Amiri,1,2.0
2025-03-09,Richy Mitch & The Coal Miners,1,2.0
2025-03-09,SZA,2,4.0
2025-03-09,Sabrina Carpenter,1,2.0
2025-03-09,TV Girl,1,2.0
2025-03-09,Tate McRae,1,2.0
2025-03-09,Taylor Swift,1,2.0
2025-03-09,Teddy Swims,1,2.0
2025-03-09,The Weeknd,1,2.0
2025-03-09,Travis Scott,3,6.0
2025-03-09,"Tyler, The Creator",1,2.0
2025-03-09,Xavi,2,4.0
2025-03-09,YG Marley,1,2.0
2025-03-09,Yeat,1,2.0
2025-03-09,Zach Bryan,3,6.0
2025-03-09,¥$ & Kanye West & Ty Dolla $ign,2,4.0
2025-03-10,21 Savage,1,2.0
2025-03-10,4batz,1,2.0
2025-03-10,4batz & Drake,1,2.0
2025-03-10,Ariana Grande,13,26.0
2025-03-10,Benson Boone,1,2.0
2025-03-10,Beyoncé,1,2.0
2025-03-10,Bryson Tiller,1,2.0
2025-03-10,Djo,1,2.0
2025-03-10,Doja Cat,1,2.0
2025-03-10,Drake,1,2.0
2025-03-10,Flo Milli,1,2.0
2025-03-10,Good Neighbours,1,2.0
2025-03-10,JID,1,2.0
2025-03-10,Jack Harlow,1,2.0
2025-03-10,Lil Tecca,1,2.0
2025-03-10,Michael Marcagi,1,2.0
2025-03-10,Mitski,1,2.0
2025-03-10,Morgan Wallen,2,4.0
2025-03-10,Noah Kahan,1,2.0
2025-03-10,Olivia Rodrigo,1,2.0
2025-03-10,Rich Amiri,1,2.0
2025-03-10,SZA,2,4.0
2025-03-10,Sabrina Carpenter,1,2.0
2025-03-10,Tate McRae,1,2.0
2025-03-10,Taylor Swift,1,2.0
2025-03-10,Teddy Swims,1,2.0
2025-03-10,The Weeknd,1,2.0
2025-03-10,Travis Scott,2,4.0
2025-03-10,Xavi,1,2.0
2025-03-10,YG Marley,1,2.0
2025-03-10,Yeat,1,2.0
2025-03-10,Zach Bryan,2,4.0
2025-03-10,¥$ & Kanye West & Ty Dolla $ign,2,4.0
2025-03-11,21 Savage,1,2.0
2025-03-11,4batz,1,2.0
2025-03-11,4batz & Drake,1,2.0
2025-03-11,Ariana Grande,13,26.0
2025-03-11,Benson Boone,1,2.0
2025-03-11,Beyoncé,1,2.0
2025-03-11,Bryson Tiller,1,2.0
2025-03-11,Djo,1,2.0
2025-03-11,Doja Cat,1,2.0
2025-03-11,Drake,1,2.0
2025-03-11,Flo Milli,1,2.0
2025-03-11,Good Neighbours,1,2.0
2025-03-11,JID,1,2.0
2025-03-11,Jack Harlow,1,2.0
2025-03-11,Lil Tecca,1,2.0
2025-03-11,Michael Marcagi,1,2.0
2025-03-11,Mitski,1,2.0
2025-03-11,Morgan Wallen,3,6.0
2025-03-11,Noah Kahan,1,2.0
2025-03-11,Olivia Rodrigo,1,2.0
2025-03-11,Rich Amiri,1,2.0
2025-03-11,SZA,2,4.0
2025-03-11,Sabrina Carpenter,1,2.0
2025-03-11,Tate McRae,1,2.0
2025-03-11,Taylor Swift,1,2.0
2025-03-11,Teddy Swims,1,2.0
2025-03-11,The Weeknd,1,2.0
2025-03-11,Travis Scott,2,4.0
2025-03-11,Xavi,1,2.0
2025-03-11,YG Marley,1,2.0
2025-03-11,Yeat,1,2.0
2025-03-11,Zach Bryan,2,4.0
2025-03-11,¥$ & Kanye West & Ty Dolla $ign,1,2.0
2025-03-12,21 Savage,1,2.0
2025-03-12,4batz,1,2.0
2025-03-12,4batz & Drake,1,2.0
2025-03-12,Ariana Grande,13,26.0
2025-03-12,Benson Boone,1,2.0
2025-03-12,Beyoncé,1,2.0
2025-03-12,Bryson Tiller,1,2.0
2025-03-12,Djo,1,2.0
2025-03-12,Doja Cat,1,2.0
2025-03-12,Drake,1,2.0
2025-03-12,Flo Milli,1,2.0
2025-03-12,Good Neighbours,1,2.0
2025-03-12,JID,1,2.0
2025-03-12,Jack Harlow,1,2.0
2025-03-12,Lil Tecca,1,2.0
2025-03-12,Michael Marcagi,1,2.0
2025-03-12,Mitski,1,2.0
2025-03-12,Morgan Wallen,3,6.0
2025-03-12,Noah Kahan,1,2.0
2025-03-12,Olivia Rodrigo,1,2.0
2025-03-12,Rich Amiri,1,2.0
2025-03-12,SZA,2,4.0
2025-03-12,Sabrina Carpenter,1,2.0
2025-03-12,Tate McRae,1,2.0
2025-03-12,Taylor Swift,1,2.0
2025-03-12,Teddy Swims,1,2.0
2025-03-12,The Weeknd,1,2.0
2025-03-12,Travis Scott,2,4.0
2025-03-12,Xavi,1,2.0
2025-03-12,YG Marley,1,2.0
2025-03-12,Yeat,1,2.0
2025-03-12,Zach Bryan,2,4.0
2025-03-12,¥$ & Kanye West & Ty Dolla $ign,1,2.0
2025-03-13,21 Savage,1,2.0
2025-03-13,4batz,1,2.0
2025-03-13,4batz & Drake,1,2.0
2025-03-13,Ariana Grande,13,26.0
2025-03-13,Benson Boone,1,2.0
2025-03-13,Beyoncé,1,2.0
2025-03-13,Billie Eilish,1,2.0
2025-03-13,Bryson Tiller,1,2.0
2025-03-13,Djo,1,2.0
2025-03-13,Doja Cat,1,2.0
2025-03-13,Drake,1,2.0
2025-03-13,Flo Milli,1,2.0
2025-03-13,Good Neighbours,1,2.0
2025-03-13,JID,1,2.0
2025-03-13,Jack Harlow,1,2.0
2025-03-13,Lil Tecca,1,2.0
2025-03-13,Michael Marcagi,1,2.0
2025-03-13,Mitski,1,2.0
2025-03-13,Morgan Wallen,2,4.0
2025-03-13,Noah Kahan,1,2.0
2025-03-13,Olivia Rodrigo,1,2.0
2025-03-13,Rich Amiri,1,2.0
2025-03-13,SZA,2,4.0
2025-03-13,Sabrina Carpenter,1,2.0
2025-03-13,Tate McRae,1,2.0
2025-03-13,Taylor Swift,1,2.0
2025-03-13,Teddy Swims,1,2.0
2025-03-13,The Weeknd,1,2.0
2025-03-13,Travis Scott,2,4.0
2025-03-13,Xavi,1,2.0
2025-03-13,YG Marley,1,2.0
2025-03-13,Yeat,1,2.0
2025-03-13,Zach Bryan,2,4.0
2025-03-13,¥$ & Kanye West & Ty Dolla $ign,1,2.0
2025-03-15,21 Savage,1,2.0
2025-03-15,4batz & Drake,1,2.0
2025-03-15,Ariana Grande,13,26.0
2025-03-15,Benson Boone,1,2.0
2025-03-15,Beyoncé,1,2.0
2025-03-15,Billie Eilish,1,2.0
2025-03-15,Bryson Tiller,1,2.0
2025-03-15,Dasha,1,2.0
2025-03-15,Djo,1,2.0
2025-03-15,Doja Cat,1,2.0
2025-03-15,Drake,1,2.0
2025-03-15,Flo Milli,1,2.0
2025-03-15,Good Neighbours,1,2.0
2025-03-15,JID,1,2.0
2025-03-15,Jack Harlow,1,2.0
2025-03-15,Lil Tecca,1,2.0
2025-03-15,Michael Marcagi,1,2.0
2025-03-15,Mitski,1,2.0
2025-03-15,Morgan Wallen,2,4.0
2025-03-15,Noah Kahan,1,2.0
2025-03-15,Olivia Rodrigo,1,2.0
2025-03-15,Rich Amiri,1,2.0
2025-03-15,SZA,2,4.0
2025-03-15,Sabrina Carpenter,1,2.0
2025-03-15,Tate McRae,1,2.0
2025-03-15,Taylor Swift,1,2.0
2025-03-15,Teddy Swims,1,2.0
2025-03-15,The Weeknd,1,2.0
2025-03-15,Travis Scott,2,4.0
2025-03-15,Xavi,1,2.0
2025-03-15,YG Marley,1,2.0
2025-03-15,Yeat,1,2.0
2025-03-15,Zach Bryan,2,4.0
2025-03-15,¥$ & Kanye West & Ty Dolla $ign,1,2.0
2025-03-16,21 Savage,1,2.0
2025-03-16,4batz & Drake,1,2.0
2025-03-16,Ariana Grande,11,22.0
2025-03-16,Benson Boone,1,2.0
2025-03-16,Beyoncé,1,2.0
2025-03-16,Billie Eilish,1,2.0
2025-03-16,Bryson Tiller,1,2.0
2025-03-16,Dasha,1,2.0
2025-03-16,Djo,1,2.0
2025-03-16,Doja Cat,1,2.0
2025-03-16,Don Toliver,1,2.0
2025-03-16,Drake,1,2.0
2025-03-16,Flo Milli,1,2.0
2025-03-16,Good Neighbours,1,2.0
2025-03-16,JID,1,2.0
2025-03-16,Jack Harlow,1,2.0
2025-03-16,Lil Tecca,1,2.0
2025-03-16,Michael Marcagi,1,2.0
2025-03-16,Mitski,1,2.0
2025-03-16,Morgan Wallen,3,6.0
2025-03-16,Noah Kahan,1,2.0
2025-03-16,Olivia Rodrigo,1,2.0
2025-03-16,Rich Amiri,1,2.0
2025-03-16,SZA,2,4.0
2025-03-16,Sabrina Carpenter,1,2.0
2025-03-16,Tate McRae,1,2.0
2025-03-16,Taylor Swift,1,2.0
2025-03-16,Teddy Swims,1,2.0
2025-03-16,The Weeknd,1,2.0
2025-03-16,Travis Scott,2,4.0
2025-03-16,Xavi,1,2.0
2025-03-16,YG Marley,1,2.0
2025-03-16,Yeat,1,2.0
2025-03-16,Zach Bryan,2,4.0
2025-03-16,¥$ & Kanye West & Ty Dolla $ign,1,2.0
2025-03-17,21 Savage,1,2.0
2025-03-17,4batz & Drake,1,2.0
2025-03-17,Ariana Grande,11,22.0
2025-03-17,Benson Boone,1,2.0
2025-03-17,Beyoncé,1,2.0
2025-03-17,Bryson Tiller,1,2.0
2025-03-17,Cardi B,1,2.0
2025-03-17,Dasha,1,2.0
2025-03-17,Djo,1,2.0
2025-03-17,Doja Cat,1,2.0
2025-03-17,Don Toliver,1,2.0
2025-03-17,Drake,1,2.0
2025-03-17,Flo Milli,1,2.0
2025-03-17,Good Neighbours,1,2.0
2025-03-17,Ivan Cornejo,1,2.0
2025-03-17,JID,1,2.0
2025-03-17,Jack Harlow,1,2.0
2025-03-17,Kacey Musgraves,1,2.0
2025-03-17,Lil Tecca,1,2.0
2025-03-17,Michael Marcagi,1,2.0
2025-03-17,Mitski,1,2.0
2025-03-17,Morgan Wallen,3,6.0
2025-03-17,Noah Kahan,1,2.0
2025-03-17,Rich Amiri,1,2.0
2025-03-17,SZA,2,4.0
2025-03-17,Sabrina Carpenter,1,2.0
2025-03-17,Tate McRae,1,2.0
2025-03-17,Taylor Swift,1,2.0
2025-03-17,Teddy Swims,1,2.0
2025-03-17,The Weeknd,1,2.0
2025-03-17,Travis Scott,1,2.0
2025-03-17,Xavi,1,2.0
2025-03-17,YG Marley,1,2.0
2025-03-17,Yeat,1,2.0
2025-03-17,Zach Bryan,2,4.0
2025-03-17,¥$ & Kanye West & Ty Dolla $ign,1,2.0
2025-03-18,21 Savage,1,2.0
2025-03-18,4batz & Drake,1,2.0
2025-03-18,Ariana Grande,9,18.0
2025-03-18,Benson Boone,1,2.0
2025-03-18,Beyoncé,1,2.0
2025-03-18,BigXthaPlug,1,2.0
2025-03-18,Bryson Tiller,1,2.0
2025-03-18,Dasha,1,2.0
2025-03-18,Djo,1,2.0
2025-03-18,Doja Cat,1,2.0
2025-03-18,Don Toliver,1,2.0
2025-03-18,Drake,1,2.0
2025-03-18,Flo Milli,1,2.0
2025-03-18,Good Neighbours,1,2.0
2025-03-18,JID,1,2.0
2025-03-18,Jack Harlow,1,2.0
2025-03-18,Lil Tecca,1,2.0
2025-03-18,Luke Combs,1,2.0
2025-03-18,Michael Marcagi,1,2.0
2025-03-18,Mitski,1,2.0
2025-03-18,Morgan Wallen,3,6.0
2025-03-18,Noah Kahan,1,2.0
2025-03-18,Olivia Rodrigo,1,2.0
2025-03-18,Rich Amiri,1,2.0
2025-03-18,SZA,2,4.0
2025-03-18,Sabrina Carpenter,1,2.0
2025-03-18,Tate McRae,1,2.0
2025-03-18,Taylor Swift,1,2.0
2025-03-18,Teddy Swims,1,2.0
2025-03-18,The Weeknd,1,2.0
2025-03-18,Travis Scott,1,2.0
2025-03-18,Xavi,2,4.0
2025-03-18,YG Marley,1,2.0
2025-03-18,Yeat,1,2.0
2025-03-18,Zach Bryan,3,6.0
2025-03-18,¥$ & Kanye West & Ty Dolla $ign,1,2.0
2025-03-19,21 Savage,1,2.0
2025-03-19,4batz & Drake,1,2.0
2025-03-19,Ariana Grande,7,14.000000000000002
2025-03-19,Benson Boone,1,2.0
2025-03-19,Beyoncé,1,2.0
2025-03-19,BigXthaPlug,1,2.0
2025-03-19,Bryson Tiller,1,2.0
2025-03-19,Dasha,1,2.0
2025-03-19,Djo,1,2.0
2025-03-19,Doja Cat,1,2.0
2025-03-19,Don Toliver,1,2.0
2025-03-19,Drake,1,2.0
2025-03-19,Dropkick Murphys,1,2.0
2025-03-19,Flo Milli,1,2.0
2025-03-19,Frank Ocean,1,2.0
2025-03-19,Good Neighbours,1,2.0
2025-03-19,JID,1,2.0
2025-03-19,Jack Harlow,1,2.0
2025-03-19,Lil Tecca,1,2.0
2025-03-19,Michael Marcagi,1,2.0
2025-03-19,Mitski,1,2.0
2025-03-19,Morgan Wallen,3,6.0
2025-03-19,Noah Kahan,1,2.0
2025-03-19,Olivia Rodrigo,1,2.0
2025-03-19,Rich Amiri,1,2.0
2025-03-19,Richy Mitch & The Coal Miners,1,2.0
2025-03-19,SZA,2,4.0
2025-03-19,Sabrina Carpenter,1,2.0
2025-03-19,Tate McRae,1,2.0
2025-03-19,Taylor Swift,1,2.0
2025-03-19,Teddy Swims,1,2.0
2025-03-19,The Weeknd,1,2.0
2025-03-19,Travis Scott,1,2.0
2025-03-19,"Tyler, The Creator",1,2.0
2025-03-19,Xavi,1,2.0
2025-03-19,YG Marley,1,2.0
2025-03-19,Yeat,1,2.0
2025-03-19,Zach Bryan,3,6.0
2025-03-19,¥$ & Kanye West & Ty Dolla $ign,1,2.0
2025-03-20,21 Savage,1,2.0
2025-03-20,4batz & Drake,1,2.0
2025-03-20,Ariana Grande,8,16.0
2025-03-20,Benson Boone,1,2.0
2025-03-20,Beyoncé,1,2.0
2025-03-20,Bryson Tiller,1,2.0
2025-03-20,Cardi B,1,2.0
2025-03-20,Dasha,1,2.0
2025-03-20,Djo,1,2.0
2025-03-20,Doja Cat,1,2.0
2025-03-20,Don Toliver,1,2.0
2025-03-20,Drake,1,2.0
2025-03-20,Frank Ocean,1,2.0
2025-03-20,Good Neighbours,1,2.0
2025-03-20,J. Cole,1,2.0
2025-03-20,JID,1,2.0
2025-03-20,Jack Harlow,1,2.0
2025-03-20,Lil Tecca,1,2.0
2025-03-20,Michael Marcagi,1,2.0
2025-03-20,Mitski,1,2.0
2025-03-20,Morgan Wallen,3,6.0
2025-03-20,Noah Kahan,1,2.0
2025-03-20,Olivia Rodrigo,1,2.0
2025-03-20,Rich Amiri,1,2.0
2025-03-20,Richy Mitch & The Coal Miners,1,2.0
2025-03-20,SZA,2,4.0
2025-03-20,Sabrina Carpenter,1,2.0
2025-03-20,Tate McRae,1,2.0
2025-03-20,Taylor Swift,1,2.0
2025-03-20,Teddy Swims,1,2.0
2025-03-20,The Weeknd,1,2.0
2025-03-20,Travis Scott,2,4.0
2025-03-20,Xavi,1,2.0
2025-03-20,YG Marley,1,2.0
2025-03-20,Yeat,1,2.0
2025-03-20,Zach Bryan,3,6.0
2025-03-20,¥$ & Kanye West & Ty Dolla $ign,1,2.0
2025-03-21,21 Savage,1,2.0
2025-03-21,4batz & Drake,1,2.0
2025-03-21,Ariana Grande,7,14.000000000000002
2025-03-21,Benson Boone,1,2.0
2025-03-21,Beyoncé,1,2.0
2025-03-21,BigXthaPlug,1,2.0
2025-03-21,Bryson Tiller,1,2.0
2025-03-21,Cardi B,1,2.0
2025-03-21,Dasha,1,2.0
2025-03-21,Djo,1,2.0
2025-03-21,Doja Cat,1,2.0
2025-03-21,Don Toliver,1,2.0
2025-03-21,Drake,1,2.0
2025-03-21,Frank Ocean,1,2.0
2025-03-21,Good Neighbours,1,2.0
2025-03-21,J. Cole,1,2.0
2025-03-21,JID,1,2.0
2025-03-21,Jack Harlow,1,2.0
2025-03-21,Lil Tecca,1,2.0
2025-03-21,Michael Marcagi,1,2.0
2025-03-21,Mitski,1,2.0
2025-03-21,Morgan Wallen,4,8.0
2025-03-21,Noah Kahan,1,2.0
2025-03-21,Olivia Rodrigo,1,2.0
2025-03-21,Rich Amiri,1,2.0
2025-03-21,Richy Mitch & The Coal Miners,1,2.0
2025-03-21,SZA,2,4.0
2025-03-21,Sabrina Carpenter,1,2.0
2025-03-21,Tate McRae,1,2.0
2025-03-21,Taylor Swift,1,2.0
2025-03-21,Teddy Swims,1,2.0
2025-03-21,The Weeknd,1,2.0
2025-03-21,Travis Scott,1,2.0
2025-03-21,Xavi,1,2.0
2025-03-21,YG Marley,1,2.0
2025-03-21,Yeat,1,2.0
2025-03-21,Zach Bryan,3,6.0
2025-03-21,¥$ & Kanye West & Ty Dolla $ign,1,2.0
2025-03-22,21 Savage,1,2.0
2025-03-22,4batz & Drake,1,2.0
2025-03-22,Ariana Grande,6,12.0
2025-03-22,Benson Boone,1,2.0
2025-03-22,Beyoncé,1,2.0
2025-03-22,BigXthaPlug,1,2.0
2025-03-22,Bryson Tiller,1,2.0
2025-03-22,Cardi B,1,2.0
2025-03-22,Dasha,1,2.0
2025-03-22,Djo,1,2.0
2025-03-22,Doja Cat,1,2.0
2025-03-22,Don Toliver,1,2.0
2025-03-22,Drake,1,2.0
2025-03-22,Frank Ocean,1,2.0
2025-03-22,Good Neighbours,1,2.0
2025-03-22,J. Cole,1,2.0
2025-03-22,JID,1,2.0
2025-03-22,Jack Harlow,1,2.0
2025-03-22,Lil Tecca,1,2.0
2025-03-22,Luke Combs,1,2.0
2025-03-22,Michael Marcagi,1,2.0
2025-03-22,Mitski,1,2.0
2025-03-22,Morgan Wallen,4,8.0
2025-03-22,Noah Kahan,1,2.0
2025-03-22,Olivia Rodrigo,1,2.0
2025-03-22,Rich Amiri,1,2.0
2025-03-22,Richy Mitch & The Coal Miners,1,2.0
2025-03-22,SZA,2,4.0
2025-03-22,Sabrina Carpenter,1,2.0
2025-03-22,Tate McRae,1,2.0
2025-03-22,Taylor Swift,1,2.0
2025-03-22,Teddy Swims,1,2.0
2025-03-22,The Weeknd,1,2.0
2025-03-22,Travis Scott,1,2.0
2025-03-22,Xavi,1,2.0
2025-03-22,YG Marley,1,2.0
2025-03-22,Yeat,1,2.0
2025-03-22,Zach Bryan,3,6.0
2025-03-22,¥$ & Kanye West & Ty Dolla $ign,1,2.0
2025-03-23,21 Savage,1,2.0
2025-03-23,4batz & Drake,1,2.0
2025-03-23,Ariana Grande,5,10.0
2025-03-23,Benson Boone,1,2.0
2025-03-23,Beyoncé,1,2.0
2025-03-23,BigXthaPlug,1,2.0
2025-03-23,Bryson Tiller,1,2.0
2025-03-23,Cardi B,1,2.0
2025-03-23,Dasha,1,2.0
2025-03-23,Djo,1,2.0
2025-03-23,Doja Cat,1,2.0
2025-03-23,Don Toliver,1,2.0
2025-03-23,Drake,1,2.0
2025-03-23,Frank Ocean,1,2.0
2025-03-23,Good Neighbours,1,2.0
2025-03-23,Hotel Ugly,1,2.0
2025-03-23,J. Cole,1,2.0
2025-03-23,JID,1,2.0
2025-03-23,Jack Harlow,1,2.0
2025-03-23,Lil Tecca,1,2.0
2025-03-23,Michael Marcagi,1,2.0
2025-03-23,Mitski,1,2.0
2025-03-23,Morgan Wallen,4,8.0
2025-03-23,Noah Kahan,1,2.0
2025-03-23,Olivia Rodrigo,1,2.0
2025-03-23,Rich Amiri,1,2.0
2025-03-23,Richy Mitch & The Coal Miners,1,2.0
2025-03-23,SZA,2,4.0
2025-03-23,Sabrina Carpenter,1,2.0
2025-03-23,Tate McRae,1,2.0
2025-03-23,Taylor Swift,1,2.0
2025-03-23,Teddy Swims,1,2.0
2025-03-23,The Weeknd,1,2.0
2025-03-23,Travis Scott,1,2.0
2025-03-23,Xavi,2,4.0
2025-03-23,YG Marley,1,2.0
2025-03-23,Yeat,1,2.0
2025-03-23,Zach Bryan,3,6.0
2025-03-23,¥$ & Kanye West & Ty Dolla $ign,1,2.0
2025-03-24,21 Savage,1,2.0
2025-03-24,Ariana Grande,2,4.0
2025-03-24,Benson Boone,2,4.0
2025-03-24,Beyoncé,1,2.0
2025-03-24,Bryson Tiller,1,2.0
2025-03-24,Dasha,1,2.0
2025-03-24,Djo,1,2.0
2025-03-24,Future & Metro Boomin,16,32.0
2025-03-24,Hozier,4,8.0
2025-03-24,Jack Harlow,1,2.0
2025-03-24,Michael Marcagi,1,2.0
2025-03-24,Mitski,1,2.0
2025-03-24,Morgan Wallen,1,2.0
2025-03-24,Noah Kahan,1,2.0
2025-03-24,Olivia Rodrigo,5,10.0
2025-03-24,Peso Pluma & Tito Double P & Joel De La P,1,2.0
2025-03-24,Rich Amiri,1,2.0
2025-03-24,SZA,1,2.0
2025-03-24,Tate McRae,1,2.0
2025-03-24,Taylor Swift,1,2.0
2025-03-24,Teddy Swims,1,2.0
2025-03-24,Travis Scott,1,2.0
2025-03-24,Xavi,1,2.0
2025-03-24,Zach Bryan,2,4.0
2025-03-24,¥$ & Kanye West & Ty Dolla $ign,1,2.0
2025-03-26,21 Savage,1,2.0
2025-03-26,Ariana Grande,2,4.0
2025-03-26,Benson Boone,2,4.0
2025-03-26,Beyoncé,1,2.0
2025-03-26,BigXthaPlug,1,2.0
2025-03-26,Bryson Tiller,1,2.0
2025-03-26,Dasha,1,2.0
2025-03-26,Djo,1,2.0
2025-03-26,Don Toliver,1,2.0
2025-03-26,Drake,1,2.0
2025-03-26,Future & Metro Boomin,12,24.0
2025-03-26,Hozier,2,4.0
2025-03-26,Jack Harlow,1,2.0
2025-03-26,Lil Tecca,1,2.0
2025-03-26,Michael Marcagi,1,2.0
2025-03-26,Mitski,1,2.0
2025-03-26,Morgan Wallen,3,6.0
2025-03-26,Noah Kahan,1,2.0
2025-03-26,Olivia Rodrigo,3,6.0
2025-03-26,Rich Amiri,1,2.0
2025-03-26,SZA,2,4.0
2025-03-26,Tate McRae,1,2.0
2025-03-26,Taylor Swift,1,2.0
2025-03-26,Teddy Swims,1,2.0
2025-03-26,Travis Scott,1,2.0
2025-03-26,Xavi,1,2.0
2025-03-26,YG Marley,1,2.0
2025-03-26,Yeat,1,2.0
2025-03-26,Zach Bryan,2,4.0
2025-03-26,¥$ & Kanye West & Ty Dolla $ign,1,2.0
2025-03-27,21 Savage,1,2.0
2025-03-27,Ariana Grande,2,4.0
2025-03-27,Artemas,1,2.0
2025-03-27,Benson Boone,2,4.0
2025-03-27,Beyoncé,1,2.0
2025-03-27,BigXthaPlug,1,2.0
2025-03-27,Bryson Tiller,1,2.0
2025-03-27,Dasha,1,2.0
2025-03-27,Djo,1,2.0
2025-03-27,Don Toliver,1,2.0
2025-03-27,Future & Metro Boomin,12,24.0
2025-03-27,Hozier,1,2.0
2025-03-27,Jack Harlow,1,2.0
2025-03-27,Lil Tecca,1,2.0
2025-03-27,Michael Marcagi,1,2.0
2025-03-27,Mitski,1,2.0
2025-03-27,Morgan Wallen,2,4.0
2025-03-27,Noah Kahan,1,2.0
2025-03-27,Olivia Rodrigo,3,6.0
2025-03-27,Peso Pluma & Tito Double P & Joel De La P,1,2.0
2025-03-27,Rich Amiri,1,2.0
2025-03-27,SZA,2,4.0
2025-03-27,Tate McRae,1,2.0
2025-03-27,Taylor Swift,1,2.0
2025-03-27,Teddy Swims,1,2.0
2025-03-27,The Weeknd,1,2.0
2025-03-27,Travis Scott,1,2.0
2025-03-27,Xavi,1,2.0
2025-03-27,Yeat,1,2.0
2025-03-27,Zach Bryan,3,6.0
2025-03-27,¥$ & Kanye West & Ty Dolla $ign,1,2.0
2025-03-28,21 Savage,1,2.0
2025-03-28,Ariana Grande,2,4.0
2025-03-28,Artemas,1,2.0
2025-03-28,Benson Boone,2,4.0
2025-03-28,Beyoncé,1,2.0
2025-03-28,BigXthaPlug,1,2.0
2025-03-28,Bryson Tiller,1,2.0
2025-03-28,Dasha,1,2.0
2025-03-28,Djo,1,2.0
2025-03-28,Don Toliver,1,2.0
2025-03-28,Drake,1,2.0
2025-03-28,Future & Metro Boomin,10,20.0
2025-03-28,Good Neighbours,1,2.0
2025-03-28,Hozier,1,2.0
2025-03-28,Jack Harlow,1,2.0
2025-03-28,Lil Tecca,1,2.0
2025-03-28,Michael Marcagi,1,2.0
2025-03-28,Mitski,1,2.0
2025-03-28,Morgan Wallen,2,4.0
2025-03-28,Noah Kahan,1,2.0
2025-03-28,Olivia Rodrigo,3,6.0
2025-03-28,Rich Amiri,1,2.0
2025-03-28,Richy Mitch & The Coal Miners,1,2.0
2025-03-28,SZA,2,4.0
2025-03-28,Sabrina Carpenter,1,2.0
2025-03-28,Tate McRae,1,2.0
2025-03-28,Taylor Swift,1,2.0
2025-03-28,Teddy Swims,1,2.0
2025-03-28,The Weeknd,1,2.0
2025-03-28,Travis Scott,1,2.0
2025-03-28,Xavi,1,2.0
2025-03-28,Yeat,1,2.0
2025-03-28,Zach Bryan,2,4.0
2025-03-28,¥$ & Kanye West & Ty Dolla $ign,1,2.0
2025-03-29,21 Savage,1,2.0
2025-03-29,Ariana Grande,2,4.0
2025-03-29,Artemas,1,2.0
2025-03-29,Benson Boone,2,4.0
2025-03-29,Beyoncé,1,2.0
2025-03-29,BigXthaPlug,1,2.0
2025-03-29,Bryson Tiller,1,2.0
2025-03-29,Dasha,1,2.0
2025-03-29,Djo,1,2.0
2025-03-29,Don Toliver,1,2.0
2025-03-29,Frank Ocean,1,2.0
2025-03-29,Future & Metro Boomin,7,14.000000000000002
2025-03-29,Good Neighbours,1,2.0
2025-03-29,Hozier,1,2.0
2025-03-29,Jack Harlow,1,2.0
2025-03-29,Lil Tecca,1,2.0
2025-03-29,Michael Marcagi,1,2.0
2025-03-29,Mitski,1,2.0
2025-03-29,Morgan Wallen,2,4.0
2025-03-29,Noah Kahan,1,2.0
2025-03-29,Olivia Rodrigo,3,6.0
2025-03-29,Peso Pluma & Tito Double P & Joel De La P,1,2.0
2025-03-29,Rich Amiri,1,2.0
2025-03-29,Richy Mitch & The Coal Miners,1,2.0
2025-03-29,SZA,2,4.0
2025-03-29,Sabrina Carpenter,1,2.0
2025-03-29,Sexyy Red,1,2.0
2025-03-29,Tate McRae,1,2.0
2025-03-29,Taylor Swift,1,2.0
2025-03-29,Teddy Swims,1,2.0
2025-03-29,The Weeknd,1,2.0
2025-03-29,Travis Scott,1,2.0
2025-03-29,Xavi,1,2.0
2025-03-29,Yeat,1,2.0
2025-03-29,Zach Bryan,3,6.0
2025-03-29,¥$ & Kanye West & Ty Dolla $ign,1,2.0
2025-03-30,21 Savage,1,2.0
2025-03-30,Ariana Grande,2,4.0
2025-03-30,Artemas,1,2.0
2025-03-30,Benson Boone,2,4.0
2025-03-30,Beyoncé,1,2.0
2025-03-30,BigXthaPlug,1,2.0
2025-03-30,Bryson Tiller,1,2.0
2025-03-30,Camila Cabello & Playboi Carti,1,2.0
2025-03-30,Dasha,1,2.0
2025-03-30,Djo,1,2.0
2025-03-30,Don Toliver,1,2.0
2025-03-30,Drake,1,2.0
2025-03-30,Flo Milli,1,2.0
2025-03-30,Future & Metro Boomin,6,12.0
2025-03-30,Good Neighbours,1,2.0
2025-03-30,Hozier,1,2.0
2025-03-30,Jack Harlow,1,2.0
2025-03-30,Lil Tecca,1,2.0
2025-03-30,Luke Combs,1,2.0
2025-03-30,Michael Marcagi,1,2.0
2025-03-30,Mitski,1,2.0
2025-03-30,Morgan Wallen,2,4.0
2025-03-30,Noah Kahan,1,2.0
2025-03-30,Olivia Rodrigo,3,6.0
2025-03-30,Peso Pluma & Tito Double P & Joel De La P,1,2.0
2025-03-30,Rich Amiri,1,2.0
2025-03-30,Richy Mitch & The Coal Miners,1,2.0
2025-03-30,SZA,2,4.0
2025-03-30,Sabrina Carpenter,1,2.0
2025-03-30,Sexyy Red,1,2.0
2025-03-30,Tate McRae,1,2.0
2025-03-30,Taylor Swift,1,2.0
2025-03-30,Teddy Swims,1,2.0
2025-03-30,Travis Scott,1,2.0
2025-03-30,Xavi,1,2.0
2025-03-30,Yeat,1,2.0
2025-03-30,Zach Bryan,2,4.0
2025-03-30,¥$ & Kanye West & Ty Dolla $ign,1,2.0
2025-03-31,21 Savage,1,2.0
2025-03-31,Ariana Grande,1,2.0
2025-03-31,Artemas,1,2.0
2025-03-31,Benson Boone,2,4.0
2025-03-31,Beyoncé,23,46.0
2025-03-31,Bryson Tiller,1,2.0
2025-03-31,Camila Cabello & Playboi Carti,1,2.0
2025-03-31,Djo,1,2.0
2025-03-31,Future & Metro Boomin,5,10.0
2025-03-31,Hozier,1,2.0
2025-03-31,Jack Harlow,1,2.0
2025-03-31,Michael Marcagi,1,2.0
2025-03-31,Morgan Wallen,1,2.0
2025-03-31,Noah Kahan,1,2.0
2025-03-31,Olivia Rodrigo,1,2.0
2025-03-31,SZA,1,2.0
2025-03-31,Tate McRae,1,2.0
2025-03-31,Taylor Swift,1,2.0
2025-03-31,Teddy Swims,1,2.0
2025-03-31,Travis Scott,1,2.0
2025-03-31,Zach Bryan,2,4.0
2025-03-31,¥$ & Kanye West & Ty Dolla $ign,1,2.0
2025-04-01,21 Savage,1,2.0
2025-04-01,Ariana Grande,1,2.0
2025-04-01,Artemas,1,2.0
2025-04-01,Benson Boone,1,2.0
2025-04-01,Beyoncé,23,46.0
2025-04-01,Bryson Tiller,1,2.0
2025-04-01,Djo,1,2.0
2025-04-01,Future & Metro Boomin,5,10.0
2025-04-01,Hozier,1,2.0
2025-04-01,Jack Harlow,1,2.0
2025-04-01,Michael Marcagi,1,2.0
2025-04-01,Morgan Wallen,1,2.0
2025-04-01,Noah Kahan,1,2.0
2025-04-01,Olivia Rodrigo,1,2.0
2025-04-01,Rich Amiri,1,2.0
2025-04-01,SZA,1,2.0
2025-04-01,Sexyy Red,1,2.0
2025-04-01,Tate McRae,1,2.0
2025-04-01,Taylor Swift,1,2.0
2025-04-01,Teddy Swims,1,2.0
2025-04-01,Travis Scott,1,2.0
2025-04-01,Zach Bryan,2,4.0
2025-04-01,¥$ & Kanye West & Ty Dolla $ign,1,2.0
2025-04-02,21 Savage,1,2.0
2025-04-02,Ariana Grande,1,2.0
2025-04-02,Artemas,1,2.0
2025-04-02,Benson Boone,2,4.0
2025-04-02,Beyoncé,18,36.0
2025-04-02,Bryson Tiller,1,2.0
2025-04-02,Dasha,1,2.0
2025-04-02,Djo,1,2.0
2025-04-02,Flo Milli,1,2.0
2025-04-02,Future & Metro Boomin,5,10.0
2025-04-02,Hozier,1,2.0
2025-04-02,Jack Harlow,1,2.0
2025-04-02,Michael Marcagi,1,2.0
2025-04-02,Mitski,1,2.0
2025-04-02,Morgan Wallen,1,2.0
2025-04-02,Noah Kahan,1,2.0
2025-04-02,Olivia Rodrigo,1,2.0
2025-04-02,Rich Amiri,1,2.0
2025-04-02,SZA,1,2.0
2025-04-02,Sexyy Red,1,2.0
2025-04-02,Tate McRae,1,2.0
2025-04-02,Taylor Swift,1,2.0
2025-04-02,Teddy Swims,1,2.0
2025-04-02,Travis Scott,1,2.0
2025-04-02,Xavi,1,2.0
2025-04-02,Zach Bryan,2,4.0
2025-04-02,¥$ & Kanye West & Ty Dolla $ign,1,2.0
2025-04-03,21 Savage,1,2.0
2025-04-03,Ariana Grande,2,4.0
2025-04-03,Artemas,1,2.0
2025-04-03,Benson Boone,2,4.0
2025-04-03,Beyoncé,15,30.0
2025-04-03,Bryson Tiller,1,2.0
2025-04-03,Dasha,1,2.0
2025-04-03,Djo,1,2.0
2025-04-03,Don Toliver,1,2.0
2025-04-03,Flo Milli,1,2.0
2025-04-03,Future & Metro Boomin,5,10.0
2025-04-03,Hozier,1,2.0
2025-04-03,Jack Harlow,1,2.0
2025-04-03,Michael Marcagi,1,2.0
2025-04-03,Mitski,1,2.0
2025-04-03,Morgan Wallen,2,4.0
2025-04-03,Noah Kahan,1,2.0
2025-04-03,Olivia Rodrigo,1,2.0
2025-04-03,Rich Amiri,1,2.0
2025-04-03,Richy Mitch & The Coal Miners,1,2.0
2025-04-03,SZA,1,2.0
2025-04-03,Sexyy Red,1,2.0
2025-04-03,Tate McRae,1,2.0
2025-04-03,Taylor Swift,1,2.0
2025-04-03,Teddy Swims,1,2.0
2025-04-03,Travis Scott,1,2.0
2025-04-03,Zach Bryan,2,4.0
2025-04-03,¥$ & Kanye West & Ty Dolla $ign,1,2.0
2025-04-04,21 Savage,1,2.0
2025-04-04,Ariana Grande,2,4.0
2025-04-04,Artemas,1,2.0
2025-04-04,Benson Boone,2,4.0
2025-04-04,Beyoncé,11,22.0
2025-04-04,Bryson Tiller,1,2.0
2025-04-04,Camila Cabello & Playboi Carti,1,2.0
2025-04-04,Dasha,1,2.0
2025-04-04,Djo,1,2.0
2025-04-04,Don Toliver,1,2.0
2025-04-04,Flo Milli,1,2.0
2025-04-04,FloyyMenor & Cris Mj,1,2.0
2025-04-04,Future & Metro Boomin,5,10.0
2025-04-04,Hozier,1,2.0
2025-04-04,ILLIT,1,2.0
2025-04-04,Jack Harlow,1,2.0
2025-04-04,Michael Marcagi,1,2.0
2025-04-04,Mitski,1,2.0
2025-04-04,Morgan Wallen,2,4.0
2025-04-04,Noah Kahan,1,2.0
2025-04-04,Olivia Rodrigo,1,2.0
2025-04-04,Rich Amiri,1,2.0
2025-04-04,Richy Mitch & The Coal Miners,1,2.0
2025-04-04,SZA,1,2.0
2025-04-04,Sexyy Red,1,2.0
2025-04-04,Tate McRae,1,2.0
2025-04-04,Taylor Swift,1,2.0
2025-04-04,Teddy Swims,1,2.0
2025-04-04,Travis Scott,1,2.0
2025-04-04,Xavi,1,2.0
2025-04-04,Zach Bryan,2,4.0
2025-04-04,¥$ & Kanye West & Ty Dolla $ign,1,2.0
2025-04-05,21 Savage,1,2.0
2025-04-05,Ariana Grande,2,4.0
2025-04-05,Artemas,1,2.0
2025-04-05,Benson Boone,2,4.0
2025-04-05,Beyoncé,10,20.0
2025-04-05,Bryson Tiller,1,2.0
2025-04-05,Camila Cabello & Playboi Carti,1,2.0
2025-04-05,Dasha,1,2.0
2025-04-05,Djo,1,2.0
2025-04-05,Don Toliver,1,2.0
2025-04-05,Flo Milli,1,2.0
2025-04-05,FloyyMenor & Cris Mj,1,2.0
2025-04-05,Future & Metro Boomin,5,10.0
2025-04-05,Hozier,1,2.0
2025-04-05,ILLIT,1,2.0
2025-04-05,Jack Harlow,1,2.0
2025-04-05,Lil Tecca,1,2.0
2025-04-05,Michael Marcagi,1,2.0
2025-04-05,Mitski,1,2.0
2025-04-05,Morgan Wallen,2,4.0
2025-04-05,Noah Kahan,1,2.0
2025-04-05,Olivia Rodrigo,1,2.0
2025-04-05,Rich Amiri,1,2.0
2025-04-05,Richy Mitch & The Coal Miners,1,2.0
2025-04-05,SZA,1,2.0
2025-04-05,Sexyy Red,1,2.0
2025-04-05,Tate McRae,1,2.0
2025-04-05,Taylor Swift,1,2.0
2025-04-05,Teddy Swims,1,2.0
2025-04-05,Travis Scott,1,2.0
2025-04-05,Xavi,1,2.0
2025-04-05,Zach Bryan,2,4.0
2025-04-05,¥$ & Kanye West & Ty Dolla $ign,1,2.0
2025-04-06,21 Savage,1,2.0
2025-04-06,Ariana Grande,2,4.0
2025-04-06,Artemas,1,2.0
2025-04-06,Benson Boone,2,4.0
2025-04-06,Beyoncé,6,12.0
2025-04-06,BigXthaPlug,1,2.0
2025-04-06,Bryson Tiller,1,2.0
2025-04-06,Camila Cabello & Playboi Carti,1,2.0
2025-04-06,Dasha,1,2.0
2025-04-06,Djo,1,2.0
2025-04-06,Don Toliver,1,2.0
2025-04-06,Flo Milli,1,2.0
2025-04-06,FloyyMenor & Cris Mj,1,2.0
2025-04-06,Future & Metro Boomin,5,10.0
2025-04-06,Good Neighbours,1,2.0
2025-04-06,Hozier,1,2.0
2025-04-06,ILLIT,1,2.0
2025-04-06,Jack Harlow,1,2.0
2025-04-06,Lil Tecca,1,2.0
2025-04-06,Michael Marcagi,1,2.0
2025-04-06,Mitski,1,2.0
2025-04-06,Morgan Wallen,3,6.0
2025-04-06,Noah Kahan,1,2.0
2025-04-06,Olivia Rodrigo,1,2.0
2025-04-06,Rich Amiri,1,2.0
2025-04-06,Richy Mitch & The Coal Miners,1,2.0
2025-04-06,SZA,1,2.0
2025-04-06,Sabrina Carpenter,1,2.0
2025-04-06,Sexyy Red,1,2.0
2025-04-06,Tate McRae,1,2.0
2025-04-06,Taylor Swift,1,2.0
2025-04-06,Teddy Swims,1,2.0
2025-04-06,Travis Scott,1,2.0
2025-04-06,Xavi,1,2.0
2025-04-06,Zach Bryan,2,4.0
2025-04-06,¥$ & Kanye West & Ty Dolla $ign,1,2.0
2025-04-07,21 Savage,1,2.0
2025-04-07,Ariana Grande,1,2.0
2025-04-07,Artemas,1,2.0
2025-04-07,Benson Boone,3,6.0
2025-04-07,Beyoncé,5,10.0
2025-04-07,BigXthaPlug,1,2.0
2025-04-07,Bryson Tiller,1,2.0
2025-04-07,Chappell Roan,1,2.0
2025-04-07,Dasha,1,2.0
2025-04-07,Djo,1,2.0
2025-04-07,FloyyMenor & Cris Mj,1,2.0
2025-04-07,Future & Metro Boomin,3,6.0
2025-04-07,Hozier,1,2.0
2025-04-07,J. Cole,12,24.0
2025-04-07,Jack Harlow,1,2.0
2025-04-07,Michael Marcagi,1,2.0
2025-04-07,Mitski,1,2.0
2025-04-07,Morgan Wallen,2,4.0
2025-04-07,Noah Kahan,1,2.0
2025-04-07,Olivia Rodrigo,1,2.0
2025-04-07,Rich Amiri,1,2.0
2025-04-07,SZA,1,2.0
2025-04-07,Sexyy Red,1,2.0
2025-04-07,Tate McRae,1,2.0
2025-04-07,Taylor Swift,1,2.0
2025-04-07,Teddy Swims,1,2.0
2025-04-07,Travis Scott,1,2.0
2025-04-07,Zach Bryan,2,4.0
2025-04-07,¥$ & Kanye West & Ty Dolla $ign,1,2.0
2025-04-08,21 Savage,1,2.0
2025-04-08,Ariana Grande,1,2.0
2025-04-08,Artemas,1,2.0
2025-04-08,Benson Boone,2,4.0
2025-04-08,Beyoncé,5,10.0
2025-04-08,BigXthaPlug,1,2.0
2025-04-08,Bryson Tiller,1,2.0
2025-04-08,Dasha,1,2.0
2025-04-08,Djo,1,2.0
2025-04-08,FloyyMenor & Cris Mj,1,2.0
2025-04-08,Future & Metro Boomin,3,6.0
2025-04-08,GloRilla,1,2.0
2025-04-08,Hozier,1,2.0
2025-04-08,J. Cole,7,14.000000000000002
2025-04-08,Jack Harlow,1,2.0
2025-04-08,Luke Combs,1,2.0
2025-04-08,Michael Marcagi,1,2.0
2025-04-08,Mitski,1,2.0
2025-04-08,Morgan Wallen,3,6.0
2025-04-08,Noah Kahan,1,2.0
2025-04-08,Olivia Rodrigo,1,2.0
2025-04-08,Rich Amiri,1,2.0
2025-04-08,Richy Mitch & The Coal Miners,1,2.0
2025-04-08,SZA,1,2.0
2025-04-08,Sabrina Carpenter,1,2.0
2025-04-08,Sexyy Red,1,2.0
2025-04-08,Tate McRae,1,2.0
2025-04-08,Taylor Swift,1,2.0
2025-04-08,Teddy Swims,1,2.0
2025-04-08,Travis Scott,1,2.0
2025-04-08,Xavi,2,4.0
2025-04-08,Zach Bryan,2,4.0
2025-04-08,¥$ & Kanye West & Ty Dolla $ign,1,2.0
2025-04-09,21 Savage,1,2.0
2025-04-09,Ariana Grande,1,2.0
2025-04-09,Artemas,1,2.0
2025-04-09,Benson Boone,2,4.0
2025-04-09,Beyoncé,3,6.0
2025-04-09,BigXthaPlug,1,2.0
2025-04-09,Bryson Tiller,1,2.0
2025-04-09,Chappell Roan,1,2.0
2025-04-09,Dasha,1,2.0
2025-04-09,Djo,1,2.0
2025-04-09,FloyyMenor & Cris Mj,1,2.0
2025-04-09,Future & Metro Boomin,3,6.0
2025-04-09,GloRilla,1,2.0
2025-04-09,Good Neighbours,1,2.0
2025-04-09,Hozier,1,2.0
2025-04-09,ILLIT,1,2.0
2025-04-09,J. Cole,6,12.0
2025-04-09,Jack Harlow,1,2.0
2025-04-09,Luke Combs,1,2.0
2025-04-09,Michael Marcagi,1,2.0
2025-04-09,Mitski,1,2.0
2025-04-09,Morgan Wallen,3,6.0
2025-04-09,Noah Kahan,1,2.0
2025-04-09,Olivia Rodrigo,1,2.0
2025-04-09,Rich Amiri,1,2.0
2025-04-09,Richy Mitch & The Coal Miners,1,2.0
2025-04-09,SZA,1,2.0
2025-04-09,Sabrina Carpenter,1,2.0
2025-04-09,Sexyy Red,1,2.0
2025-04-09,Tate McRae,1,2.0
2025-04-09,Taylor Swift,1,2.0
2025-04-09,Teddy Swims,1,2.0
2025-04-09,Travis Scott,1,2.0
2025-04-09,Xavi,2,4.0
2025-04-09,Zach Bryan,2,4.0
2025-04-09,¥$ & Kanye West & Ty Dolla $ign,1,2.0
2025-04-10,21 Savage,1,2.0
2025-04-10,Ariana Grande,1,2.0
2025-04-10,Artemas,1,2.0
2025-04-10,Benson Boone,2,4.0
2025-04-10,Beyoncé,2,4.0
2025-04-10,BigXthaPlug,1,2.0
2025-04-10,Bill Withers,1,2.0
2025-04-10,Bonnie Tyler,1,2.0
2025-04-10,Bryson Tiller,1,2.0
2025-04-10,Chappell Roan,1,2.0
2025-04-10,Dasha,1,2.0
2025-04-10,Djo,1,2.0
2025-04-10,FloyyMenor & Cris Mj,1,2.0
2025-04-10,Future & Metro Boomin,3,6.0
2025-04-10,GloRilla,1,2.0
2025-04-10,Good Neighbours,1,2.0
2025-04-10,Hozier,1,2.0
2025-04-10,ILLIT,1,2.0
2025-04-10,J. Cole,5,10.0
2025-04-10,Jack Harlow,1,2.0
2025-04-10,Luke Combs,1,2.0
2025-04-10,Michael Marcagi,1,2.0
2025-04-10,Mitski,1,2.0
2025-04-10,Morgan Wallen,3,6.0
2025-04-10,Noah Kahan,1,2.0
2025-04-10,Olivia Rodrigo,1,2.0
2025-04-10,Rich Amiri,1,2.0
2025-04-10,Richy Mitch & The Coal Miners,1,2.0
2025-04-10,SZA,1,2.0
2025-04-10,Sabrina Carpenter,1,2.0
2025-04-10,Sexyy Red,1,2.0
2025-04-10,Tate McRae,1,2.0
2025-04-10,Taylor Swift,1,2.0
2025-04-10,Teddy Swims,1,2.0
2025-04-10,Travis Scott,1,2.0
2025-04-10,Xavi,2,4.0
2025-04-10,Zach Bryan,2,4.0
2025-04-10,¥$ & Kanye West & Ty Dolla $ign,1,2.0
2025-04-11,21 Savage,1,2.0
2025-04-11,Ariana Grande,1,2.0
2025-04-11,Artemas,2,4.0
2025-04-11,Benson Boone,2,4.0
2025-04-11,Beyoncé,2,4.0
2025-04-11,BigXthaPlug,1,2.0
2025-04-11,Bryson Tiller,1,2.0
2025-04-11,Chappell Roan,1,2.0
2025-04-11,Dasha,1,2.0
2025-04-11,Djo,1,2.0
2025-04-11,Don Toliver,1,2.0
2025-04-11,FloyyMenor & Cris Mj,1,2.0
2025-04-11,Future & Metro Boomin,3,6.0
2025-04-11,GloRilla,1,2.0
2025-04-11,Good Neighbours,1,2.0
2025-04-11,Hozier,1,2.0
2025-04-11,ILLIT,1,2.0
2025-04-11,J. Cole,3,6.0
2025-04-11,Jack Harlow,1,2.0
2025-04-11,Lay Bankz,1,2.0
2025-04-11,Lil Tecca,1,2.0
2025-04-11,Luke Combs,1,2.0
2025-04-11,Michael Marcagi,1,2.0
2025-04-11,Mitski,1,2.0
2025-04-11,Morgan Wallen,3,6.0
2025-04-11,Noah Kahan,1,2.0
2025-04-11,Olivia Rodrigo,1,2.0
2025-04-11,Rich Amiri,1,2.0
2025-04-11,Richy Mitch & The Coal Miners,1,2.0
2025-04-11,SZA,1,2.0
2025-04-11,Sabrina Carpenter,1,2.0
2025-04-11,Sexyy Red,1,2.0
2025-04-11,Tate McRae,1,2.0
2025-04-11,Taylor Swift,1,2.0
2025-04-11,Teddy Swims,1,2.0
2025-04-11,Travis Scott,1,2.0
2025-04-11,Xavi,2,4.0
2025-04-11,Zach Bryan,2,4.0
2025-04-11,¥$ & Kanye West & Ty Dolla $ign,1,2.0
2025-04-12,21 Savage,1,2.0
2025-04-12,Ariana Grande,1,2.0
2025-04-12,Artemas,2,4.0
2025-04-12,Benson Boone,2,4.0
2025-04-12,Beyoncé,2,4.0
2025-04-12,BigXthaPlug,1,2.0
2025-04-12,Bryson Tiller,1,2.0
2025-04-12,Chappell Roan,1,2.0
2025-04-12,Dasha,1,2.0
2025-04-12,Djo,1,2.0
2025-04-12,FloyyMenor & Cris Mj,1,2.0
2025-04-12,Future & Metro Boomin,3,6.0
2025-04-12,GloRilla,1,2.0
2025-04-12,Good Neighbours,1,2.0
2025-04-12,Hozier,1,2.0
2025-04-12,ILLIT,1,2.0
2025-04-12,J. Cole,3,6.0
2025-04-12,Jack Harlow,1,2.0
2025-04-12,Lay Bankz,1,2.0
2025-04-12,Lil Tecca,1,2.0
2025-04-12,Luke Combs,1,2.0
2025-04-12,Michael Marcagi,1,2.0
2025-04-12,Mitski,1,2.0
2025-04-12,Morgan Wallen,4,8.0
2025-04-12,Noah Kahan,1,2.0
2025-04-12,Olivia Rodrigo,1,2.0
2025-04-12,Rich Amiri,1,2.0
2025-04-12,Richy Mitch & The Coal Miners,1,2.0
2025-04-12,SZA,1,2.0
2025-04-12,Sabrina Carpenter,1,2.0
2025-04-12,Sexyy Red,1,2.0
2025-04-12,Tate McRae,1,2.0
2025-04-12,Taylor Swift,1,2.0
2025-04-12,Teddy Swims,1,2.0
2025-04-12,Travis Scott,1,2.0
2025-04-12,Xavi,2,4.0
2025-04-12,Zach Bryan,2,4.0
2025-04-12,¥$ & Kanye West & Ty Dolla $ign,1,2.0
2025-04-13,21 Savage,1,2.0
2025-04-13,Ariana Grande,1,2.0
2025-04-13,Artemas,2,4.0
2025-04-13,Benson Boone,3,6.0
2025-04-13,Beyoncé,2,4.0
2025-04-13,BigXthaPlug,1,2.0
2025-04-13,Bryson Tiller,1,2.0
2025-04-13,Chappell Roan,1,2.0
2025-04-13,Dasha,1,2.0
2025-04-13,Djo,1,2.0
2025-04-13,FloyyMenor & Cris Mj,1,2.0
2025-04-13,Future & Metro Boomin,3,6.0
2025-04-13,GloRilla,1,2.0
2025-04-13,Good Neighbours,1,2.0
2025-04-13,Hozier,1,2.0
2025-04-13,ILLIT,1,2.0
2025-04-13,J. Cole,1,2.0
2025-04-13,Jack Harlow,1,2.0
2025-04-13,Lay Bankz,1,2.0
2025-04-13,Lil Tecca,1,2.0
2025-04-13,Luke Combs,1,2.0
2025-04-13,Michael Marcagi,1,2.0
2025-04-13,Mitski,1,2.0
2025-04-13,Morgan Wallen,4,8.0
2025-04-13,Noah Kahan,1,2.0
2025-04-13,Olivia Rodrigo,1,2.0
2025-04-13,Rich Amiri,1,2.0
2025-04-13,Richy Mitch & The Coal Miners,1,2.0
2025-04-13,SZA,1,2.0
2025-04-13,Sabrina Carpenter,1,2.0
2025-04-13,Sexyy Red,1,2.0
2025-04-13,Tate McRae,1,2.0
2025-04-13,Taylor Swift,1,2.0
2025-04-13,Teddy Swims,1,2.0
2025-04-13,The Weeknd & JENNIE & Lily-Rose Depp,1,2.0
2025-04-13,Travis Scott,1,2.0
2025-04-13,Xavi,2,4.0
2025-04-13,Zach Bryan,2,4.0
2025-04-13,¥$ & Kanye West & Ty Dolla $ign,1,2.0
2025-04-14,21 Savage,1,2.0
2025-04-14,Ariana Grande,1,2.0
2025-04-14,Artemas,1,2.0
2025-04-14,Benson Boone,2,4.0
2025-04-14,Beyoncé,1,2.0
2025-04-14,BigXthaPlug,1,2.0
2025-04-14,Bryson Tiller,1,2.0
2025-04-14,Chappell Roan,1,2.0
2025-04-14,Dasha,1,2.0
2025-04-14,Djo,1,2.0
2025-04-14,FloyyMenor & Cris Mj,1,2.0
2025-04-14,Future & Metro Boomin,6,12.0
2025-04-14,GloRilla,1,2.0
2025-04-14,Hozier,1,2.0
2025-04-14,Jack Harlow,1,2.0
2025-04-14,Jessie Murph & Jelly Roll,1,2.0
2025-04-14,Lay Bankz,1,2.0
2025-04-14,Luke Combs,1,2.0
2025-04-14,Michael Marcagi,1,2.0
2025-04-14,Mitski,1,2.0
2025-04-14,Morgan Wallen,4,8.0
2025-04-14,Noah Kahan,1,2.0
2025-04-14,Olivia Rodrigo,1,2.0
2025-04-14,Rich Amiri,1,2.0
2025-04-14,Richy Mitch & The Coal Miners,1,2.0
2025-04-14,SZA,2,4.0
2025-04-14,Sabrina Carpenter,2,4.0
2025-04-14,Sexyy Red,1,2.0
2025-04-14,Shaboozey,1,2.0
2025-04-14,Tate McRae,1,2.0
2025-04-14,Taylor Swift,1,2.0
2025-04-14,Teddy Swims,1,2.0
2025-04-14,The Weeknd & JENNIE & Lily-Rose Depp,1,2.0
2025-04-14,Travis Scott,1,2.0
2025-04-14,Xavi,1,2.0
2025-04-14,Zach Bryan,3,6.0
2025-04-14,¥$ & Kanye West & Ty Dolla $ign,1,2.0
2025-04-15,21 Savage,1,2.0
2025-04-15,Ariana Grande,1,2.0
2025-04-15,Artemas,1,2.0
2025-04-15,Benson Boone,2,4.0
2025-04-15,Beyoncé,1,2.0
2025-04-15,BigXthaPlug,1,2.0
2025-04-15,Bryson Tiller,1,2.0
2025-04-15,Chappell Roan,1,2.0
2025-04-15,Dasha,1,2.0
2025-04-15,Djo,1,2.0
2025-04-15,FloyyMenor & Cris Mj,1,2.0
2025-04-15,Future & Metro Boomin,6,12.0
2025-04-15,GloRilla,1,2.0
2025-04-15,Hozier,1,2.0
2025-04-15,Jack Harlow,1,2.0
2025-04-15,Jessie Murph & Jelly Roll,1,2.0
2025-04-15,Lay Bankz,1,2.0
2025-04-15,Luke Combs,1,2.0
2025-04-15,Michael Marcagi,1,2.0
2025-04-15,Mitski,1,2.0
2025-04-15,Morgan Wallen,4,8.0
2025-04-15,Noah Kahan,1,2.0
2025-04-15,Olivia Rodrigo,1,2.0
2025-04-15,Rich Amiri,1,2.0
2025-04-15,Richy Mitch & The Coal Miners,1,2.0
2025-04-15,SZA,2,4.0
2025-04-15,Sabrina Carpenter,2,4.0
2025-04-15,Sexyy Red,1,2.0
2025-04-15,Shaboozey,1,2.0
2025-04-15,Tate McRae,1,2.0
2025-04-15,Taylor Swift,1,2.0
2025-04-15,Teddy Swims,1,2.0
2025-04-15,The Weeknd & JENNIE & Lily-Rose Depp,1,2.0
2025-04-15,Travis Scott,1,2.0
2025-04-15,Xavi,1,2.0
2025-04-15,Zach Bryan,3,6.0
2025-04-15,¥$ & Kanye West & Ty Dolla $ign,1,2.0
2025-04-16,21 Savage,1,2.0
2025-04-16,Ariana Grande,1,2.0
2025-04-16,Artemas,1,2.0
2025-04-16,Benson Boone,2,4.0
2025-04-16,Beyoncé,1,2.0
2025-04-16,BigXthaPlug,1,2.0
2025-04-16,Bryson Tiller,1,2.0
2025-04-16,Chappell Roan,2,4.0
2025-04-16,Dasha,1,2.0
2025-04-16,Djo,1,2.0
2025-04-16,FloyyMenor & Cris Mj,1,2.0
2025-04-16,Future & Metro Boomin,4,8.0
2025-04-16,GloRilla,1,2.0
2025-04-16,Hozier,1,2.0
2025-04-16,Jack Harlow,1,2.0
2025-04-16,Jessie Murph & Jelly Roll,1,2.0
2025-04-16,Lay Bankz,1,2.0
2025-04-16,Lil Tecca,1,2.0
2025-04-16,Luke Combs,1,2.0
2025-04-16,Michael Marcagi,1,2.0
2025-04-16,Mitski,1,2.0
2025-04-16,Morgan Wallen,4,8.0
2025-04-16,Noah Kahan,1,2.0
2025-04-16,Olivia Rodrigo,1,2.0
2025-04-16,Rich Amiri,1,2.0
2025-04-16,Richy Mitch & The Coal Miners,1,2.0
2025-04-16,SZA,2,4.0
2025-04-16,Sabrina Carpenter,2,4.0
2025-04-16,Sexyy Red,1,2.0
2025-04-16,Shaboozey,1,2.0
2025-04-16,Tate McRae,1,2.0
2025-04-16,Taylor Swift,1,2.0
2025-04-16,Teddy Swims,1,2.0
2025-04-16,The Weeknd & JENNIE & Lily-Rose Depp,1,2.0
2025-04-16,Travis Scott,1,2.0
2025-04-16,Xavi,1,2.0
2025-04-16,Zach Bryan,3,6.0
2025-04-16,¥$ & Kanye West & Ty Dolla $ign,1,2.0
2025-04-17,21 Savage,1,2.0
2025-04-17,Ariana Grande,1,2.0
2025-04-17,Artemas,2,4.0
2025-04-17,Benson Boone,2,4.0
2025-04-17,Beyoncé,1,2.0
2025-04-17,BigXthaPlug,1,2.0
2025-04-17,Bryson Tiller,1,2.0
2025-04-17,Chappell Roan,2,4.0
2025-04-17,Dasha,1,2.0
2025-04-17,Djo,1,2.0
2025-04-17,FloyyMenor & Cris Mj,1,2.0
2025-04-17,Future & Metro Boomin,4,8.0
2025-04-17,GloRilla,1,2.0
2025-04-17,Hozier,1,2.0
2025-04-17,ILLIT,1,2.0
2025-04-17,Jack Harlow,1,2.0
2025-04-17,Lay Bankz,1,2.0
2025-04-17,Luke Combs,1,2.0
2025-04-17,Michael Marcagi,1,2.0
2025-04-17,Mitski,1,2.0
2025-04-17,Morgan Wallen,4,8.0
2025-04-17,Noah Kahan,1,2.0
2025-04-17,Olivia Rodrigo,1,2.0
2025-04-17,Rich Amiri,1,2.0
2025-04-17,Richy Mitch & The Coal Miners,1,2.0
2025-04-17,SZA,2,4.0
2025-04-17,Sabrina Carpenter,2,4.0
2025-04-17,Sexyy Red,1,2.0
2025-04-17,Shaboozey,1,2.0
2025-04-17,Tate McRae,1,2.0
2025-04-17,Taylor Swift,1,2.0
2025-04-17,Teddy Swims,1,2.0
2025-04-17,The Weeknd & JENNIE & Lily-Rose Depp,1,2.0
2025-04-17,Travis Scott,1,2.0
2025-04-17,Xavi,1,2.0
2025-04-17,Zach Bryan,2,4.0
2025-04-17,d4vd,1,2.0
2025-04-17,¥$ & Kanye West & Ty Dolla $ign,1,2.0
2025-04-18,21 Savage,1,2.0
2025-04-18,Ariana Grande,1,2.0
2025-04-18,Artemas,2,4.0
2025-04-18,Benson Boone,2,4.0
2025-04-18,Beyoncé,1,2.0
2025-04-18,BigXthaPlug,1,2.0
2025-04-18,Bryson Tiller,1,2.0
2025-04-18,Chappell Roan,2,4.0
2025-04-18,Dasha,1,2.0
2025-04-18,Djo,1,2.0
2025-04-18,FloyyMenor & Cris Mj,1,2.0
2025-04-18,Frank Ocean,1,2.0
2025-04-18,Future & Metro Boomin,4,8.0
2025-04-18,GloRilla,1,2.0
2025-04-18,Hozier,1,2.0
2025-04-18,ILLIT,1,2.0
2025-04-18,Jack Harlow,1,2.0
2025-04-18,Lay Bankz,1,2.0
2025-04-18,Luke Combs,1,2.0
2025-04-18,Michael Marcagi,1,2.0
2025-04-18,Mitski,1,2.0
2025-04-18,Morgan Wallen,4,8.0
2025-04-18,Noah Kahan,1,2.0
2025-04-18,Olivia Rodrigo,1,2.0
2025-04-18,Rich Amiri,1,2.0
2025-04-18,Richy Mitch & The Coal Miners,1,2.0
2025-04-18,SZA,1,2.0
2025-04-18,Sabrina Carpenter,2,4.0
2025-04-18,Sexyy Red,1,2.0
2025-04-18,Shaboozey,1,2.0
2025-04-18,Tate McRae,1,2.0
2025-04-18,Taylor Swift,1,2.0
2025-04-18,Teddy Swims,1,2.0
2025-04-18,The Weeknd & JENNIE & Lily-Rose Depp,1,2.0
2025-04-18,Travis Scott,1,2.0
2025-04-18,Xavi,1,2.0
2025-04-18,Zach Bryan,2,4.0
2025-04-18,d4vd,1,2.0
2025-04-18,¥$ & Kanye West & Ty Dolla $ign,1,2.0
2025-04-19,21 Savage,1,2.0
2025-04-19,Ariana Grande,1,2.0
2025-04-19,Artemas,2,4.0
2025-04-19,Benson Boone,2,4.0
2025-04-19,Beyoncé,1,2.0
2025-04-19,BigXthaPlug,1,2.0
2025-04-19,Bryson Tiller,1,2.0
2025-04-19,Chappell Roan,2,4.0
2025-04-19,Dasha,1,2.0
2025-04-19,Djo,1,2.0
2025-04-19,FloyyMenor & Cris Mj,1,2.0
2025-04-19,Frank Ocean,1,2.0
2025-04-19,Future & Metro Boomin,4,8.0
2025-04-19,GloRilla,1,2.0
2025-04-19,Hozier,1,2.0
2025-04-19,ILLIT,1,2.0
2025-04-19,Jack Harlow,1,2.0
2025-04-19,Lay Bankz,1,2.0
2025-04-19,Luke Combs,1,2.0
2025-04-19,Michael Marcagi,1,2.0
2025-04-19,Mitski,1,2.0
2025-04-19,Morgan Wallen,3,6.0
2025-04-19,Noah Kahan,1,2.0
2025-04-19,Olivia Rodrigo,1,2.0
2025-04-19,Rich Amiri,1,2.0
2025-04-19,Richy Mitch & The Coal Miners,1,2.0
2025-04-19,SZA,2,4.0
2025-04-19,Sabrina Carpenter,2,4.0
2025-04-19,Sexyy Red,1,2.0
2025-04-19,Shaboozey,1,2.0
2025-04-19,Tate McRae,1,2.0
2025-04-19,Taylor Swift,1,2.0
2025-04-19,Teddy Swims,1,2.0
2025-04-19,The Weeknd & JENNIE & Lily-Rose Depp,1,2.0
2025-04-19,Travis Scott,1,2.0
2025-04-19,Zach Bryan,3,6.0
2025-04-19,d4vd,1,2.0
2025-04-19,¥$ & Kanye West & Ty Dolla $ign,1,2.0
2025-04-20,21 Savage,1,2.0
2025-04-20,Ariana Grande,1,2.0
2025-04-20,Artemas,1,2.0
2025-04-20,Benson Boone,2,4.0
2025-04-20,Beyoncé,1,2.0
2025-04-20,BigXthaPlug,1,2.0
2025-04-20,Bryson Tiller,1,2.0
2025-04-20,Chappell Roan,2,4.0
2025-04-20,Dasha,1,2.0
2025-04-20,Djo,1,2.0
2025-04-20,FloyyMenor & Cris Mj,1,2.0
2025-04-20,Frank Ocean,1,2.0
2025-04-20,Future & Metro Boomin,4,8.0
2025-04-20,GloRilla,1,2.0
2025-04-20,Hozier,1,2.0
2025-04-20,ILLIT,1,2.0
2025-04-20,Jack Harlow,1,2.0
2025-04-20,Lay Bankz,1,2.0
2025-04-20,Lil Tecca,1,2.0
2025-04-20,Luke Combs,1,2.0
2025-04-20,Michael Marcagi,1,2.0
2025-04-20,Mitski,1,2.0
2025-04-20,Morgan Wallen,4,8.0
2025-04-20,Noah Kahan,1,2.0
2025-04-20,Olivia Rodrigo,1,2.0
2025-04-20,Rich Amiri,1,2.0
2025-04-20,Richy Mitch & The Coal Miners,1,2.0
2025-04-20,SZA,2,4.0
2025-04-20,Sabrina Carpenter,2,4.0
2025-04-20,Sexyy Red,1,2.0
2025-04-20,Shaboozey,1,2.0
2025-04-20,Tate McRae,1,2.0
2025-04-20,Taylor Swift,1,2.0
2025-04-20,Teddy Swims,1,2.0
2025-04-20,The Weeknd & JENNIE & Lily-Rose Depp,1,2.0
2025-04-20,Travis Scott,1,2.0
2025-04-20,Zach Bryan,2,4.0
2025-04-20,d4vd,1,2.0
2025-04-20,¥$ & Kanye West & Ty Dolla $ign,1,2.0
2025-04-21,Ariana Grande,1,2.0
2025-04-21,Artemas,1,2.0
2025-04-21,Benson Boone,1,2.0
2025-04-21,Bryson Tiller,1,2.0
2025-04-21,Chappell Roan,1,2.0
2025-04-21,Djo,1,2.0
2025-04-21,Drake,1,2.0
2025-04-21,FloyyMenor & Cris Mj,1,2.0
2025-04-21,Future & Metro Boomin,2,4.0
2025-04-21,Hozier,1,2.0
2025-04-21,Lay Bankz,1,2.0
2025-04-21,Noah Kahan,1,2.0
2025-04-21,SZA,1,2.0
2025-04-21,Sabrina Carpenter,1,2.0
2025-04-21,Shaboozey,1,2.0
2025-04-21,Taylor Swift,31,62.0
2025-04-21,Teddy Swims,1,2.0
2025-04-21,Zach Bryan,1,2.0
2025-04-21,¥$ & Kanye West & Ty Dolla $ign,1,2.0
2025-04-22,Ariana Grande,1,2.0
2025-04-22,Artemas,1,2.0
2025-04-22,Benson Boone,1,2.0
2025-04-22,Bryson Tiller,1,2.0
2025-04-22,Chappell Roan,1,2.0
2025-04-22,Djo,1,2.0
2025-04-22,Drake,1,2.0
2025-04-22,FloyyMenor & Cris Mj,1,2.0
2025-04-22,Future & Metro Boomin,2,4.0
2025-04-22,Hozier,1,2.0
2025-04-22,Lay Bankz,1,2.0
2025-04-22,Noah Kahan,1,2.0
2025-04-22,SZA,1,2.0
2025-04-22,Sabrina Carpenter,1,2.0
2025-04-22,Shaboozey,1,2.0
2025-04-22,Taylor Swift,31,62.0
2025-04-22,Teddy Swims,1,2.0
2025-04-22,Zach Bryan,1,2.0
2025-04-22,¥$ & Kanye West & Ty Dolla $ign,1,2.0
2025-04-23,Ariana Grande,1,2.0
2025-04-23,Artemas,1,2.0
2025-04-23,Benson Boone,1,2.0
2025-04-23,Bryson Tiller,1,2.0
2025-04-23,Chappell Roan,1,2.0
2025-04-23,Djo,1,2.0
2025-04-23,Drake,1,2.0
2025-04-23,FloyyMenor & Cris Mj,1,2.0
2025-04-23,Future & Metro Boomin,2,4.0
2025-04-23,Hozier,1,2.0
2025-04-23,Lay Bankz,1,2.0
2025-04-23,Noah Kahan,1,2.0
2025-04-23,SZA,1,2.0
2025-04-23,Sabrina Carpenter,1,2.0
2025-04-23,Shaboozey,1,2.0
2025-04-23,Taylor Swift,31,62.0
2025-04-23,Teddy Swims,1,2.0
2025-04-23,Zach Bryan,1,2.0
2025-04-23,¥$ & Kanye West & Ty Dolla $ign,1,2.0
2025-04-24,Ariana Grande,1,2.0
2025-04-24,Artemas,1,2.0
2025-04-24,Benson Boone,1,2.0
2025-04-24,Bryson Tiller,1,2.0
2025-04-24,Chappell Roan,1,2.0
2025-04-24,Djo,1,2.0
2025-04-24,Drake,1,2.0
2025-04-24,FloyyMenor & Cris Mj,1,2.0
2025-04-24,Future & Metro Boomin,2,4.0
2025-04-24,Hozier,1,2.0
2025-04-24,Lay Bankz,1,2.0
2025-04-24,Noah Kahan,1,2.0
2025-04-24,SZA,1,2.0
2025-04-24,Sabrina Carpenter,1,2.0
2025-04-24,Shaboozey,1,2.0
2025-04-24,Taylor Swift,31,62.0
2025-04-24,Teddy Swims,1,2.0
2025-04-24,Zach Bryan,1,2.0
2025-04-24,¥$ & Kanye West & Ty Dolla $ign,1,2.0
2025-04-25,Ariana Grande,1,2.0
2025-04-25,Artemas,1,2.0
2025-04-25,Benson Boone,1,2.0
2025-04-25,Bryson Tiller,1,2.0
2025-04-25,Chappell Roan,1,2.0
2025-04-25,Djo,1,2.0
2025-04-25,Drake,1,2.0
2025-04-25,FloyyMenor & Cris Mj,1,2.0
2025-04-25,Future & Metro Boomin,2,4.0
2025-04-25,Hozier,1,2.0
2025-04-25,Lay Bankz,1,2.0
2025-04-25,Noah Kahan,1,2.0
2025-04-25,SZA,1,2.0
2025-04-25,Sabrina Carpenter,1,2.0
2025-04-25,Shaboozey,1,2.0
2025-04-25,Taylor Swift,30,60.0
2025-04-25,Teddy Swims,1,2.0
2025-04-25,Travis Scott,1,2.0
2025-04-25,Zach Bryan,1,2.0
2025-04-25,¥$ & Kanye West & Ty Dolla $ign,1,2.0
2025-04-26,21 Savage,1,2.0
2025-04-26,Ariana Grande,1,2.0
2025-04-26,Artemas,1,2.0
2025-04-26,Benson Boone,1,2.0
2025-04-26,Bryson Tiller,1,2.0
2025-04-26,Chappell Roan,1,2.0
2025-04-26,Djo,1,2.0
2025-04-26,Drake,1,2.0
2025-04-26,FloyyMenor & Cris Mj,1,2.0
2025-04-26,Future & Metro Boomin,2,4.0
2025-04-26,Hozier,1,2.0
2025-04-26,Lay Bankz,1,2.0
2025-04-26,Noah Kahan,1,2.0
2025-04-26,SZA,1,2.0
2025-04-26,Sabrina Carpenter,1,2.0
2025-04-26,Shaboozey,1,2.0
2025-04-26,Taylor Swift,29,57.99999999999999
2025-04-26,Teddy Swims,1,2.0
2025-04-26,Travis Scott,1,2.0
2025-04-26,Zach Bryan,1,2.0
2025-04-26,¥$ & Kanye West & Ty Dolla $ign,1,2.0
2025-04-27,Ariana Grande,1,2.0
2025-04-27,Artemas,1,2.0
2025-04-27,Benson Boone,1,2.0
2025-04-27,Bryson Tiller,1,2.0
2025-04-27,Chappell Roan,1,2.0
2025-04-27,Djo,1,2.0
2025-04-27,Drake,1,2.0
2025-04-27,FloyyMenor & Cris Mj,1,2.0
2025-04-27,Future & Metro Boomin,2,4.0
2025-04-27,Hozier,1,2.0
2025-04-27,Lay Bankz,1,2.0
2025-04-27,Noah Kahan,1,2.0
2025-04-27,SZA,1,2.0
2025-04-27,Sabrina Carpenter,1,2.0
2025-04-27,Shaboozey,1,2.0
2025-04-27,Tate McRae,1,2.0
2025-04-27,Taylor Swift,29,57.99999999999999
2025-04-27,Teddy Swims,1,2.0
2025-04-27,Travis Scott,1,2.0
2025-04-27,Zach Bryan,1,2.0
2025-04-27,¥$ & Kanye West & Ty Dolla $ign,1,2.0
2025-04-28,21 Savage,1,2.0
2025-04-28,Ariana Grande,1,2.0
2025-04-28,Artemas,1,2.0
2025-04-28,Benson Boone,1,2.0
2025-04-28,Bryson Tiller,1,2.0
2025-04-28,Chappell Roan,1,2.0
2025-04-28,Djo,1,2.0
2025-04-28,Drake,1,2.0
2025-04-28,FloyyMenor & Cris Mj,1,2.0
2025-04-28,Future & Metro Boomin,2,4.0
2025-04-28,Hozier,1,2.0
2025-04-28,Lay Bankz,1,2.0
2025-04-28,Myke Towers & Bad Bunny,1,2.0
2025-04-28,Noah Kahan,1,2.0
2025-04-28,SZA,1,2.0
2025-04-28,Sabrina Carpenter,1,2.0
2025-04-28,Shaboozey,1,2.0
2025-04-28,Tate McRae,1,2.0
2025-04-28,Taylor Swift,26,52.0
2025-04-28,Teddy Swims,1,2.0
2025-04-28,Tommy Richman,1,2.0
2025-04-28,Travis Scott,1,2.0
2025-04-28,Zach Bryan,1,2.0
2025-04-28,¥$ & Kanye West & Ty Dolla $ign,1,2.0
2025-04-29,21 Savage,1,2.0
2025-04-29,Ariana Grande,1,2.0
2025-04-29,Artemas,1,2.0
2025-04-29,Benson Boone,1,2.0
2025-04-29,Bryson Tiller,1,2.0
2025-04-29,Chappell Roan,1,2.0
2025-04-29,Dasha,1,2.0
2025-04-29,Djo,1,2.0
2025-04-29,Drake,1,2.0
2025-04-29,FloyyMenor & Cris Mj,1,2.0
2025-04-29,Future & Metro Boomin,2,4.0
2025-04-29,GloRilla,1,2.0
2025-04-29,Hozier,1,2.0
2025-04-29,Lay Bankz,1,2.0
2025-04-29,Noah Kahan,1,2.0
2025-04-29,SZA,1,2.0
2025-04-29,Sabrina Carpenter,1,2.0
2025-04-29,Sexyy Red,1,2.0
2025-04-29,Shaboozey,1,2.0
2025-04-29,Tate McRae,1,2.0
2025-04-29,Taylor Swift,23,46.0
2025-04-29,Teddy Swims,1,2.0
2025-04-29,Tommy Richman,2,4.0
2025-04-29,Travis Scott,1,2.0
2025-04-29,Zach Bryan,1,2.0
2025-04-29,¥$ & Kanye West & Ty Dolla $ign,1,2.0
2025-04-30,21 Savage,1,2.0
2025-04-30,Ariana Grande,1,2.0
2025-04-30,Artemas,1,2.0
2025-04-30,Benson Boone,1,2.0
2025-04-30,Bryson Tiller,1,2.0
2025-04-30,Chappell Roan,1,2.0
2025-04-30,Dasha,1,2.0
2025-04-30,Djo,1,2.0
2025-04-30,Drake,1,2.0
2025-04-30,FloyyMenor & Cris Mj,1,2.0
2025-04-30,Future & Metro Boomin,2,4.0
2025-04-30,GloRilla,1,2.0
2025-04-30,Hozier,1,2.0
2025-04-30,Lay Bankz,1,2.0
2025-04-30,Michael Marcagi,1,2.0
2025-04-30,Morgan Wallen,1,2.0
2025-04-30,Noah Kahan,1,2.0
2025-04-30,SZA,1,2.0
2025-04-30,Sabrina Carpenter,1,2.0
2025-04-30,Sexyy Red,1,2.0
2025-04-30,Shaboozey,1,2.0
2025-04-30,Tate McRae,1,2.0
2025-04-30,Taylor Swift,20,40.0
2025-04-30,Teddy Swims,1,2.0
2025-04-30,Tommy Richman,2,4.0
2025-04-30,Travis Scott,1,2.0
2025-04-30,Zach Bryan,2,4.0
2025-04-30,¥$ & Kanye West & Ty Dolla $ign,1,2.0
2025-05-01,21 Savage,1,2.0
2025-05-01,Ariana Grande,1,2.0
2025-05-01,Artemas,1,2.0
2025-05-01,Benson Boone,1,2.0
2025-05-01,Bryson Tiller,1,2.0
2025-05-01,Chappell Roan,1,2.0
2025-05-01,Djo,1,2.0
2025-05-01,Drake,1,2.0
2025-05-01,FloyyMenor & Cris Mj,1,2.0
2025-05-01,Future & Metro Boomin,2,4.0
2025-05-01,GloRilla,1,2.0
2025-05-01,Hozier,1,2.0
2025-05-01,Lay Bankz,1,2.0
2025-05-01,Michael Marcagi,1,2.0
2025-05-01,Noah Kahan,1,2.0
2025-05-01,SZA,1,2.0
2025-05-01,Sabrina Carpenter,1,2.0
2025-05-01,Shaboozey,1,2.0
2025-05-01,Tate McRae,1,2.0
2025-05-01,Taylor Swift,23,46.0
2025-05-01,Teddy Swims,1,2.0
2025-05-01,Tommy Richman,2,4.0
2025-05-01,Travis Scott,1,2.0
2025-05-01,Zach Bryan,2,4.0
2025-05-01,¥$ & Kanye West & Ty Dolla $ign,1,2.0
2025-05-02,21 Savage,1,2.0
2025-05-02,Ariana Grande,1,2.0
2025-05-02,Artemas,1,2.0
2025-05-02,Benson Boone,1,2.0
2025-05-02,Bryson Tiller,1,2.0
2025-05-02,Chappell Roan,1,2.0
2025-05-02,Djo,1,2.0
2025-05-02,Drake,1,2.0
2025-05-02,FloyyMenor & Cris Mj,1,2.0
2025-05-02,Future & Metro Boomin,2,4.0
2025-05-02,GloRilla,1,2.0
2025-05-02,Hozier,1,2.0
2025-05-02,Kendrick Lamar,1,2.0
2025-05-02,Lay Bankz,1,2.0
2025-05-02,Michael Marcagi,1,2.0
2025-05-02,Morgan Wallen,1,2.0
2025-05-02,Noah Kahan,1,2.0
2025-05-02,SZA,1,2.0
2025-05-02,Sabrina Carpenter,1,2.0
2025-05-02,Sexyy Red,1,2.0
2025-05-02,Shaboozey,1,2.0
2025-05-02,Tate McRae,1,2.0
2025-05-02,Taylor Swift,20,40.0
2025-05-02,Teddy Swims,1,2.0
2025-05-02,Tommy Richman,2,4.0
2025-05-02,Travis Scott,1,2.0
2025-05-02,Zach Bryan,2,4.0
2025-05-02,¥$ & Kanye West & Ty Dolla $ign,1,2.0
2025-05-03,21 Savage,1,2.0
2025-05-03,Ariana Grande,1,2.0
2025-05-03,Artemas,1,2.0
2025-05-03,Benson Boone,2,4.0
2025-05-03,Bryson Tiller,1,2.0
2025-05-03,Chappell Roan,1,2.0
2025-05-03,Dasha,1,2.0
2025-05-03,Djo,1,2.0
2025-05-03,Drake,1,2.0
2025-05-03,FloyyMenor & Cris Mj,1,2.0
2025-05-03,Future & Metro Boomin,2,4.0
2025-05-03,GloRilla,1,2.0
2025-05-03,Hozier,1,2.0
2025-05-03,Kendrick Lamar,1,2.0
2025-05-03,Lay Bankz,1,2.0
2025-05-03,Morgan Wallen,1,2.0
2025-05-03,Noah Kahan,1,2.0
2025-05-03,SZA,1,2.0
2025-05-03,Sabrina Carpenter,1,2.0
2025-05-03,Sexyy Red,1,2.0
2025-05-03,Shaboozey,1,2.0
2025-05-03,Taylor Swift,20,40.0
2025-05-03,Teddy Swims,1,2.0
2025-05-03,Tommy Richman,2,4.0
2025-05-03,Travis Scott,1,2.0
2025-05-03,Zach Bryan,2,4.0
2025-05-03,¥$ & Kanye West & Ty Dolla $ign,1,2.0
2025-05-04,21 Savage,1,2.0
2025-05-04,Ariana Grande,1,2.0
2025-05-04,Artemas,1,2.0
2025-05-04,Benson Boone,2,4.0
2025-05-04,BigXthaPlug,1,2.0
2025-05-04,Bryson Tiller,1,2.0
2025-05-04,Chappell Roan,1,2.0
2025-05-04,Dasha,1,2.0
2025-05-04,Djo,1,2.0
2025-05-04,Drake,1,2.0
2025-05-04,FloyyMenor & Cris Mj,1,2.0
2025-05-04,Future & Metro Boomin,2,4.0
2025-05-04,Hozier,1,2.0
2025-05-04,Kendrick Lamar,1,2.0
2025-05-04,Lay Bankz,1,2.0
2025-05-04,Michael Marcagi,1,2.0
2025-05-04,Morgan Wallen,1,2.0
2025-05-04,Noah Kahan,1,2.0
2025-05-04,SZA,1,2.0
2025-05-04,Sabrina Carpenter,1,2.0
2025-05-04,Sexyy Red,1,2.0
2025-05-04,Shaboozey,1,2.0
2025-05-04,Taylor Swift,18,36.0
2025-05-04,Teddy Swims,1,2.0
2025-05-04,Tommy Richman,2,4.0
2025-05-04,Travis Scott,1,2.0
2025-05-04,"Tyler, The Creator",1,2.0
2025-05-04,Zach Bryan,2,4.0
2025-05-04,¥$ & Kanye West & Ty Dolla $ign,1,2.0
2025-05-05,21 Savage,1,2.0
2025-05-05,Ariana Grande,1,2.0
2025-05-05,Artemas,1,2.0
2025-05-05,Benson Boone,2,4.0
2025-05-05,BigXthaPlug,1,2.0
2025-05-05,Bryson Tiller,1,2.0
2025-05-05,Chappell Roan,1,2.0
2025-05-05,Dasha,1,2.0
2025-05-05,Djo,1,2.0
2025-05-05,Drake,1,2.0
2025-05-05,FloyyMenor & Cris Mj,1,2.0
2025-05-05,Future & Metro Boomin,2,4.0
2025-05-05,Hozier,1,2.0
2025-05-05,Kendrick Lamar,1,2.0
2025-05-05,Lay Bankz,1,2.0
2025-05-05,Morgan Wallen,2,4.0
2025-05-05,Noah Kahan,1,2.0
2025-05-05,Rich Amiri,1,2.0
2025-05-05,SZA,1,2.0
2025-05-05,Sabrina Carpenter,1,2.0
2025-05-05,Sexyy Red,1,2.0
2025-05-05,Shaboozey,1,2.0
2025-05-05,Taylor Swift,18,36.0
2025-05-05,Teddy Swims,1,2.0
2025-05-05,Tommy Richman,2,4.0
2025-05-05,Travis Scott,1,2.0
2025-05-05,Zach Bryan,2,4.0
2025-05-05,¥$ & Kanye West & Ty Dolla $ign,1,2.0
2025-05-06,21 Savage,1,2.0
2025-05-06,Ariana Grande,1,2.0
2025-05-06,Artemas,1,2.0
2025-05-06,Benson Boone,2,4.0
2025-05-06,BigXthaPlug,1,2.0
2025-05-06,Bryson Tiller,1,2.0
2025-05-06,Chappell Roan,1,2.0
2025-05-06,Dasha,1,2.0
2025-05-06,Djo,1,2.0
2025-05-06,Drake,2,4.0
2025-05-06,FloyyMenor & Cris Mj,1,2.0
2025-05-06,Future & Metro Boomin,2,4.0
2025-05-06,Hozier,1,2.0
2025-05-06,Kendrick Lamar,1,2.0
2025-05-06,Lay Bankz,1,2.0
2025-05-06,Morgan Wallen,3,6.0
2025-05-06,Noah Kahan,1,2.0
2025-05-06,SZA,2,4.0
2025-05-06,Sabrina Carpenter,1,2.0
2025-05-06,Sexyy Red,1,2.0
2025-05-06,Shaboozey,1,2.0
2025-05-06,Taylor Swift,15,30.0
2025-05-06,Teddy Swims,1,2.0
2025-05-06,Tommy Richman,2,4.0
2025-05-06,Travis Scott,1,2.0
2025-05-06,"Tyler, The Creator",1,2.0
2025-05-06,Zach Bryan,2,4.0
2025-05-06,¥$ & Kanye West & Ty Dolla $ign,1,2.0
2025-05-07,21 Savage,1,2.0
2025-05-07,Ariana Grande,1,2.0
2025-05-07,Artemas,1,2.0
2025-05-07,Benson Boone,2,4.0
2025-05-07,Bryson Tiller,1,2.0
2025-05-07,Chappell Roan,1,2.0
2025-05-07,Dasha,1,2.0
2025-05-07,Djo,1,2.0
2025-05-07,Drake,2,4.0
2025-05-07,FloyyMenor & Cris Mj,1,2.0
2025-05-07,Future & Metro Boomin,2,4.0
2025-05-07,Hozier,1,2.0
2025-05-07,Kendrick Lamar,3,6.0
2025-05-07,Lay Bankz,1,2.0
2025-05-07,Michael Marcagi,1,2.0
2025-05-07,Morgan Wallen,1,2.0
2025-05-07,Noah Kahan,1,2.0
2025-05-07,Rich Amiri,1,2.0
2025-05-07,SZA,2,4.0
2025-05-07,Sabrina Carpenter,1,2.0
2025-05-07,Sexyy Red,1,2.0
2025-05-07,Shaboozey,1,2.0
2025-05-07,Taylor Swift,14,28.000000000000004
2025-05-07,Teddy Swims,1,2.0
2025-05-07,Tommy Richman,2,4.0
2025-05-07,Travis Scott,1,2.0
2025-05-07,"Tyler, The Creator",1,2.0
2025-05-07,Zach Bryan,2,4.0
2025-05-07,¥$ & Kanye West & Ty Dolla $ign,1,2.0
2025-05-08,21 Savage,1,2.0
2025-05-08,Ariana Grande,1,2.0
2025-05-08,Artemas,1,2.0
2025-05-08,Benson Boone,2,4.0
2025-05-08,BigXthaPlug,1,2.0
2025-05-08,Bryson Tiller,1,2.0
2025-05-08,Chappell Roan,1,2.0
2025-05-08,Dasha,1,2.0
2025-05-08,Djo,1,2.0
2025-05-08,Don Toliver,1,2.0
2025-05-08,Drake,2,4.0
2025-05-08,FloyyMenor & Cris Mj,1,2.0
2025-05-08,Future & Metro Boomin,2,4.0
2025-05-08,Hozier,1,2.0
2025-05-08,Kendrick Lamar,3,6.0
2025-05-08,Lay Bankz,1,2.0
2025-05-08,Michael Marcagi,1,2.0
2025-05-08,Morgan Wallen,1,2.0
2025-05-08,Noah Kahan,1,2.0
2025-05-08,SZA,1,2.0
2025-05-08,Sabrina Carpenter,1,2.0
2025-05-08,Sexyy Red,1,2.0
2025-05-08,Shaboozey,1,2.0
2025-05-08,Taylor Swift,14,28.000000000000004
2025-05-08,Teddy Swims,1,2.0
2025-05-08,Tommy Richman,2,4.0
2025-05-08,Travis Scott,1,2.0
2025-05-08,"Tyler, The Creator",1,2.0
2025-05-08,Zach Bryan,2,4.0
2025-05-08,¥$ & Kanye West & Ty Dolla $ign,1,2.0
2025-05-09,21 Savage,1,2.0
2025-05-09,Ariana Grande,1,2.0
2025-05-09,Artemas,1,2.0
2025-05-09,Benson Boone,2,4.0
2025-05-09,Bryson Tiller,1,2.0
2025-05-09,Chappell Roan,1,2.0
2025-05-09,Dasha,1,2.0
2025-05-09,Dj Agus Lima,1,2.0
2025-05-09,Djo,1,2.0
2025-05-09,Don Toliver,1,2.0
2025-05-09,Drake,2,4.0
2025-05-09,Future & Metro Boomin,2,4.0
2025-05-09,Hozier,1,2.0
2025-05-09,Kendrick Lamar,4,8.0
2025-05-09,Lay Bankz,1,2.0
2025-05-09,Michael Marcagi,1,2.0
2025-05-09,Morgan Wallen,1,2.0
2025-05-09,Noah Kahan,1,2.0
2025-05-09,Rich Amiri,1,2.0
2025-05-09,SZA,1,2.0
2025-05-09,Sabrina Carpenter,1,2.0
2025-05-09,Sexyy Red,1,2.0
2025-05-09,Shaboozey,1,2.0
2025-05-09,Taylor Swift,13,26.0
2025-05-09,Teddy Swims,1,2.0
2025-05-09,Tommy Richman,2,4.0
2025-05-09,Travis Scott,1,2.0
2025-05-09,"Tyler, The Creator",1,2.0
2025-05-09,Zach Bryan,2,4.0
2025-05-09,¥$ & Kanye West & Ty Dolla $ign,1,2.0
2025-05-10,21 Savage,1,2.0
2025-05-10,Ariana Grande,1,2.0
2025-05-10,Artemas,1,2.0
2025-05-10,Benson Boone,2,4.0
2025-05-10,BigXthaPlug,1,2.0
2025-05-10,Bryson Tiller,1,2.0
2025-05-10,Chappell Roan,1,2.0
2025-05-10,Dasha,1,2.0
2025-05-10,Dj Agus Lima,1,2.0
2025-05-10,Djo,1,2.0
2025-05-10,Don Toliver,1,2.0
2025-05-10,Drake,2,4.0
2025-05-10,Future & Metro Boomin,2,4.0
2025-05-10,Hozier,1,2.0
2025-05-10,Kendrick Lamar,4,8.0
2025-05-10,Lay Bankz,1,2.0
2025-05-10,Michael Marcagi,1,2.0
2025-05-10,Morgan Wallen,1,2.0
2025-05-10,Noah Kahan,1,2.0
2025-05-10,SZA,2,4.0
2025-05-10,Sabrina Carpenter,1,2.0
2025-05-10,Sexyy Red,1,2.0
2025-05-10,Shaboozey,1,2.0
2025-05-10,Taylor Swift,12,24.0
2025-05-10,Teddy Swims,1,2.0
2025-05-10,Tommy Richman,2,4.0
2025-05-10,Travis Scott,1,2.0
2025-05-10,"Tyler, The Creator",1,2.0
2025-05-10,Zach Bryan,2,4.0
2025-05-10,¥$ & Kanye West & Ty Dolla $ign,1,2.0
2025-05-11,21 Savage,1,2.0
2025-05-11,Ariana Grande,1,2.0
2025-05-11,Artemas,1,2.0
2025-05-11,Benson Boone,2,4.0
2025-05-11,BigXthaPlug,1,2.0
2025-05-11,Bryson Tiller,1,2.0
2025-05-11,Chappell Roan,1,2.0
2025-05-11,Dasha,1,2.0
2025-05-11,Djo,1,2.0
2025-05-11,Drake,2,4.0
2025-05-11,FloyyMenor & Cris Mj,1,2.0
2025-05-11,Future & Metro Boomin,2,4.0
2025-05-11,Hozier,1,2.0
2025-05-11,Kendrick Lamar,3,6.0
2025-05-11,Kendrick Lamar & SZA,1,2.0
2025-05-11,Lay Bankz,1,2.0
2025-05-11,Michael Marcagi,1,2.0
2025-05-11,Morgan Wallen,1,2.0
2025-05-11,Noah Kahan,1,2.0
2025-05-11,Rich Amiri,1,2.0
2025-05-11,SZA,2,4.0
2025-05-11,Sabrina Carpenter,1,2.0
2025-05-11,Sexyy Red,1,2.0
2025-05-11,Shaboozey,1,2.0
2025-05-11,Taylor Swift,12,24.0
2025-05-11,Teddy Swims,1,2.0
2025-05-11,Tommy Richman,2,4.0
2025-05-11,Travis Scott,1,2.0
2025-05-11,"Tyler, The Creator",1,2.0
2025-05-11,Zach Bryan,2,4.0
2025-05-11,¥$ & Kanye West & Ty Dolla $ign,1,2.0
2025-05-12,21 Savage,1,2.0
2025-05-12,Ariana Grande,1,2.0
2025-05-12,Artemas,1,2.0
2025-05-12,Benson Boone,2,4.0
2025-05-12,BigXthaPlug,1,2.0
2025-05-12,Bryson Tiller,1,2.0
2025-05-12,Chappell Roan,1,2.0
2025-05-12,Dasha,1,2.0
2025-05-12,Djo,1,2.0
2025-05-12,Drake,2,4.0
2025-05-12,FloyyMenor & Cris Mj,1,2.0
2025-05-12,Future & Metro Boomin,2,4.0
2025-05-12,Hozier,1,2.0
2025-05-12,Kendrick Lamar,3,6.0
2025-05-12,Morgan Wallen,3,6.0
2025-05-12,Noah Kahan,1,2.0
2025-05-12,Peso Pluma & Junior H & Eslabon Armado,1,2.0
2025-05-12,Post Malone & Morgan Wallen,1,2.0
2025-05-12,SZA,1,2.0
2025-05-12,Sabrina Carpenter,1,2.0
2025-05-12,Sexyy Red,1,2.0
2025-05-12,Shaboozey,1,2.0
2025-05-12,Taylor Swift,13,26.0
2025-05-12,Teddy Swims,1,2.0
2025-05-12,Tommy Richman,2,4.0
2025-05-12,Travis Scott,1,2.0
2025-05-12,"Tyler, The Creator",1,2.0
2025-05-12,Zach Bryan,2,4.0
2025-05-12,¥$ & Kanye West & Ty Dolla $ign,1,2.0
2025-05-13,21 Savage,1,2.0
2025-05-13,Ariana Grande,1,2.0
2025-05-13,Artemas,1,2.0
2025-05-13,Benson Boone,2,4.0
2025-05-13,Bryson Tiller,1,2.0
2025-05-13,Chappell Roan,1,2.0
2025-05-13,Dasha,1,2.0
2025-05-13,Djo,1,2.0
2025-05-13,Drake,2,4.0
2025-05-13,FloyyMenor & Cris Mj,1,2.0
2025-05-13,Future & Metro Boomin,2,4.0
2025-05-13,GloRilla,1,2.0
2025-05-13,Hozier,1,2.0
2025-05-13,Kendrick Lamar,3,6.0
2025-05-13,Lay Bankz,1,2.0
2025-05-13,Luke Combs,1,2.0
2025-05-13,Morgan Wallen,4,8.0
2025-05-13,Noah Kahan,1,2.0
2025-05-13,Post Malone & Morgan Wallen,1,2.0
2025-05-13,SZA,2,4.0
2025-05-13,Sabrina Carpenter,1,2.0
2025-05-13,Sexyy Red,1,2.0
2025-05-13,Shaboozey,1,2.0
2025-05-13,Taylor Swift,12,24.0
2025-05-13,Teddy Swims,1,2.0
2025-05-13,Tommy Richman,1,2.0
2025-05-13,Travis Scott,1,2.0
2025-05-13,Zach Bryan,2,4.0
2025-05-13,¥$ & Kanye West & Ty Dolla $ign,1,2.0
2025-05-14,Ariana Grande,1,2.0
2025-05-14,Artemas,1,2.0
2025-05-14,Benson Boone,2,4.0
2025-05-14,Bryson Tiller,1,2.0
2025-05-14,Chappell Roan,1,2.0
2025-05-14,Dasha,1,2.0
2025-05-14,Djo,1,2.0
2025-05-14,Drake,2,4.0
2025-05-14,FloyyMenor & Cris Mj,1,2.0
2025-05-14,Future & Metro Boomin,2,4.0
2025-05-14,Hozier,1,2.0
2025-05-14,Kendrick Lamar,3,6.0
2025-05-14,Lay Bankz,1,2.0
2025-05-14,Luke Combs,1,2.0
2025-05-14,Michael Marcagi,1,2.0
2025-05-14,Morgan Wallen,4,8.0
2025-05-14,Noah Kahan,1,2.0
2025-05-14,Post Malone & Morgan Wallen,1,2.0
2025-05-14,SZA,2,4.0
2025-05-14,Sabrina Carpenter,1,2.0
2025-05-14,Sexyy Red,1,2.0
2025-05-14,Shaboozey,1,2.0
2025-05-14,Taylor Swift,12,24.0
2025-05-14,Teddy Swims,1,2.0
2025-05-14,Tommy Richman,1,2.0
2025-05-14,Travis Scott,1,2.0
2025-05-14,"Tyler, The Creator",1,2.0
2025-05-14,Zach Bryan,2,4.0
2025-05-14,¥$ & Kanye West & Ty Dolla $ign,1,2.0
2025-05-15,21 Savage,1,2.0
2025-05-15,Ariana Grande,1,2.0
2025-05-15,Artemas,1,2.0
2025-05-15,Benson Boone,2,4.0
2025-05-15,Bryson Tiller,1,2.0
2025-05-15,Chappell Roan,1,2.0
2025-05-15,Dasha,1,2.0
2025-05-15,Djo,1,2.0
2025-05-15,Drake,2,4.0
2025-05-15,FloyyMenor & Cris Mj,1,2.0
2025-05-15,Future & Metro Boomin,2,4.0
2025-05-15,Hozier,1,2.0
2025-05-15,Kendrick Lamar,3,6.0
2025-05-15,Luke Combs,1,2.0
2025-05-15,Morgan Wallen,4,8.0
2025-05-15,Noah Kahan,1,2.0
2025-05-15,Post Malone & Morgan Wallen,1,2.0
2025-05-15,SZA,2,4.0
2025-05-15,Sabrina Carpenter,1,2.0
2025-05-15,Sexyy Red,1,2.0
2025-05-15,Shaboozey,1,2.0
2025-05-15,Taylor Swift,13,26.0
2025-05-15,Teddy Swims,1,2.0
2025-05-15,Tommy Richman,1,2.0
2025-05-15,Travis Scott,1,2.0
2025-05-15,"Tyler, The Creator",1,2.0
2025-05-15,Zach Bryan,2,4.0
2025-05-15,¥$ & Kanye West & Ty Dolla $ign,1,2.0
2025-05-16,21 Savage,1,2.0
2025-05-16,Ariana Grande,1,2.0
2025-05-16,Artemas,1,2.0
2025-05-16,Benson Boone,2,4.0
2025-05-16,Bryson Tiller,1,2.0
2025-05-16,Chappell Roan,1,2.0
2025-05-16,Dasha,1,2.0
2025-05-16,Djo,1,2.0
2025-05-16,Drake,2,4.0
2025-05-16,FloyyMenor & Cris Mj,1,2.0
2025-05-16,Future & Metro Boomin,2,4.0
2025-05-16,Hozier,1,2.0
2025-05-16,Kendrick Lamar,3,6.0
2025-05-16,Mark Ambor,1,2.0
2025-05-16,Michael Marcagi,1,2.0
2025-05-16,Morgan Wallen,4,8.0
2025-05-16,Noah Kahan,1,2.0
2025-05-16,Post Malone & Morgan Wallen,1,2.0
2025-05-16,SZA,2,4.0
2025-05-16,Sabrina Carpenter,1,2.0
2025-05-16,Sexyy Red,1,2.0
2025-05-16,Shaboozey,1,2.0
2025-05-16,Taylor Swift,12,24.0
2025-05-16,Teddy Swims,1,2.0
2025-05-16,Tommy Richman,1,2.0
2025-05-16,Travis Scott,1,2.0
2025-05-16,"Tyler, The Creator",1,2.0
2025-05-16,Zach Bryan,2,4.0
2025-05-16,¥$ & Kanye West & Ty Dolla $ign,1,2.0
2025-05-17,21 Savage,1,2.0
2025-05-17,Ariana Grande,1,2.0
2025-05-17,Artemas,1,2.0
2025-05-17,Benson Boone,2,4.0
2025-05-17,Bryson Tiller,1,2.0
2025-05-17,Chappell Roan,1,2.0
2025-05-17,Dasha,1,2.0
2025-05-17,Djo,1,2.0
2025-05-17,Drake,2,4.0
2025-05-17,FloyyMenor & Cris Mj,1,2.0
2025-05-17,Future & Metro Boomin,2,4.0
2025-05-17,Gunna,1,2.0
2025-05-17,Hozier,1,2.0
2025-05-17,Kendrick Lamar,3,6.0
2025-05-17,Mark Ambor,1,2.0
2025-05-17,Michael Marcagi,1,2.0
2025-05-17,Morgan Wallen,4,8.0
2025-05-17,Noah Kahan,1,2.0
2025-05-17,Post Malone & Morgan Wallen,1,2.0
2025-05-17,SZA,2,4.0
2025-05-17,Sabrina Carpenter,1,2.0
2025-05-17,Sexyy Red,1,2.0
2025-05-17,Shaboozey,1,2.0
2025-05-17,Taylor Swift,11,22.0
2025-05-17,Teddy Swims,1,2.0
2025-05-17,Tommy Richman,1,2.0
2025-05-17,Travis Scott,1,2.0
2025-05-17,"Tyler, The Creator",1,2.0
2025-05-17,Zach Bryan,2,4.0
2025-05-17,¥$ & Kanye West & Ty Dolla $ign,1,2.0
2025-05-18,21 Savage,1,2.0
2025-05-18,Ariana Grande,1,2.0
2025-05-18,Artemas,1,2.0
2025-05-18,Benson Boone,2,4.0
2025-05-18,Bryson Tiller,1,2.0
2025-05-18,Chappell Roan,1,2.0
2025-05-18,Dasha,1,2.0
2025-05-18,Djo,1,2.0
2025-05-18,Drake,2,4.0
2025-05-18,FloyyMenor & Cris Mj,1,2.0
2025-05-18,Future & Metro Boomin,2,4.0
2025-05-18,Gunna,1,2.0
2025-05-18,Hozier,1,2.0
2025-05-18,Kendrick Lamar,3,6.0
2025-05-18,Luke Combs,1,2.0
2025-05-18,Mark Ambor,1,2.0
2025-05-18,Michael Marcagi,1,2.0
2025-05-18,Morgan Wallen,4,8.0
2025-05-18,Noah Kahan,1,2.0
2025-05-18,Post Malone & Morgan Wallen,1,2.0
2025-05-18,SZA,1,2.0
2025-05-18,Sabrina Carpenter,1,2.0
2025-05-18,Sexyy Red,1,2.0
2025-05-18,Shaboozey,1,2.0
2025-05-18,Taylor Swift,11,22.0
2025-05-18,Teddy Swims,1,2.0
2025-05-18,Tommy Richman,1,2.0
2025-05-18,Travis Scott,1,2.0
2025-05-18,"Tyler, The Creator",1,2.0
2025-05-18,Zach Bryan,2,4.0
2025-05-18,¥$ & Kanye West & Ty Dolla $ign,1,2.0
2025-05-19,Ariana Grande,1,2.0
2025-05-19,Artemas,1,2.0
2025-05-19,Benson Boone,2,4.0
2025-05-19,Billie Eilish,10,20.0
2025-05-19,Chappell Roan,1,2.0
2025-05-19,Dasha,1,2.0
2025-05-19,Djo,1,2.0
2025-05-19,Drake,1,2.0
2025-05-19,FloyyMenor & Cris Mj,1,2.0
2025-05-19,Future & Metro Boomin,2,4.0
2025-05-19,Gunna,1,2.0
2025-05-19,Hozier,1,2.0
2025-05-19,Kendrick Lamar,3,6.0
2025-05-19,Luke Combs,1,2.0
2025-05-19,Morgan Wallen,3,6.0
2025-05-19,Noah Kahan,1,2.0
2025-05-19,Post Malone & Morgan Wallen,1,2.0
2025-05-19,SZA,1,2.0
2025-05-19,Sabrina Carpenter,1,2.0
2025-05-19,Sexyy Red,1,2.0
2025-05-19,Shaboozey,1,2.0
2025-05-19,Taylor Swift,8,16.0
2025-05-19,Teddy Swims,1,2.0
2025-05-19,Tommy Richman,1,2.0
2025-05-19,Travis Scott,1,2.0
2025-05-19,Zach Bryan,2,4.0
2025-05-19,¥$ & Kanye West & Ty Dolla $ign,1,2.0
2025-05-20,Ariana Grande,1,2.0
2025-05-20,Artemas,1,2.0
2025-05-20,Benson Boone,2,4.0
2025-05-20,Billie Eilish,10,20.0
2025-05-20,Chappell Roan,1,2.0
2025-05-20,Dasha,1,2.0
2025-05-20,Djo,1,2.0
2025-05-20,Drake,1,2.0
2025-05-20,FloyyMenor & Cris Mj,1,2.0
2025-05-20,Future & Metro Boomin,2,4.0
2025-05-20,Gunna,1,2.0
2025-05-20,Hozier,1,2.0
2025-05-20,Kendrick Lamar,2,4.0
2025-05-20,Luke Combs,1,2.0
2025-05-20,Morgan Wallen,4,8.0
2025-05-20,Noah Kahan,1,2.0
2025-05-20,Post Malone & Morgan Wallen,1,2.0
2025-05-20,SZA,1,2.0
2025-05-20,Sabrina Carpenter,1,2.0
2025-05-20,Sexyy Red,1,2.0
2025-05-20,Shaboozey,1,2.0
2025-05-20,Taylor Swift,8,16.0
2025-05-20,Teddy Swims,1,2.0
2025-05-20,Tommy Richman,1,2.0
2025-05-20,Travis Scott,1,2.0
2025-05-20,Zach Bryan,2,4.0
2025-05-20,¥$ & Kanye West & Ty Dolla $ign,1,2.0
2025-05-21,Ariana Grande,1,2.0
2025-05-21,Artemas,1,2.0
2025-05-21,Benson Boone,2,4.0
2025-05-21,Billie Eilish,10,20.0
2025-05-21,Chappell Roan,1,2.0
2025-05-21,Dasha,1,2.0
2025-05-21,Djo,1,2.0
2025-05-21,FloyyMenor & Cris Mj,1,2.0
2025-05-21,Future & Metro Boomin,2,4.0
2025-05-21,Gunna,1,2.0
2025-05-21,Hozier,1,2.0
2025-05-21,Kendrick Lamar,2,4.0
2025-05-21,Luke Combs,1,2.0
2025-05-21,Morgan Wallen,4,8.0
2025-05-21,Noah Kahan,1,2.0
2025-05-21,Post Malone & Morgan Wallen,1,2.0
2025-05-21,SZA,1,2.0
2025-05-21,Sabrina Carpenter,1,2.0
2025-05-21,Sexyy Red,1,2.0
2025-05-21,Shaboozey,1,2.0
2025-05-21,Taylor Swift,8,16.0
2025-05-21,Teddy Swims,1,2.0
2025-05-21,Tommy Richman,1,2.0
2025-05-21,Travis Scott,1,2.0
2025-05-21,"Tyler, The Creator",1,2.0
2025-05-21,Zach Bryan,2,4.0
2025-05-21,¥$ & Kanye West & Ty Dolla $ign,1,2.0
2025-05-22,Ariana Grande,1,2.0
2025-05-22,Artemas,1,2.0
2025-05-22,Benson Boone,2,4.0
2025-05-22,Billie Eilish,10,20.0
2025-05-22,Bryson Tiller,1,2.0
2025-05-22,Chappell Roan,1,2.0
2025-05-22,Dasha,1,2.0
2025-05-22,Djo,1,2.0
2025-05-22,FloyyMenor & Cris Mj,1,2.0
2025-05-22,Future & Metro Boomin,2,4.0
2025-05-22,Gunna,1,2.0
2025-05-22,Hozier,1,2.0
2025-05-22,Kendrick Lamar,2,4.0
2025-05-22,Luke Combs,1,2.0
2025-05-22,Morgan Wallen,4,8.0
2025-05-22,Noah Kahan,1,2.0
2025-05-22,Post Malone & Morgan Wallen,1,2.0
2025-05-22,SZA,1,2.0
2025-05-22,Sabrina Carpenter,1,2.0
2025-05-22,Sexyy Red,1,2.0
2025-05-22,Shaboozey,1,2.0
2025-05-22,Taylor Swift,7,14.000000000000002
2025-05-22,Teddy Swims,1,2.0
2025-05-22,Tommy Richman,1,2.0
2025-05-22,Travis Scott,1,2.0
2025-05-22,"Tyler, The Creator",1,2.0
2025-05-22,Zach Bryan,2,4.0
2025-05-22,¥$ & Kanye West & Ty Dolla $ign,1,2.0
2025-05-23,Ariana Grande,1,2.0
2025-05-23,Artemas,1,2.0
2025-05-23,Benson Boone,2,4.0
2025-05-23,Billie Eilish,10,20.0
2025-05-23,Bryson Tiller,1,2.0
2025-05-23,Chappell Roan,1,2.0
2025-05-23,Dasha,1,2.0
2025-05-23,Djo,1,2.0
2025-05-23,FloyyMenor & Cris Mj,1,2.0
2025-05-23,Future & Metro Boomin,2,4.0
2025-05-23,Gunna,1,2.0
2025-05-23,Hozier,1,2.0
2025-05-23,Kendrick Lamar,2,4.0
2025-05-23,Luke Combs,1,2.0
2025-05-23,Morgan Wallen,4,8.0
2025-05-23,Noah Kahan,1,2.0
2025-05-23,Post Malone & Morgan Wallen,1,2.0
2025-05-23,SZA,1,2.0
2025-05-23,Sabrina Carpenter,1,2.0
2025-05-23,Sexyy Red,1,2.0
2025-05-23,Shaboozey,1,2.0
2025-05-23,Taylor Swift,7,14.000000000000002
2025-05-23,Teddy Swims,1,2.0
2025-05-23,Tommy Richman,1,2.0
2025-05-23,Travis Scott,1,2.0
2025-05-23,"Tyler, The Creator",1,2.0
2025-05-23,Zach Bryan,2,4.0
2025-05-23,¥$ & Kanye West & Ty Dolla $ign,1,2.0
2025-05-24,Ariana Grande,1,2.0
2025-05-24,Artemas,1,2.0
2025-05-24,Benson Boone,2,4.0
2025-05-24,Billie Eilish,10,20.0
2025-05-24,Chappell Roan,1,2.0
2025-05-24,Dasha,1,2.0
2025-05-24,Djo,1,2.0
2025-05-24,FloyyMenor & Cris Mj,1,2.0
2025-05-24,Future & Metro Boomin,2,4.0
2025-05-24,Gunna,1,2.0
2025-05-24,Hozier,1,2.0
2025-05-24,Kendrick Lamar,2,4.0
2025-05-24,Koe Wetzel,1,2.0
2025-05-24,Luke Combs,1,2.0
2025-05-24,Morgan Wallen,3,6.0
2025-05-24,Myles Smith,1,2.0
2025-05-24,Noah Kahan,1,2.0
2025-05-24,Post Malone & Morgan Wallen,1,2.0
2025-05-24,SZA,1,2.0
2025-05-24,Sabrina Carpenter,1,2.0
2025-05-24,Sexyy Red,1,2.0
2025-05-24,Shaboozey,1,2.0
2025-05-24,Taylor Swift,6,12.0
2025-05-24,Teddy Swims,1,2.0
2025-05-24,Tommy Richman,1,2.0
2025-05-24,Travis Scott,1,2.0
2025-05-24,"Tyler, The Creator",1,2.0
2025-05-24,Zach Bryan,2,4.0
2025-05-24,leftovermax,1,2.0
2025-05-24,¥$ & Kanye West & Ty Dolla $ign,1,2.0
2025-05-25,Ariana Grande,1,2.0
2025-05-25,Artemas,1,2.0
2025-05-25,Benson Boone,2,4.0
2025-05-25,Billie Eilish,10,20.0
2025-05-25,Chappell Roan,1,2.0
2025-05-25,Dasha,1,2.0
2025-05-25,Djo,1,2.0
2025-05-25,FloyyMenor & Cris Mj,1,2.0
2025-05-25,Future & Metro Boomin,2,4.0
2025-05-25,Gunna,1,2.0
2025-05-25,Hozier,1,2.0
2025-05-25,Kendrick Lamar,2,4.0
2025-05-25,Koe Wetzel,1,2.0
2025-05-25,Luke Combs,2,4.0
2025-05-25,Morgan Wallen,3,6.0
2025-05-25,Myles Smith,1,2.0
2025-05-25,Noah Kahan,1,2.0
2025-05-25,Post Malone & Morgan Wallen,1,2.0
2025-05-25,SZA,1,2.0
2025-05-25,Sabrina Carpenter,1,2.0
2025-05-25,Sexyy Red,1,2.0
2025-05-25,Shaboozey,1,2.0
2025-05-25,Taylor Swift,6,12.0
2025-05-25,Teddy Swims,1,2.0
2025-05-25,Tommy Richman,1,2.0
2025-05-25,Travis Scott,1,2.0
2025-05-25,"Tyler, The Creator",1,2.0
2025-05-25,Zach Bryan,2,4.0
2025-05-25,¥$ & Kanye West & Ty Dolla $ign,1,2.0
2025-05-26,Ariana Grande,1,2.0
2025-05-26,Artemas,1,2.0
2025-05-26,Benson Boone,2,4.0
2025-05-26,Billie Eilish,10,20.0
2025-05-26,Chappell Roan,1,2.0
2025-05-26,Dasha,1,2.0
2025-05-26,Djo,1,2.0
2025-05-26,FloyyMenor & Cris Mj,1,2.0
2025-05-26,Future & Metro Boomin,2,4.0
2025-05-26,Hozier,1,2.0
2025-05-26,Kendrick Lamar,2,4.0
2025-05-26,Koe Wetzel,1,2.0
2025-05-26,Luke Combs,1,2.0
2025-05-26,Michael Marcagi,1,2.0
2025-05-26,Morgan Wallen,4,8.0
2025-05-26,Myles Smith,1,2.0
2025-05-26,Noah Kahan,1,2.0
2025-05-26,Post Malone & Morgan Wallen,1,2.0
2025-05-26,SZA,1,2.0
2025-05-26,Sabrina Carpenter,1,2.0
2025-05-26,Sexyy Red,1,2.0
2025-05-26,Shaboozey,1,2.0
2025-05-26,Taylor Swift,5,10.0
2025-05-26,Teddy Swims,1,2.0
2025-05-26,Tommy Richman,1,2.0
2025-05-26,Travis Scott,1,2.0
2025-05-26,"Tyler, The Creator",1,2.0
2025-05-26,Zach Bryan,3,6.0
2025-05-26,¥$ & Kanye West & Ty Dolla $ign,1,2.0
2025-05-27,Ariana Grande,1,2.0
2025-05-27,Artemas,1,2.0
2025-05-27,Benson Boone,2,4.0
2025-05-27,Billie Eilish,10,20.0
2025-05-27,Chappell Roan,1,2.0
2025-05-27,Dasha,1,2.0
2025-05-27,Djo,1,2.0
2025-05-27,FloyyMenor & Cris Mj,1,2.0
2025-05-27,Future & Metro Boomin,2,4.0
2025-05-27,Hozier,1,2.0
2025-05-27,Kendrick Lamar,2,4.0
2025-05-27,Koe Wetzel,1,2.0
2025-05-27,Luke Combs,1,2.0
2025-05-27,Michael Marcagi,1,2.0
2025-05-27,Morgan Wallen,4,8.0
2025-05-27,Myles Smith,1,2.0
2025-05-27,Noah Kahan,1,2.0
2025-05-27,Post Malone & Morgan Wallen,1,2.0
2025-05-27,SZA,1,2.0
2025-05-27,Sabrina Carpenter,1,2.0
2025-05-27,Sexyy Red,1,2.0
2025-05-27,Shaboozey,1,2.0
2025-05-27,Taylor Swift,5,10.0
2025-05-27,Teddy Swims,1,2.0
2025-05-27,Tommy Richman,1,2.0
2025-05-27,Travis Scott,1,2.0
2025-05-27,"Tyler, The Creator",1,2.0
2025-05-27,Zach Bryan,3,6.0
2025-05-27,¥$ & Kanye West & Ty Dolla $ign,1,2.0
2025-05-28,Ariana Grande,1,2.0
2025-05-28,Artemas,1,2.0
2025-05-28,Benson Boone,2,4.0
2025-05-28,Billie Eilish,9,18.0
2025-05-28,Central Cee & Lil Baby,1,2.0
2025-05-28,Chappell Roan,1,2.0
2025-05-28,Dasha,1,2.0
2025-05-28,Djo,1,2.0
2025-05-28,FloyyMenor & Cris Mj,1,2.0
2025-05-28,Future & Metro Boomin,2,4.0
2025-05-28,Hozier,1,2.0
2025-05-28,Kendrick Lamar,2,4.0
2025-05-28,Luke Combs,1,2.0
2025-05-28,Michael Marcagi,1,2.0
2025-05-28,Morgan Wallen,4,8.0
2025-05-28,Myles Smith,1,2.0
2025-05-28,Noah Kahan,1,2.0
2025-05-28,Post Malone & Morgan Wallen,1,2.0
2025-05-28,SZA,2,4.0
2025-05-28,Sabrina Carpenter,1,2.0
2025-05-28,Sexyy Red,1,2.0
2025-05-28,Shaboozey,1,2.0
2025-05-28,Taylor Swift,4,8.0
2025-05-28,Teddy Swims,1,2.0
2025-05-28,Tommy Richman,1,2.0
2025-05-28,Travis Scott,1,2.0
2025-05-28,"Tyler, The Creator",1,2.0
2025-05-28,Zach Bryan,4,8.0
2025-05-28,¥$ & Kanye West & Ty Dolla $ign,1,2.0
2025-05-29,Ariana Grande,1,2.0
2025-05-29,Artemas,1,2.0
2025-05-29,Benson Boone,2,4.0
2025-05-29,Billie Eilish,9,18.0
2025-05-29,Central Cee & Lil Baby,1,2.0
2025-05-29,Chappell Roan,1,2.0
2025-05-29,Dasha,1,2.0
2025-05-29,Djo,1,2.0
2025-05-29,FloyyMenor & Cris Mj,1,2.0
2025-05-29,Future & Metro Boomin,2,4.0
2025-05-29,Hozier,1,2.0
2025-05-29,Kendrick Lamar,2,4.0
2025-05-29,Luke Combs,1,2.0
2025-05-29,Michael Marcagi,1,2.0
2025-05-29,Morgan Wallen,4,8.0
2025-05-29,Myles Smith,1,2.0
2025-05-29,Noah Kahan,1,2.0
2025-05-29,Post Malone & Morgan Wallen,1,2.0
2025-05-29,SZA,1,2.0
2025-05-29,Sabrina Carpenter,1,2.0
2025-05-29,Sexyy Red,1,2.0
2025-05-29,Shaboozey,1,2.0
2025-05-29,Taylor Swift,5,10.0
2025-05-29,Teddy Swims,1,2.0
2025-05-29,Tommy Richman,1,2.0
2025-05-29,Travis Scott,1,2.0
2025-05-29,"Tyler, The Creator",1,2.0
2025-05-29,Zach Bryan,4,8.0
2025-05-29,¥$ & Kanye West & Ty Dolla $ign,1,2.0
2025-05-30,Ariana Grande,1,2.0
2025-05-30,Artemas,1,2.0
2025-05-30,Benson Boone,2,4.0
2025-05-30,Billie Eilish,10,20.0
2025-05-30,Central Cee & Lil Baby,1,2.0
2025-05-30,Chappell Roan,1,2.0
2025-05-30,Dasha,1,2.0
2025-05-30,Djo,1,2.0
2025-05-30,FloyyMenor & Cris Mj,1,2.0
2025-05-30,Future & Metro Boomin,2,4.0
2025-05-30,Hozier,1,2.0
2025-05-30,Kendrick Lamar,2,4.0
2025-05-30,Luke Combs,1,2.0
2025-05-30,Michael Marcagi,1,2.0
2025-05-30,Morgan Wallen,4,8.0
2025-05-30,Myles Smith,1,2.0
2025-05-30,Noah Kahan,1,2.0
2025-05-30,Post Malone & Morgan Wallen,1,2.0
2025-05-30,SZA,1,2.0
2025-05-30,Sabrina Carpenter,1,2.0
2025-05-30,Sexyy Red,1,2.0
2025-05-30,Shaboozey,1,2.0
2025-05-30,Taylor Swift,5,10.0
2025-05-30,Teddy Swims,1,2.0
2025-05-30,Tommy Richman,1,2.0
2025-05-30,Travis Scott,1,2.0
2025-05-30,"Tyler, The Creator",1,2.0
2025-05-30,Zach Bryan,3,6.0
2025-05-30,¥$ & Kanye West & Ty Dolla $ign,1,2.0
2025-05-31,Ariana Grande,1,2.0
2025-05-31,Artemas,1,2.0
2025-05-31,Benson Boone,2,4.0
2025-05-31,Billie Eilish,9,18.0
2025-05-31,Central Cee & Lil Baby,1,2.0
2025-05-31,Chappell Roan,1,2.0
2025-05-31,Dasha,1,2.0
2025-05-31,Djo,1,2.0
2025-05-31,FloyyMenor & Cris Mj,1,2.0
2025-05-31,Future & Metro Boomin,2,4.0
2025-05-31,GloRilla,1,2.0
2025-05-31,Gunna,1,2.0
2025-05-31,Hozier,1,2.0
2025-05-31,Kendrick Lamar,2,4.0
2025-05-31,Michael Marcagi,1,2.0
2025-05-31,Morgan Wallen,4,8.0
2025-05-31,Myles Smith,1,2.0
2025-05-31,Noah Kahan,1,2.0
2025-05-31,Post Malone & Morgan Wallen,1,2.0
2025-05-31,SZA,1,2.0
2025-05-31,Sabrina Carpenter,1,2.0
2025-05-31,Sexyy Red,1,2.0
2025-05-31,Shaboozey,1,2.0
2025-05-31,Taylor Swift,5,10.0
2025-05-31,Teddy Swims,1,2.0
2025-05-31,Tommy Richman,1,2.0
2025-05-31,Travis Scott,1,2.0
2025-05-31,"Tyler, The Creator",1,2.0
2025-05-31,Zach Bryan,3,6.0
2025-05-31,¥$ & Kanye West & Ty Dolla $ign,1,2.0
2025-06-01,Ariana Grande,1,2.0
2025-06-01,Artemas,1,2.0
2025-06-01,Benson Boone,2,4.0
2025-06-01,Billie Eilish,9,18.0
2025-06-01,Central Cee & Lil Baby,1,2.0
2025-06-01,Chappell Roan,1,2.0
2025-06-01,Dasha,1,2.0
2025-06-01,Djo,1,2.0
2025-06-01,FloyyMenor & Cris Mj,1,2.0
2025-06-01,Future & Metro Boomin,2,4.0
2025-06-01,Gunna,1,2.0
2025-06-01,Hozier,1,2.0
2025-06-01,Kendrick Lamar,2,4.0
2025-06-01,Luke Combs,2,4.0
2025-06-01,Michael Marcagi,1,2.0
2025-06-01,Morgan Wallen,4,8.0
2025-06-01,Myles Smith,1,2.0
2025-06-01,Noah Kahan,1,2.0
2025-06-01,Post Malone & Morgan Wallen,1,2.0
2025-06-01,SZA,1,2.0
2025-06-01,Sabrina Carpenter,1,2.0
2025-06-01,Shaboozey,1,2.0
2025-06-01,Taylor Swift,6,12.0
2025-06-01,Teddy Swims,1,2.0
2025-06-01,Tommy Richman,1,2.0
2025-06-01,Travis Scott,1,2.0
2025-06-01,"Tyler, The Creator",1,2.0
2025-06-01,Zach Bryan,3,6.0
2025-06-02,Ariana Grande,1,2.0
2025-06-02,Artemas,1,2.0
2025-06-02,Benson Boone,2,4.0
2025-06-02,BigXthaPlug,1,2.0
2025-06-02,Billie Eilish,7,14.000000000000002
2025-06-02,Central Cee & Lil Baby,1,2.0
2025-06-02,Chappell Roan,1,2.0
2025-06-02,Dasha,1,2.0
2025-06-02,Djo,1,2.0
2025-06-02,Eminem,1,2.0
2025-06-02,FloyyMenor & Cris Mj,1,2.0
2025-06-02,Future & Metro Boomin,2,4.0
2025-06-02,GloRilla,1,2.0
2025-06-02,Gunna,1,2.0
2025-06-02,Hozier,1,2.0
2025-06-02,Kendrick Lamar,2,4.0
2025-06-02,Luke Combs,1,2.0
2025-06-02,Michael Marcagi,1,2.0
2025-06-02,Morgan Wallen,4,8.0
2025-06-02,Myles Smith,1,2.0
2025-06-02,Noah Kahan,1,2.0
2025-06-02,Post Malone & Morgan Wallen,1,2.0
2025-06-02,SZA,1,2.0
2025-06-02,Sabrina Carpenter,1,2.0
2025-06-02,Sexyy Red,1,2.0
2025-06-02,Shaboozey,1,2.0
2025-06-02,Taylor Swift,4,8.0
2025-06-02,Teddy Swims,1,2.0
2025-06-02,Tommy Richman,1,2.0
2025-06-02,Travis Scott,1,2.0
2025-06-02,"Tyler, The Creator",1,2.0
2025-06-02,Zach Bryan,4,8.0
2025-06-03,Ariana Grande,1,2.0
2025-06-03,Artemas,1,2.0
2025-06-03,Benson Boone,2,4.0
2025-06-03,Billie Eilish,6,12.0
2025-06-03,Central Cee & Lil Baby,1,2.0
2025-06-03,Chappell Roan,2,4.0
2025-06-03,Dasha,1,2.0
2025-06-03,Djo,1,2.0
2025-06-03,Eminem,1,2.0
2025-06-03,FloyyMenor & Cris Mj,1,2.0
2025-06-03,Future & Metro Boomin,2,4.0
2025-06-03,GloRilla,1,2.0
2025-06-03,Gunna,1,2.0
2025-06-03,Hozier,1,2.0
2025-06-03,Kendrick Lamar,2,4.0
2025-06-03,Luis R Conriquez & Neton Vega,1,2.0
2025-06-03,Luke Combs,2,4.0
2025-06-03,Michael Marcagi,1,2.0
2025-06-03,Morgan Wallen,4,8.0
2025-06-03,Myles Smith,1,2.0
2025-06-03,Noah Kahan,1,2.0
2025-06-03,Post Malone & Morgan Wallen,1,2.0
2025-06-03,SZA,1,2.0
2025-06-03,Sabrina Carpenter,1,2.0
2025-06-03,Sexyy Red,1,2.0
2025-06-03,Shaboozey,1,2.0
2025-06-03,Taylor Swift,4,8.0
2025-06-03,Teddy Swims,1,2.0
2025-06-03,Tommy Richman,1,2.0
2025-06-03,"Tyler, The Creator",1,2.0
2025-06-03,Zach Bryan,4,8.0
2025-06-04,Ariana Grande,1,2.0
2025-06-04,Artemas,1,2.0
2025-06-04,Benson Boone,2,4.0
2025-06-04,Billie Eilish,6,12.0
2025-06-04,Central Cee & Lil Baby,1,2.0
2025-06-04,Chappell Roan,2,4.0
2025-06-04,Dasha,1,2.0
2025-06-04,Djo,1,2.0
2025-06-04,Eminem,1,2.0
2025-06-04,FloyyMenor & Cris Mj,1,2.0
2025-06-04,Future & Metro Boomin,2,4.0
2025-06-04,GloRilla,1,2.0
2025-06-04,Gunna,1,2.0
2025-06-04,Hozier,1,2.0
2025-06-04,Kendrick Lamar,2,4.0
2025-06-04,Luke Combs,2,4.0
2025-06-04,Michael Marcagi,1,2.0
2025-06-04,Morgan Wallen,4,8.0
2025-06-04,Myles Smith,1,2.0
2025-06-04,Noah Kahan,1,2.0
2025-06-04,Post Malone & Morgan Wallen,1,2.0
2025-06-04,SZA,2,4.0
2025-06-04,Sabrina Carpenter,1,2.0
2025-06-04,Shaboozey,1,2.0
2025-06-04,Taylor Swift,4,8.0
2025-06-04,Teddy Swims,1,2.0
2025-06-04,The Neighbourhood,1,2.0
2025-06-04,Tommy Richman,1,2.0
2025-06-04,"Tyler, The Creator",1,2.0
2025-06-04,Zach Bryan,4,8.0
2025-06-05,Ariana Grande,1,2.0
2025-06-05,Artemas,1,2.0
2025-06-05,Benson Boone,2,4.0
2025-06-05,Billie Eilish,7,14.000000000000002
2025-06-05,Central Cee & Lil Baby,1,2.0
2025-06-05,Chappell Roan,3,6.0
2025-06-05,Dasha,1,2.0
2025-06-05,Djo,1,2.0
2025-06-05,Eminem,1,2.0
2025-06-05,FloyyMenor & Cris Mj,1,2.0
2025-06-05,Future & Metro Boomin,2,4.0
2025-06-05,GloRilla,1,2.0
2025-06-05,Gunna,1,2.0
2025-06-05,Hozier,1,2.0
2025-06-05,Kendrick Lamar,2,4.0
2025-06-05,Luke Combs,2,4.0
2025-06-05,Michael Marcagi,1,2.0
2025-06-05,Morgan Wallen,4,8.0
2025-06-05,Myles Smith,1,2.0
2025-06-05,Noah Kahan,1,2.0
2025-06-05,Post Malone & Morgan Wallen,1,2.0
2025-06-05,SZA,1,2.0
2025-06-05,Sabrina Carpenter,1,2.0
2025-06-05,Shaboozey,1,2.0
2025-06-05,Taylor Swift,4,8.0
2025-06-05,Teddy Swims,1,2.0
2025-06-05,Tommy Richman,1,2.0
2025-06-05,"Tyler, The Creator",1,2.0
2025-06-05,Zach Bryan,4,8.0
2025-06-06,Ariana Grande,1,2.0
2025-06-06,Artemas,1,2.0
2025-06-06,Benson Boone,2,4.0
2025-06-06,Billie Eilish,7,14.000000000000002
2025-06-06,Central Cee & Lil Baby,1,2.0
2025-06-06,Chappell Roan,3,6.0
2025-06-06,Dasha,1,2.0
2025-06-06,Djo,1,2.0
2025-06-06,Eminem,1,2.0
2025-06-06,FloyyMenor & Cris Mj,1,2.0
2025-06-06,Future & Metro Boomin,2,4.0
2025-06-06,GloRilla,1,2.0
2025-06-06,Gunna,1,2.0
2025-06-06,Hozier,1,2.0
2025-06-06,Kendrick Lamar,2,4.0
2025-06-06,Luke Combs,2,4.0
2025-06-06,Michael Marcagi,1,2.0
2025-06-06,Morgan Wallen,4,8.0
2025-06-06,Myles Smith,1,2.0
2025-06-06,Noah Kahan,1,2.0
2025-06-06,Post Malone & Morgan Wallen,1,2.0
2025-06-06,SZA,1,2.0
2025-06-06,Sabrina Carpenter,1,2.0
2025-06-06,Shaboozey,1,2.0
2025-06-06,Taylor Swift,4,8.0
2025-06-06,Teddy Swims,1,2.0
2025-06-06,Tommy Richman,1,2.0
2025-06-06,"Tyler, The Creator",1,2.0
2025-06-06,Zach Bryan,4,8.0
2025-06-07,Ariana Grande,1,2.0
2025-06-07,Artemas,1,2.0
2025-06-07,Benson Boone,2,4.0
2025-06-07,Billie Eilish,7,14.000000000000002
2025-06-07,Central Cee & Lil Baby,1,2.0
2025-06-07,Chappell Roan,3,6.0
2025-06-07,Dasha,1,2.0
2025-06-07,Djo,1,2.0
2025-06-07,Eminem,1,2.0
2025-06-07,FloyyMenor & Cris Mj,1,2.0
2025-06-07,Future & Metro Boomin,2,4.0
2025-06-07,GloRilla,1,2.0
2025-06-07,Gunna,1,2.0
2025-06-07,Hozier,1,2.0
2025-06-07,Kendrick Lamar,2,4.0
2025-06-07,Luke Combs,2,4.0
2025-06-07,Michael Marcagi,1,2.0
2025-06-07,Morgan Wallen,4,8.0
2025-06-07,Myles Smith,1,2.0
2025-06-07,Noah Kahan,1,2.0
2025-06-07,Post Malone & Morgan Wallen,1,2.0
2025-06-07,SZA,1,2.0
2025-06-07,Sabrina Carpenter,1,2.0
2025-06-07,Shaboozey,1,2.0
2025-06-07,Taylor Swift,4,8.0
2025-06-07,Teddy Swims,1,2.0
2025-06-07,Tommy Richman,1,2.0
2025-06-07,"Tyler, The Creator",1,2.0
2025-06-07,Zach Bryan,4,8.0
2025-06-08,Ariana Grande,1,2.0
2025-06-08,Artemas,1,2.0
2025-06-08,Benson Boone,2,4.0
2025-06-08,Billie Eilish,6,12.0
2025-06-08,Central Cee & Lil Baby,1,2.0
2025-06-08,Chappell Roan,3,6.0
2025-06-08,Dasha,1,2.0
2025-06-08,Djo,1,2.0
2025-06-08,Eminem,1,2.0
2025-06-08,FloyyMenor & Cris Mj,1,2.0
2025-06-08,Future & Metro Boomin,2,4.0
2025-06-08,GloRilla,2,4.0
2025-06-08,Gunna,1,2.0
2025-06-08,Hozier,1,2.0
2025-06-08,Kendrick Lamar,2,4.0
2025-06-08,Luke Combs,2,4.0
2025-06-08,Michael Marcagi,1,2.0
2025-06-08,Morgan Wallen,4,8.0
2025-06-08,Myles Smith,1,2.0
2025-06-08,Noah Kahan,1,2.0
2025-06-08,Post Malone & Morgan Wallen,1,2.0
2025-06-08,SZA,1,2.0
2025-06-08,Sabrina Carpenter,1,2.0
2025-06-08,Shaboozey,1,2.0
2025-06-08,Taylor Swift,4,8.0
2025-06-08,Teddy Swims,1,2.0
2025-06-08,Tommy Richman,1,2.0
2025-06-08,"Tyler, The Creator",1,2.0
2025-06-08,Zach Bryan,4,8.0
2025-06-09,Ariana Grande,1,2.0
2025-06-09,Artemas,1,2.0
2025-06-09,Benson Boone,2,4.0
2025-06-09,Billie Eilish,5,10.0
2025-06-09,Central Cee & Lil Baby,1,2.0
2025-06-09,Chappell Roan,3,6.0
2025-06-09,Dasha,1,2.0
2025-06-09,Djo,1,2.0
2025-06-09,Eminem,1,2.0
2025-06-09,FloyyMenor & Cris Mj,1,2.0
2025-06-09,Future & Metro Boomin,2,4.0
2025-06-09,GloRilla,1,2.0
2025-06-09,Gracie Abrams,1,2.0
2025-06-09,Gunna,1,2.0
2025-06-09,Hozier,1,2.0
2025-06-09,Kendrick Lamar,2,4.0
2025-06-09,Luke Combs,2,4.0
2025-06-09,Michael Marcagi,1,2.0
2025-06-09,Morgan Wallen,4,8.0
2025-06-09,Myles Smith,1,2.0
2025-06-09,Noah Kahan,1,2.0
2025-06-09,Post Malone & Morgan Wallen,1,2.0
2025-06-09,SZA,1,2.0
2025-06-09,Sabrina Carpenter,2,4.0
2025-06-09,Shaboozey,1,2.0
2025-06-09,Taylor Swift,3,6.0
2025-06-09,Teddy Swims,1,2.0
2025-06-09,Tommy Richman,1,2.0
2025-06-09,Tucker Wetmore,1,2.0
2025-06-09,"Tyler, The Creator",1,2.0
2025-06-09,Zach Bryan,4,8.0
2025-06-10,Ariana Grande,1,2.0
2025-06-10,Artemas,1,2.0
2025-06-10,Benson Boone,2,4.0
2025-06-10,Billie Eilish,5,10.0
2025-06-10,Central Cee & Lil Baby,1,2.0
2025-06-10,Chappell Roan,2,4.0
2025-06-10,Dasha,1,2.0
2025-06-10,Djo,1,2.0
2025-06-10,Eminem,1,2.0
2025-06-10,FloyyMenor & Cris Mj,1,2.0
2025-06-10,Future & Metro Boomin,2,4.0
2025-06-10,GloRilla,1,2.0
2025-06-10,Gracie Abrams,1,2.0
2025-06-10,Gunna,1,2.0
2025-06-10,Hozier,1,2.0
2025-06-10,Jimin,1,2.0
2025-06-10,Kendrick Lamar,2,4.0
2025-06-10,Koe Wetzel & Jessie Murph,1,2.0
2025-06-10,Luke Combs,1,2.0
2025-06-10,Michael Marcagi,1,2.0
2025-06-10,Morgan Wallen,4,8.0
2025-06-10,Myles Smith,1,2.0
2025-06-10,Noah Kahan,1,2.0
2025-06-10,Post Malone & Morgan Wallen,1,2.0
2025-06-10,SZA,1,2.0
2025-06-10,Sabrina Carpenter,2,4.0
2025-06-10,Shaboozey,1,2.0
2025-06-10,Taylor Swift,3,6.0
2025-06-10,Teddy Swims,1,2.0
2025-06-10,Tommy Richman,1,2.0
2025-06-10,Tucker Wetmore,1,2.0
2025-06-10,"Tyler, The Creator",1,2.0
2025-06-10,Zach Bryan,4,8.0
2025-06-11,Ariana Grande,1,2.0
2025-06-11,Artemas,1,2.0
2025-06-11,Benson Boone,2,4.0
2025-06-11,Billie Eilish,5,10.0
2025-06-11,Central Cee & Lil Baby,1,2.0
2025-06-11,Chappell Roan,2,4.0
2025-06-11,Dasha,1,2.0
2025-06-11,Djo,1,2.0
2025-06-11,Eminem,1,2.0
2025-06-11,FloyyMenor & Cris Mj,1,2.0
2025-06-11,Future & Metro Boomin,2,4.0
2025-06-11,GloRilla,1,2.0
2025-06-11,Gracie Abrams,1,2.0
2025-06-11,Gunna,1,2.0
2025-06-11,Hozier,1,2.0
2025-06-11,Jimin,1,2.0
2025-06-11,Kendrick Lamar,2,4.0
2025-06-11,Koe Wetzel & Jessie Murph,1,2.0
2025-06-11,Luke Combs,1,2.0
2025-06-11,Michael Marcagi,1,2.0
2025-06-11,Morgan Wallen,4,8.0
2025-06-11,Myles Smith,1,2.0
2025-06-11,Noah Kahan,1,2.0
2025-06-11,Post Malone & Morgan Wallen,1,2.0
2025-06-11,SZA,1,2.0
2025-06-11,Sabrina Carpenter,2,4.0
2025-06-11,Shaboozey,1,2.0
2025-06-11,Taylor Swift,3,6.0
2025-06-11,Teddy Swims,1,2.0
2025-06-11,Tommy Richman,1,2.0
2025-06-11,Tucker Wetmore,1,2.0
2025-06-11,"Tyler, The Creator",1,2.0
2025-06-11,Zach Bryan,4,8.0
2025-06-12,Ariana Grande,1,2.0
2025-06-12,Artemas,1,2.0
2025-06-12,Benson Boone,2,4.0
2025-06-12,Billie Eilish,5,10.0
2025-06-12,Central Cee & Lil Baby,1,2.0
2025-06-12,Chappell Roan,3,6.0
2025-06-12,Dasha,1,2.0
2025-06-12,Djo,1,2.0
2025-06-12,Eminem,1,2.0
2025-06-12,FloyyMenor & Cris Mj,1,2.0
2025-06-12,Future & Metro Boomin,2,4.0
2025-06-12,GloRilla,1,2.0
2025-06-12,Gracie Abrams,1,2.0
2025-06-12,Gunna,1,2.0
2025-06-12,Hozier,1,2.0
2025-06-12,Kendrick Lamar,2,4.0
2025-06-12,Koe Wetzel & Jessie Murph,1,2.0
2025-06-12,Luke Combs,1,2.0
2025-06-12,Michael Marcagi,1,2.0
2025-06-12,Morgan Wallen,4,8.0
2025-06-12,Myles Smith,1,2.0
2025-06-12,Noah Kahan,1,2.0
2025-06-12,Post Malone & Morgan Wallen,1,2.0
2025-06-12,SZA,1,2.0
2025-06-12,Sabrina Carpenter,3,6.0
2025-06-12,Shaboozey,1,2.0
2025-06-12,Taylor Swift,3,6.0
2025-06-12,Teddy Swims,1,2.0
2025-06-12,Tommy Richman,1,2.0
2025-06-12,"Tyler, The Creator",1,2.0
2025-06-12,Zach Bryan,4,8.0
2025-06-13,Ariana Grande,1,2.0
2025-06-13,Artemas,1,2.0
2025-06-13,Benson Boone,2,4.0
2025-06-13,Billie Eilish,5,10.0
2025-06-13,Central Cee & Lil Baby,1,2.0
2025-06-13,Chappell Roan,3,6.0
2025-06-13,Dasha,1,2.0
2025-06-13,Djo,1,2.0
2025-06-13,Eminem,1,2.0
2025-06-13,FloyyMenor & Cris Mj,1,2.0
2025-06-13,Future & Metro Boomin,2,4.0
2025-06-13,GloRilla,1,2.0
2025-06-13,Gracie Abrams,1,2.0
2025-06-13,Gunna,1,2.0
2025-06-13,Hozier,1,2.0
2025-06-13,Kendrick Lamar,2,4.0
2025-06-13,Koe Wetzel & Jessie Murph,1,2.0
2025-06-13,Luke Combs,1,2.0
2025-06-13,Michael Marcagi,1,2.0
2025-06-13,Morgan Wallen,4,8.0
2025-06-13,Myles Smith,1,2.0
2025-06-13,Noah Kahan,1,2.0
2025-06-13,Post Malone & Morgan Wallen,1,2.0
2025-06-13,SZA,1,2.0
2025-06-13,Sabrina Carpenter,3,6.0
2025-06-13,Shaboozey,1,2.0
2025-06-13,Taylor Swift,3,6.0
2025-06-13,Teddy Swims,1,2.0
2025-06-13,Tommy Richman,1,2.0
2025-06-13,"Tyler, The Creator",1,2.0
2025-06-13,Zach Bryan,4,8.0
2025-06-14,Ariana Grande,1,2.0
2025-06-14,Artemas,1,2.0
2025-06-14,Benson Boone,2,4.0
2025-06-14,Billie Eilish,4,8.0
2025-06-14,Central Cee & Lil Baby,1,2.0
2025-06-14,Chappell Roan,3,6.0
2025-06-14,Dasha,1,2.0
2025-06-14,Djo,1,2.0
2025-06-14,Eminem,1,2.0
2025-06-14,FloyyMenor & Cris Mj,1,2.0
2025-06-14,Future & Metro Boomin,2,4.0
2025-06-14,GloRilla,1,2.0
2025-06-14,Gracie Abrams,1,2.0
2025-06-14,Gunna,1,2.0
2025-06-14,Hozier,1,2.0
2025-06-14,Kendrick Lamar,2,4.0
2025-06-14,Koe Wetzel & Jessie Murph,1,2.0
2025-06-14,Luke Combs,2,4.0
2025-06-14,Michael Marcagi,1,2.0
2025-06-14,Morgan Wallen,4,8.0
2025-06-14,Myles Smith,1,2.0
2025-06-14,Noah Kahan,1,2.0
2025-06-14,Post Malone & Morgan Wallen,1,2.0
2025-06-14,SZA,1,2.0
2025-06-14,Sabrina Carpenter,3,6.0
2025-06-14,Shaboozey,1,2.0
2025-06-14,Taylor Swift,3,6.0
2025-06-14,Teddy Swims,1,2.0
2025-06-14,Tommy Richman,1,2.0
2025-06-14,"Tyler, The Creator",1,2.0
2025-06-14,Zach Bryan,4,8.0
2025-06-15,Ariana Grande,1,2.0
2025-06-15,Artemas,1,2.0
2025-06-15,Benson Boone,2,4.0
2025-06-15,Billie Eilish,4,8.0
2025-06-15,Central Cee & Lil Baby,1,2.0
2025-06-15,Chappell Roan,3,6.0
2025-06-15,Dasha,1,2.0
2025-06-15,Djo,1,2.0
2025-06-15,Eminem,1,2.0
2025-06-15,FloyyMenor & Cris Mj,1,2.0
2025-06-15,Future & Metro Boomin,2,4.0
2025-06-15,GloRilla,1,2.0
2025-06-15,Gracie Abrams,1,2.0
2025-06-15,Gunna,1,2.0
2025-06-15,Hozier,1,2.0
2025-06-15,Kendrick Lamar,2,4.0
2025-06-15,Koe Wetzel & Jessie Murph,1,2.0
2025-06-15,Luke Combs,2,4.0
2025-06-15,Michael Marcagi,1,2.0
2025-06-15,Morgan Wallen,4,8.0
2025-06-15,Myles Smith,1,2.0
2025-06-15,Noah Kahan,1,2.0
2025-06-15,Post Malone & Morgan Wallen,1,2.0
2025-06-15,SZA,1,2.0
2025-06-15,Sabrina Carpenter,3,6.0
2025-06-15,Shaboozey,1,2.0
2025-06-15,Taylor Swift,3,6.0
2025-06-15,Teddy Swims,1,2.0
2025-06-15,Tommy Richman,1,2.0
2025-06-15,"Tyler, The Creator",1,2.0
2025-06-15,Zach Bryan,4,8.0
2025-06-16,$uicideboy$,1,2.0
2025-06-16,Ariana Grande,1,2.0
2025-06-16,Artemas,1,2.0
2025-06-16,Benson Boone,2,4.0
2025-06-16,Billie Eilish,4,8.0
2025-06-16,Central Cee & Lil Baby,1,2.0
2025-06-16,Chappell Roan,3,6.0
2025-06-16,Dasha,1,2.0
2025-06-16,Djo,1,2.0
2025-06-16,Don Toliver,2,4.0
2025-06-16,Eminem,1,2.0
2025-06-16,FloyyMenor & Cris Mj,1,2.0
2025-06-16,Future & Metro Boomin,1,2.0
2025-06-16,GloRilla,1,2.0
2025-06-16,Gracie Abrams,1,2.0
2025-06-16,Hozier,1,2.0
2025-06-16,Kendrick Lamar,2,4.0
2025-06-16,Koe Wetzel & Jessie Murph,1,2.0
2025-06-16,Luke Combs,2,4.0
2025-06-16,Morgan Wallen,4,8.0
2025-06-16,Myles Smith,1,2.0
2025-06-16,Noah Kahan,1,2.0
2025-06-16,Post Malone & Morgan Wallen,1,2.0
2025-06-16,SZA,1,2.0
2025-06-16,Sabrina Carpenter,3,6.0
2025-06-16,Shaboozey,1,2.0
2025-06-16,Taylor Swift,3,6.0
2025-06-16,Teddy Swims,1,2.0
2025-06-16,Tommy Richman,1,2.0
2025-06-16,"Tyler, The Creator",1,2.0
2025-06-16,Zach Bryan,4,8.0
2025-06-17,$uicideboy$,1,2.0
2025-06-17,Ariana Grande,1,2.0
2025-06-17,Artemas,1,2.0
2025-06-17,Benson Boone,2,4.0
2025-06-17,Billie Eilish,4,8.0
2025-06-17,Central Cee & Lil Baby,1,2.0
2025-06-17,Chappell Roan,3,6.0
2025-06-17,Dasha,1,2.0
2025-06-17,Djo,1,2.0
2025-06-17,Don Toliver,1,2.0
2025-06-17,Eminem,1,2.0
2025-06-17,FloyyMenor & Cris Mj,1,2.0
2025-06-17,Future & Metro Boomin,2,4.0
2025-06-17,GloRilla,1,2.0
2025-06-17,Gracie Abrams,1,2.0
2025-06-17,Hozier,1,2.0
2025-06-17,Kendrick Lamar,2,4.0
2025-06-17,Koe Wetzel & Jessie Murph,1,2.0
2025-06-17,Luke Combs,2,4.0
2025-06-17,Morgan Wallen,4,8.0
2025-06-17,Myles Smith,1,2.0
2025-06-17,Noah Kahan,1,2.0
2025-06-17,Post Malone & Morgan Wallen,1,2.0
2025-06-17,SZA,1,2.0
2025-06-17,Sabrina Carpenter,3,6.0
2025-06-17,Shaboozey,1,2.0
2025-06-17,Taylor Swift,3,6.0
2025-06-17,Teddy Swims,1,2.0
2025-06-17,Tommy Richman,1,2.0
2025-06-17,"Tyler, The Creator",1,2.0
2025-06-17,Zach Bryan,4,8.0
2025-06-18,$uicideboy$,1,2.0
2025-06-18,Ariana Grande,1,2.0
2025-06-18,Artemas,1,2.0
2025-06-18,Benson Boone,2,4.0
2025-06-18,Billie Eilish,4,8.0
2025-06-18,Central Cee & Lil Baby,1,2.0
2025-06-18,Chappell Roan,3,6.0
2025-06-18,Dasha,1,2.0
2025-06-18,Djo,1,2.0
2025-06-18,Don Toliver,2,4.0
2025-06-18,Eminem,1,2.0
2025-06-18,FloyyMenor & Cris Mj,1,2.0
2025-06-18,Future & Metro Boomin,1,2.0
2025-06-18,Gracie Abrams,1,2.0
2025-06-18,Hozier,1,2.0
2025-06-18,Kendrick Lamar,2,4.0
2025-06-18,Koe Wetzel & Jessie Murph,1,2.0
2025-06-18,Luke Combs,2,4.0
2025-06-18,Morgan Wallen,4,8.0
2025-06-18,Myles Smith,1,2.0
2025-06-18,Noah Kahan,1,2.0
2025-06-18,Post Malone & Morgan Wallen,1,2.0
2025-06-18,SZA,1,2.0
2025-06-18,Sabrina Carpenter,3,6.0
2025-06-18,Shaboozey,1,2.0
2025-06-18,Taylor Swift,3,6.0
2025-06-18,Teddy Swims,1,2.0
2025-06-18,Tommy Richman,2,4.0
2025-06-18,"Tyler, The Creator",1,2.0
2025-06-18,Zach Bryan,4,8.0
2025-06-19,$uicideboy$,1,2.0
2025-06-19,Ariana Grande,1,2.0
2025-06-19,Artemas,1,2.0
2025-06-19,Benson Boone,2,4.0
2025-06-19,Billie Eilish,4,8.0
2025-06-19,Central Cee & Lil Baby,1,2.0
2025-06-19,Chappell Roan,3,6.0
2025-06-19,Dasha,1,2.0
2025-06-19,Djo,1,2.0
2025-06-19,Eminem,1,2.0
2025-06-19,FloyyMenor & Cris Mj,1,2.0
2025-06-19,Future & Metro Boomin,2,4.0
2025-06-19,Gracie Abrams,1,2.0
2025-06-19,Hozier,1,2.0
2025-06-19,Kendrick Lamar,2,4.0
2025-06-19,Koe Wetzel & Jessie Murph,1,2.0
2025-06-19,Luke Combs,1,2.0
2025-06-19,Michael Marcagi,1,2.0
2025-06-19,Morgan Wallen,4,8.0
2025-06-19,Myles Smith,1,2.0
2025-06-19,Noah Kahan,1,2.0
2025-06-19,Post Malone & Morgan Wallen,1,2.0
2025-06-19,SZA,1,2.0
2025-06-19,Sabrina Carpenter,4,8.0
2025-06-19,Shaboozey,1,2.0
2025-06-19,Taylor Swift,3,6.0
2025-06-19,Teddy Swims,1,2.0
2025-06-19,Tommy Richman,2,4.0
2025-06-19,"Tyler, The Creator",1,2.0
2025-06-19,Zach Bryan,4,8.0
2025-06-20,$uicideboy$,1,2.0
2025-06-20,Ariana Grande,1,2.0
2025-06-20,Artemas,1,2.0
2025-06-20,Benson Boone,2,4.0
2025-06-20,Billie Eilish,4,8.0
2025-06-20,Central Cee & Lil Baby,1,2.0
2025-06-20,Chappell Roan,3,6.0
2025-06-20,Dasha,1,2.0
2025-06-20,Djo,1,2.0
2025-06-20,Don Toliver,1,2.0
2025-06-20,Eminem,1,2.0
2025-06-20,FloyyMenor & Cris Mj,1,2.0
2025-06-20,Future & Metro Boomin,1,2.0
2025-06-20,Gracie Abrams,1,2.0
2025-06-20,Hozier,1,2.0
2025-06-20,Kendrick Lamar,2,4.0
2025-06-20,Koe Wetzel & Jessie Murph,1,2.0
2025-06-20,Luke Combs,1,2.0
2025-06-20,Michael Marcagi,1,2.0
2025-06-20,Moneybagg Yo,1,2.0
2025-06-20,Morgan Wallen,4,8.0
2025-06-20,Myles Smith,1,2.0
2025-06-20,Noah Kahan,1,2.0
2025-06-20,Post Malone & Morgan Wallen,1,2.0
2025-06-20,SZA,1,2.0
2025-06-20,Sabrina Carpenter,3,6.0
2025-06-20,Shaboozey,1,2.0
2025-06-20,Taylor Swift,3,6.0
2025-06-20,Teddy Swims,1,2.0
2025-06-20,Tommy Richman,2,4.0
2025-06-20,"Tyler, The Creator",1,2.0
2025-06-20,Zach Bryan,4,8.0
2025-06-21,Ariana Grande,1,2.0
2025-06-21,Artemas,1,2.0
2025-06-21,Benson Boone,2,4.0
2025-06-21,Billie Eilish,4,8.0
2025-06-21,Central Cee & Lil Baby,1,2.0
2025-06-21,Chappell Roan,3,6.0
2025-06-21,Dasha,1,2.0
2025-06-21,Djo,1,2.0
2025-06-21,Eminem,1,2.0
2025-06-21,FloyyMenor & Cris Mj,1,2.0
2025-06-21,Future & Metro Boomin,1,2.0
2025-06-21,GloRilla,1,2.0
2025-06-21,Gracie Abrams,1,2.0
2025-06-21,Hozier,1,2.0
2025-06-21,Kendrick Lamar,2,4.0
2025-06-21,Koe Wetzel & Jessie Murph,1,2.0
2025-06-21,Michael Marcagi,1,2.0
2025-06-21,Morgan Wallen,4,8.0
2025-06-21,Myles Smith,1,2.0
2025-06-21,Noah Kahan,1,2.0
2025-06-21,Post Malone & Morgan Wallen,1,2.0
2025-06-21,SZA,2,4.0
2025-06-21,Sabrina Carpenter,4,8.0
2025-06-21,Shaboozey,1,2.0
2025-06-21,Taylor Swift,3,6.0
2025-06-21,Teddy Swims,1,2.0
2025-06-21,Tommy Richman,2,4.0
2025-06-21,Tucker Wetmore,1,2.0
2025-06-21,"Tyler, The Creator",1,2.0
2025-06-21,Zach Bryan,4,8.0
2025-06-22,Ariana Grande,1,2.0
2025-06-22,Artemas,1,2.0
2025-06-22,Benson Boone,2,4.0
2025-06-22,Billie Eilish,3,6.0
2025-06-22,Central Cee & Lil Baby,1,2.0
2025-06-22,Chappell Roan,3,6.0
2025-06-22,Charli xcx & Lorde,1,2.0
2025-06-22,Dasha,1,2.0
2025-06-22,Don Toliver,1,2.0
2025-06-22,Eminem,1,2.0
2025-06-22,FloyyMenor & Cris Mj,1,2.0
2025-06-22,Future & Metro Boomin,1,2.0
2025-06-22,Gracie Abrams,2,4.0
2025-06-22,Hozier,1,2.0
2025-06-22,Kendrick Lamar,2,4.0
2025-06-22,Koe Wetzel & Jessie Murph,1,2.0
2025-06-22,Moneybagg Yo,1,2.0
2025-06-22,Morgan Wallen,4,8.0
2025-06-22,Mustard & Travis Scott,1,2.0
2025-06-22,Myles Smith,1,2.0
2025-06-22,Noah Kahan,1,2.0
2025-06-22,Peso Pluma,1,2.0
2025-06-22,Post Malone & Blake Shelton,1,2.0
2025-06-22,Post Malone & Morgan Wallen,1,2.0
2025-06-22,Sabrina Carpenter,3,6.0
2025-06-22,Shaboozey,1,2.0
2025-06-22,Taylor Swift,3,6.0
2025-06-22,Teddy Swims,1,2.0
2025-06-22,Tommy Richman,2,4.0
2025-06-22,Tucker Wetmore,1,2.0
2025-06-22,"Tyler, The Creator",1,2.0
2025-06-22,Zach Bryan,4,8.0
2025-06-23,Ariana Grande,1,2.0
2025-06-23,Artemas,1,2.0
2025-06-23,Benson Boone,2,4.0
2025-06-23,Billie Eilish,3,6.0
2025-06-23,Central Cee & Lil Baby,1,2.0
2025-06-23,Chappell Roan,3,6.0
2025-06-23,Charli xcx & Lorde,1,2.0
2025-06-23,Dasha,1,2.0
2025-06-23,Don Toliver,1,2.0
2025-06-23,Eminem,1,2.0
2025-06-23,FloyyMenor & Cris Mj,1,2.0
2025-06-23,Future & Metro Boomin,1,2.0
2025-06-23,Gracie Abrams,2,4.0
2025-06-23,Hozier,1,2.0
2025-06-23,Kendrick Lamar,2,4.0
2025-06-23,Koe Wetzel & Jessie Murph,1,2.0
2025-06-23,Moneybagg Yo,1,2.0
2025-06-23,Morgan Wallen,4,8.0
2025-06-23,Mustard & Travis Scott,1,2.0
2025-06-23,Myles Smith,1,2.0
2025-06-23,Noah Kahan,1,2.0
2025-06-23,Peso Pluma,1,2.0
2025-06-23,Post Malone & Blake Shelton,1,2.0
2025-06-23,Post Malone & Morgan Wallen,1,2.0
2025-06-23,Sabrina Carpenter,3,6.0
2025-06-23,Shaboozey,1,2.0
2025-06-23,Taylor Swift,3,6.0
2025-06-23,Teddy Swims,1,2.0
2025-06-23,Tommy Richman,2,4.0
2025-06-23,Tucker Wetmore,1,2.0
2025-06-23,"Tyler, The Creator",1,2.0
2025-06-23,Zach Bryan,4,8.0
2025-06-24,Ariana Grande,1,2.0
2025-06-24,Artemas,1,2.0
2025-06-24,Benson Boone,2,4.0
2025-06-24,Billie Eilish,3,6.0
2025-06-24,Central Cee & Lil Baby,1,2.0
2025-06-24,Chappell Roan,4,8.0
2025-06-24,Dasha,1,2.0
2025-06-24,Djo,1,2.0
2025-06-24,Eminem,1,2.0
2025-06-24,FloyyMenor & Cris Mj,1,2.0
2025-06-24,Future & Metro Boomin,1,2.0
2025-06-24,GloRilla,1,2.0
2025-06-24,Gracie Abrams,2,4.0
2025-06-24,Hozier,1,2.0
2025-06-24,Kendrick Lamar,2,4.0
2025-06-24,Koe Wetzel & Jessie Murph,1,2.0
2025-06-24,Michael Marcagi,1,2.0
2025-06-24,Morgan Wallen,4,8.0
2025-06-24,Myles Smith,1,2.0
2025-06-24,Noah Kahan,1,2.0
2025-06-24,Post Malone & Blake Shelton,1,2.0
2025-06-24,Post Malone & Morgan Wallen,1,2.0
2025-06-24,SZA,1,2.0
2025-06-24,Sabrina Carpenter,3,6.0
2025-06-24,Shaboozey,1,2.0
2025-06-24,Taylor Swift,3,6.0
2025-06-24,Teddy Swims,1,2.0
2025-06-24,Tommy Richman,2,4.0
2025-06-24,Tucker Wetmore,1,2.0
2025-06-24,"Tyler, The Creator",1,2.0
2025-06-24,Zach Bryan,4,8.0
2025-06-25,Ariana Grande,1,2.0
2025-06-25,Artemas,1,2.0
2025-06-25,Benson Boone,2,4.0
2025-06-25,Billie Eilish,3,6.0
2025-06-25,Central Cee & Lil Baby,1,2.0
2025-06-25,Chappell Roan,4,8.0
2025-06-25,Dasha,1,2.0
2025-06-25,Djo,1,2.0
2025-06-25,Eminem,1,2.0
2025-06-25,FloyyMenor & Cris Mj,1,2.0
2025-06-25,Future & Metro Boomin,1,2.0
2025-06-25,GloRilla,1,2.0
2025-06-25,Gracie Abrams,2,4.0
2025-06-25,Hozier,1,2.0
2025-06-25,Kendrick Lamar,2,4.0
2025-06-25,Koe Wetzel & Jessie Murph,1,2.0
2025-06-25,Michael Marcagi,1,2.0
2025-06-25,Morgan Wallen,4,8.0
2025-06-25,Myles Smith,1,2.0
2025-06-25,Noah Kahan,1,2.0
2025-06-25,Post Malone & Blake Shelton,1,2.0
2025-06-25,Post Malone & Morgan Wallen,1,2.0
2025-06-25,SZA,1,2.0
2025-06-25,Sabrina Carpenter,3,6.0
2025-06-25,Shaboozey,1,2.0
2025-06-25,Taylor Swift,3,6.0
2025-06-25,Teddy Swims,1,2.0
2025-06-25,Tommy Richman,2,4.0
2025-06-25,Tucker Wetmore,1,2.0
2025-06-25,"Tyler, The Creator",1,2.0
2025-06-25,Zach Bryan,4,8.0
2025-06-26,Ariana Grande,1,2.0
2025-06-26,Artemas,1,2.0
2025-06-26,Benson Boone,2,4.0
2025-06-26,Billie Eilish,3,6.0
2025-06-26,Central Cee & Lil Baby,1,2.0
2025-06-26,Chappell Roan,4,8.0
2025-06-26,Dasha,1,2.0
2025-06-26,Djo,1,2.0
2025-06-26,Eminem,1,2.0
2025-06-26,FloyyMenor & Cris Mj,1,2.0
2025-06-26,Future & Metro Boomin,1,2.0
2025-06-26,GloRilla,1,2.0
2025-06-26,Gracie Abrams,2,4.0
2025-06-26,Hozier,1,2.0
2025-06-26,Kendrick Lamar,2,4.0
2025-06-26,Koe Wetzel & Jessie Murph,1,2.0
2025-06-26,Morgan Wallen,4,8.0
2025-06-26,Mustard & Travis Scott,1,2.0
2025-06-26,Myles Smith,1,2.0
2025-06-26,Noah Kahan,1,2.0
2025-06-26,Post Malone & Blake Shelton,1,2.0
2025-06-26,Post Malone & Morgan Wallen,1,2.0
2025-06-26,SZA,1,2.0
2025-06-26,Sabrina Carpenter,3,6.0
2025-06-26,Shaboozey,1,2.0
2025-06-26,Taylor Swift,3,6.0
2025-06-26,Teddy Swims,1,2.0
2025-06-26,Tommy Richman,2,4.0
2025-06-26,Tucker Wetmore,1,2.0
2025-06-26,"Tyler, The Creator",1,2.0
2025-06-26,Zach Bryan,4,8.0
2025-06-27,Ariana Grande,1,2.0
2025-06-27,Artemas,1,2.0
2025-06-27,Benson Boone,2,4.0
2025-06-27,Billie Eilish,3,6.0
2025-06-27,Central Cee & Lil Baby,1,2.0
2025-06-27,Chappell Roan,4,8.0
2025-06-27,Dasha,1,2.0
2025-06-27,Djo,1,2.0
2025-06-27,Eminem,1,2.0
2025-06-27,FloyyMenor & Cris Mj,1,2.0
2025-06-27,Future & Metro Boomin,1,2.0
2025-06-27,Gracie Abrams,2,4.0
2025-06-27,Hozier,1,2.0
2025-06-27,Kendrick Lamar,2,4.0
2025-06-27,Koe Wetzel & Jessie Murph,1,2.0
2025-06-27,Michael Marcagi,1,2.0
2025-06-27,Morgan Wallen,4,8.0
2025-06-27,Mustard & Travis Scott,1,2.0
2025-06-27,Myles Smith,1,2.0
2025-06-27,Noah Kahan,1,2.0
2025-06-27,Post Malone & Blake Shelton,1,2.0
2025-06-27,Post Malone & Morgan Wallen,1,2.0
2025-06-27,Sabrina Carpenter,4,8.0
2025-06-27,Shaboozey,1,2.0
2025-06-27,Taylor Swift,3,6.0
2025-06-27,Teddy Swims,1,2.0
2025-06-27,Tommy Richman,2,4.0
2025-06-27,Tucker Wetmore,1,2.0
2025-06-27,"Tyler, The Creator",1,2.0
2025-06-27,Zach Bryan,4,8.0
2025-06-28,Ariana Grande,1,2.0
2025-06-28,Artemas,1,2.0
2025-06-28,Benson Boone,2,4.0
2025-06-28,Billie Eilish,3,6.0
2025-06-28,Central Cee & Lil Baby,1,2.0
2025-06-28,Chappell Roan,4,8.0
2025-06-28,Dasha,1,2.0
2025-06-28,Djo,1,2.0
2025-06-28,Eminem,1,2.0
2025-06-28,FloyyMenor & Cris Mj,1,2.0
2025-06-28,Future & Metro Boomin,1,2.0
2025-06-28,Gracie Abrams,2,4.0
2025-06-28,Hozier,1,2.0
2025-06-28,Kendrick Lamar,2,4.0
2025-06-28,Koe Wetzel & Jessie Murph,1,2.0
2025-06-28,Michael Marcagi,1,2.0
2025-06-28,Morgan Wallen,4,8.0
2025-06-28,Mustard & Travis Scott,1,2.0
2025-06-28,Myles Smith,1,2.0
2025-06-28,Noah Kahan,1,2.0
2025-06-28,Post Malone & Blake Shelton,1,2.0
2025-06-28,Post Malone & Morgan Wallen,1,2.0
2025-06-28,SZA,1,2.0
2025-06-28,Sabrina Carpenter,3,6.0
2025-06-28,Shaboozey,1,2.0
2025-06-28,Taylor Swift,3,6.0
2025-06-28,Teddy Swims,1,2.0
2025-06-28,The Kid LAROI,1,2.0
2025-06-28,Tommy Richman,2,4.0
2025-06-28,"Tyler, The Creator",1,2.0
2025-06-28,Zach Bryan,4,8.0
2025-06-29,Ariana Grande,1,2.0
2025-06-29,Artemas,1,2.0
2025-06-29,Benson Boone,2,4.0
2025-06-29,Billie Eilish,3,6.0
2025-06-29,Central Cee & Lil Baby,1,2.0
2025-06-29,Chappell Roan,4,8.0
2025-06-29,Dasha,1,2.0
2025-06-29,Djo,1,2.0
2025-06-29,Ella Langley & Riley Green,1,2.0
2025-06-29,Eminem,1,2.0
2025-06-29,FloyyMenor & Cris Mj,1,2.0
2025-06-29,Future & Metro Boomin,1,2.0
2025-06-29,Gracie Abrams,2,4.0
2025-06-29,Hozier,1,2.0
2025-06-29,Kendrick Lamar,2,4.0
2025-06-29,Koe Wetzel & Jessie Murph,1,2.0
2025-06-29,Morgan Wallen,4,8.0
2025-06-29,Mustard & Travis Scott,1,2.0
2025-06-29,Myles Smith,1,2.0
2025-06-29,Noah Kahan,1,2.0
2025-06-29,Post Malone & Blake Shelton,1,2.0
2025-06-29,Post Malone & Morgan Wallen,1,2.0
2025-06-29,Sabrina Carpenter,3,6.0
2025-06-29,Shaboozey,1,2.0
2025-06-29,Taylor Swift,3,6.0
2025-06-29,Teddy Swims,1,2.0
2025-06-29,The Kid LAROI,1,2.0
2025-06-29,Tommy Richman,2,4.0
2025-06-29,Tucker Wetmore,1,2.0
2025-06-29,"Tyler, The Creator",1,2.0
2025-06-29,Zach Bryan,4,8.0
2025-06-30,Ariana Grande,1,2.0
2025-06-30,Artemas,1,2.0
2025-06-30,Benson Boone,2,4.0
2025-06-30,Billie Eilish,3,6.0
2025-06-30,Central Cee & Lil Baby,1,2.0
2025-06-30,Chappell Roan,4,8.0
2025-06-30,Dasha,1,2.0
2025-06-30,Djo,1,2.0
2025-06-30,Ella Langley & Riley Green,1,2.0
2025-06-30,Eminem,1,2.0
2025-06-30,FloyyMenor & Cris Mj,1,2.0
2025-06-30,Future & Metro Boomin,1,2.0
2025-06-30,GloRilla,1,2.0
2025-06-30,Hozier,1,2.0
2025-06-30,Jimin & Loco,1,2.0
2025-06-30,Kendrick Lamar,2,4.0
2025-06-30,Koe Wetzel & Jessie Murph,1,2.0
2025-06-30,Luke Combs,1,2.0
2025-06-30,Morgan Wallen,4,8.0
2025-06-30,Mustard & Travis Scott,1,2.0
2025-06-30,Myles Smith,1,2.0
2025-06-30,Noah Kahan,1,2.0
2025-06-30,Post Malone & Blake Shelton,1,2.0
2025-06-30,Post Malone & Morgan Wallen,1,2.0
2025-06-30,Sabrina Carpenter,3,6.0
2025-06-30,Shaboozey,1,2.0
2025-06-30,Taylor Swift,3,6.0
2025-06-30,Teddy Swims,1,2.0
2025-06-30,The Kid LAROI,1,2.0
2025-06-30,Tommy Richman,2,4.0
2025-06-30,"Tyler, The Creator",1,2.0
2025-06-30,Zach Bryan,4,8.0
2025-07-01,Ariana Grande,1,2.0
2025-07-01,Artemas,1,2.0
2025-07-01,Benson Boone,2,4.0
2025-07-01,Billie Eilish,3,6.0
2025-07-01,Chappell Roan,4,8.0
2025-07-01,Dasha,1,2.0
2025-07-01,Djo,1,2.0
2025-07-01,Ella Langley & Riley Green,1,2.0
2025-07-01,Eminem,1,2.0
2025-07-01,FloyyMenor & Cris Mj,1,2.0
2025-07-01,Future & Metro Boomin,1,2.0
2025-07-01,GloRilla,1,2.0
2025-07-01,Hozier,1,2.0
2025-07-01,Jimin & Loco,1,2.0
2025-07-01,Kendrick Lamar,2,4.0
2025-07-01,Koe Wetzel & Jessie Murph,1,2.0
2025-07-01,Luke Combs,1,2.0
2025-07-01,Morgan Wallen,4,8.0
2025-07-01,Myles Smith,1,2.0
2025-07-01,Noah Kahan,1,2.0
2025-07-01,Post Malone & Blake Shelton,1,2.0
2025-07-01,Post Malone & Morgan Wallen,1,2.0
2025-07-01,Sabrina Carpenter,3,6.0
2025-07-01,Shaboozey,1,2.0
2025-07-01,Taylor Swift,3,6.0
2025-07-01,Teddy Swims,1,2.0
2025-07-01,The Kid LAROI,1,2.0
2025-07-01,The Neighbourhood,1,2.0
2025-07-01,Tommy Richman,2,4.0
2025-07-01,"Tyler, The Creator",1,2.0
2025-07-01,Zach Bryan,5,10.0
2025-07-02,Ariana Grande,1,2.0
2025-07-02,Artemas,1,2.0
2025-07-02,Benson Boone,2,4.0
2025-07-02,Billie Eilish,3,6.0
2025-07-02,Chappell Roan,4,8.0
2025-07-02,Dasha,1,2.0
2025-07-02,Djo,1,2.0
2025-07-02,Ella Langley & Riley Green,1,2.0
2025-07-02,Eminem,1,2.0
2025-07-02,FloyyMenor & Cris Mj,1,2.0
2025-07-02,Future & Metro Boomin,1,2.0
2025-07-02,GloRilla,1,2.0
2025-07-02,Hozier,1,2.0
2025-07-02,Jimin & Loco,1,2.0
2025-07-02,Kendrick Lamar,2,4.0
2025-07-02,Koe Wetzel & Jessie Murph,1,2.0
2025-07-02,Michael Marcagi,1,2.0
2025-07-02,Morgan Wallen,4,8.0
2025-07-02,Myles Smith,1,2.0
2025-07-02,Noah Kahan,1,2.0
2025-07-02,Post Malone & Blake Shelton,1,2.0
2025-07-02,Post Malone & Morgan Wallen,1,2.0
2025-07-02,Sabrina Carpenter,3,6.0
2025-07-02,Shaboozey,1,2.0
2025-07-02,Taylor Swift,3,6.0
2025-07-02,Teddy Swims,1,2.0
2025-07-02,The Kid LAROI,1,2.0
2025-07-02,The Neighbourhood,1,2.0
2025-07-02,Tommy Richman,2,4.0
2025-07-02,"Tyler, The Creator",1,2.0
2025-07-02,Zach Bryan,5,10.0
2025-07-03,Ariana Grande,1,2.0
2025-07-03,Artemas,1,2.0
2025-07-03,Benson Boone,2,4.0
2025-07-03,Billie Eilish,3,6.0
2025-07-03,Chappell Roan,4,8.0
2025-07-03,Dasha,1,2.0
2025-07-03,Djo,1,2.0
2025-07-03,Ella Langley & Riley Green,1,2.0
2025-07-03,Eminem,1,2.0
2025-07-03,FloyyMenor & Cris Mj,1,2.0
2025-07-03,Future & Metro Boomin,1,2.0
2025-07-03,GloRilla,1,2.0
2025-07-03,Hozier,1,2.0
2025-07-03,Jimin & Loco,1,2.0
2025-07-03,Kendrick Lamar,2,4.0
2025-07-03,Koe Wetzel & Jessie Murph,1,2.0
2025-07-03,Michael Marcagi,1,2.0
2025-07-03,Morgan Wallen,4,8.0
2025-07-03,Myles Smith,1,2.0
2025-07-03,Noah Kahan,1,2.0
2025-07-03,Post Malone & Blake Shelton,1,2.0
2025-07-03,Post Malone & Morgan Wallen,1,2.0
2025-07-03,Sabrina Carpenter,3,6.0
2025-07-03,Shaboozey,1,2.0
2025-07-03,Taylor Swift,3,6.0
2025-07-03,Teddy Swims,1,2.0
2025-07-03,The Kid LAROI,1,2.0
2025-07-03,The Neighbourhood,1,2.0
2025-07-03,Tommy Richman,2,4.0
2025-07-03,"Tyler, The Creator",1,2.0
2025-07-03,Zach Bryan,5,10.0
2025-07-04,Ariana Grande,1,2.0
2025-07-04,Artemas,1,2.0
2025-07-04,Benson Boone,2,4.0
2025-07-04,Billie Eilish,3,6.0
2025-07-04,Chappell Roan,4,8.0
2025-07-04,Childish Gambino,1,2.0
2025-07-04,Dasha,1,2.0
2025-07-04,Djo,1,2.0
2025-07-04,Ella Langley & Riley Green,1,2.0
2025-07-04,Eminem,1,2.0
2025-07-04,Eminem & Big Sean & BabyTron,1,2.0
2025-07-04,FloyyMenor & Cris Mj,1,2.0
2025-07-04,Future & Metro Boomin,1,2.0
2025-07-04,GloRilla,1,2.0
2025-07-04,Hozier,1,2.0
2025-07-04,Kendrick Lamar,1,2.0
2025-07-04,Koe Wetzel & Jessie Murph,1,2.0
2025-07-04,Morgan Wallen,4,8.0
2025-07-04,Myles Smith,1,2.0
2025-07-04,Noah Kahan,1,2.0
2025-07-04,Post Malone & Blake Shelton,1,2.0
2025-07-04,Post Malone & Morgan Wallen,1,2.0
2025-07-04,Sabrina Carpenter,3,6.0
2025-07-04,Shaboozey,1,2.0
2025-07-04,Taylor Swift,3,6.0
2025-07-04,Teddy Swims,1,2.0
2025-07-04,The Kid LAROI,2,4.0
2025-07-04,The Neighbourhood,1,2.0
2025-07-04,Tommy Richman,2,4.0
2025-07-04,"Tyler, The Creator",1,2.0
2025-07-04,Zach Bryan,5,10.0
2025-07-05,Benson Boone,2,4.0
2025-07-05,Billie Eilish,3,6.0
2025-07-05,Chappell Roan,4,8.0
2025-07-05,Childish Gambino,1,2.0
2025-07-05,Dasha,1,2.0
2025-07-05,Djo,1,2.0
2025-07-05,Ella Langley & Riley Green,1,2.0
2025-07-05,Eminem,1,2.0
2025-07-05,Eminem & Big Sean & BabyTron,1,2.0
2025-07-05,FloyyMenor & Cris Mj,1,2.0
2025-07-05,Future & Metro Boomin,1,2.0
2025-07-05,GloRilla,1,2.0
2025-07-05,Hozier,1,2.0
2025-07-05,Jimin & Loco,1,2.0
2025-07-05,Kendrick Lamar,1,2.0
2025-07-05,Koe Wetzel & Jessie Murph,1,2.0
2025-07-05,Megan Thee Stallion,1,2.0
2025-07-05,Michael Marcagi,1,2.0
2025-07-05,Morgan Wallen,4,8.0
2025-07-05,Myles Smith,1,2.0
2025-07-05,Noah Kahan,1,2.0
2025-07-05,Post Malone & Blake Shelton,1,2.0
2025-07-05,Post Malone & Morgan Wallen,1,2.0
2025-07-05,Quavo & Lana Del Rey,1,2.0
2025-07-05,Sabrina Carpenter,3,6.0
2025-07-05,Shaboozey,1,2.0
2025-07-05,Taylor Swift,2,4.0
2025-07-05,Teddy Swims,1,2.0
2025-07-05,The Kid LAROI,2,4.0
2025-07-05,Tommy Richman,2,4.0
2025-07-05,"Tyler, The Creator",1,2.0
2025-07-05,Zach Bryan,5,10.0
2025-07-06,Benson Boone,1,2.0
2025-07-06,Billie Eilish,2,4.0
2025-07-06,Bruce Springsteen,1,2.0
2025-07-06,Chappell Roan,3,6.0
2025-07-06,Creedence Clearwater Revival,1,2.0
2025-07-06,Daryl Hall & John Oates,1,2.0
2025-07-06,Don McLean,1,2.0
2025-07-06,Eminem,1,2.0
2025-07-06,Future & Metro Boomin,1,2.0
2025-07-06,Hozier,1,2.0
2025-07-06,Jimin & Loco,1,2.0
2025-07-06,Katy Perry,1,2.0
2025-07-06,Kendrick Lamar,1,2.0
2025-07-06,Kenny Chesney,1,2.0
2025-07-06,Luke Combs,1,2.0
2025-07-06,Lynyrd Skynyrd,1,2.0
2025-07-06,Miley Cyrus,1,2.0
2025-07-06,Morgan Wallen,2,4.0
2025-07-06,Noah Kahan,1,2.0
2025-07-06,Post Malone & Blake Shelton,1,2.0
2025-07-06,Post Malone & Morgan Wallen,1,2.0
2025-07-06,Quavo & Lana Del Rey,1,2.0
2025-07-06,Sabrina Carpenter,2,4.0
2025-07-06,Shaboozey,1,2.0
2025-07-06,Toby Keith,1,2.0
2025-07-06,Tom Petty and the Heartbreakers,1,2.0
2025-07-06,Tommy Richman,2,4.0
2025-07-06,Van Morrison,1,2.0
2025-07-06,Zac Brown Band,1,2.0
2025-07-06,Zach Bryan,15,30.0
2025-07-07,Benson Boone,1,2.0
2025-07-07,Billie Eilish,2,4.0
2025-07-07,Bruce Springsteen,1,2.0
2025-07-07,Chappell Roan,4,8.0
2025-07-07,Daryl Hall & John Oates,1,2.0
2025-07-07,Dasha,1,2.0
2025-07-07,Ella Langley & Riley Green,1,2.0
2025-07-07,Eminem,1,2.0
2025-07-07,Eminem & Big Sean & BabyTron,1,2.0
2025-07-07,FloyyMenor & Cris Mj,1,2.0
2025-07-07,Future & Metro Boomin,1,2.0
2025-07-07,Hozier,1,2.0
2025-07-07,Kendrick Lamar,1,2.0
2025-07-07,Miley Cyrus,1,2.0
2025-07-07,Morgan Wallen,5,10.0
2025-07-07,Noah Kahan,1,2.0
2025-07-07,Post Malone & Blake Shelton,1,2.0
2025-07-07,Post Malone & Morgan Wallen,1,2.0
2025-07-07,Quavo & Lana Del Rey,1,2.0
2025-07-07,Sabrina Carpenter,2,4.0
2025-07-07,Shaboozey,1,2.0
2025-07-07,Taylor Swift,1,2.0
2025-07-07,Teddy Swims,1,2.0
2025-07-07,The Kid LAROI,1,2.0
2025-07-07,Toby Keith,1,2.0
2025-07-07,Tom Petty and the Heartbreakers,1,2.0
2025-07-07,Tommy Richman,2,4.0
2025-07-07,Van Morrison,1,2.0
2025-07-07,Zach Bryan,12,24.0
2025-07-08,Benson Boone,1,2.0
2025-07-08,Billie Eilish,3,6.0
2025-07-08,Chappell Roan,4,8.0
2025-07-08,Creedence Clearwater Revival,1,2.0
2025-07-08,Dasha,1,2.0
2025-07-08,Ella Langley & Riley Green,1,2.0
2025-07-08,Eminem,1,2.0
2025-07-08,Eminem & Big Sean & BabyTron,1,2.0
2025-07-08,FloyyMenor & Cris Mj,1,2.0
2025-07-08,Future & Metro Boomin,1,2.0
2025-07-08,Hozier,1,2.0
2025-07-08,Jimin & Loco,1,2.0
2025-07-08,Kendrick Lamar,1,2.0
2025-07-08,Megan Thee Stallion,1,2.0
2025-07-08,Miley Cyrus,1,2.0
2025-07-08,Morgan Wallen,5,10.0
2025-07-08,Noah Kahan,1,2.0
2025-07-08,Post Malone & Blake Shelton,1,2.0
2025-07-08,Post Malone & Morgan Wallen,1,2.0
2025-07-08,Quavo & Lana Del Rey,1,2.0
2025-07-08,Sabrina Carpenter,2,4.0
2025-07-08,Shaboozey,1,2.0
2025-07-08,Taylor Swift,2,4.0
2025-07-08,Teddy Swims,1,2.0
2025-07-08,The Kid LAROI,1,2.0
2025-07-08,Toby Keith,1,2.0
2025-07-08,Tommy Richman,2,4.0
2025-07-08,"Tyler, The Creator",1,2.0
2025-07-08,Van Morrison,1,2.0
2025-07-08,Zach Bryan,9,18.0
2025-07-09,Benson Boone,1,2.0
2025-07-09,Billie Eilish,3,6.0
2025-07-09,Chappell Roan,4,8.0
2025-07-09,Dasha,1,2.0
2025-07-09,Djo,1,2.0
2025-07-09,Ella Langley & Riley Green,1,2.0
2025-07-09,Eminem,1,2.0
2025-07-09,Eminem & Big Sean & BabyTron,1,2.0
2025-07-09,FloyyMenor & Cris Mj,1,2.0
2025-07-09,Future & Metro Boomin,1,2.0
2025-07-09,Hozier,1,2.0
2025-07-09,Jimin & Loco,1,2.0
2025-07-09,Kendrick Lamar,1,2.0
2025-07-09,Megan Thee Stallion,1,2.0
2025-07-09,Morgan Wallen,5,10.0
2025-07-09,Myles Smith,1,2.0
2025-07-09,Noah Kahan,1,2.0
2025-07-09,Post Malone & Blake Shelton,1,2.0
2025-07-09,Post Malone & Morgan Wallen,1,2.0
2025-07-09,Quavo & Lana Del Rey,1,2.0
2025-07-09,Sabrina Carpenter,2,4.0
2025-07-09,Shaboozey,1,2.0
2025-07-09,Taylor Swift,3,6.0
2025-07-09,Teddy Swims,1,2.0
2025-07-09,The Kid LAROI,1,2.0
2025-07-09,Tommy Richman,2,4.0
2025-07-09,"Tyler, The Creator",1,2.0
2025-07-09,Zach Bryan,10,20.0
2025-07-10,Benson Boone,2,4.0
2025-07-10,Billie Eilish,3,6.0
2025-07-10,Chappell Roan,4,8.0
2025-07-10,Dasha,1,2.0
2025-07-10,Djo,1,2.0
2025-07-10,Ella Langley & Riley Green,1,2.0
2025-07-10,Eminem,1,2.0
2025-07-10,Eminem & Big Sean & BabyTron,1,2.0
2025-07-10,FloyyMenor & Cris Mj,1,2.0
2025-07-10,Future & Metro Boomin,1,2.0
2025-07-10,Hozier,1,2.0
2025-07-10,Jimin & Loco,1,2.0
2025-07-10,Kendrick Lamar,1,2.0
2025-07-10,Megan Thee Stallion,1,2.0
2025-07-10,Morgan Wallen,5,10.0
2025-07-10,Myles Smith,1,2.0
2025-07-10,Noah Kahan,1,2.0
2025-07-10,Post Malone & Blake Shelton,1,2.0
2025-07-10,Post Malone & Morgan Wallen,1,2.0
2025-07-10,Quavo & Lana Del Rey,1,2.0
2025-07-10,Sabrina Carpenter,2,4.0
2025-07-10,Shaboozey,1,2.0
2025-07-10,Taylor Swift,3,6.0
2025-07-10,Teddy Swims,1,2.0
2025-07-10,The Kid LAROI,1,2.0
2025-07-10,Tommy Richman,2,4.0
2025-07-10,"Tyler, The Creator",1,2.0
2025-07-10,Zach Bryan,9,18.0
2025-07-12,Benson Boone,2,4.0
2025-07-12,Billie Eilish,3,6.0
2025-07-12,Chappell Roan,4,8.0
2025-07-12,Dasha,1,2.0
2025-07-12,Djo,1,2.0
2025-07-12,Ella Langley & Riley Green,1,2.0
2025-07-12,Eminem,1,2.0
2025-07-12,Eminem & Big Sean & BabyTron,1,2.0
2025-07-12,FloyyMenor & Cris Mj,1,2.0
2025-07-12,Future & Metro Boomin,1,2.0
2025-07-12,Hozier,1,2.0
2025-07-12,Jimin & Loco,1,2.0
2025-07-12,Kendrick Lamar,1,2.0
2025-07-12,Megan Thee Stallion,1,2.0
2025-07-12,Michael Marcagi,1,2.0
2025-07-12,Morgan Wallen,5,10.0
2025-07-12,Myles Smith,1,2.0
2025-07-12,Noah Kahan,1,2.0
2025-07-12,Post Malone & Blake Shelton,1,2.0
2025-07-12,Post Malone & Morgan Wallen,1,2.0
2025-07-12,Quavo & Lana Del Rey,1,2.0
2025-07-12,Sabrina Carpenter,2,4.0
2025-07-12,Shaboozey,1,2.0
2025-07-12,Taylor Swift,3,6.0
2025-07-12,Teddy Swims,1,2.0
2025-07-12,The Kid LAROI,1,2.0
2025-07-12,Tommy Richman,2,4.0
2025-07-12,"Tyler, The Creator",1,2.0
2025-07-12,Zach Bryan,8,16.0
2025-07-13,Benson Boone,2,4.0
2025-07-13,Billie Eilish,3,6.0
2025-07-13,Chappell Roan,4,8.0
2025-07-13,Dasha,1,2.0
2025-07-13,Djo,1,2.0
2025-07-13,Ella Langley & Riley Green,1,2.0
2025-07-13,Eminem,1,2.0
2025-07-13,Eminem & Big Sean & BabyTron,1,2.0
2025-07-13,FloyyMenor & Cris Mj,1,2.0
2025-07-13,Future & Metro Boomin,1,2.0
2025-07-13,Hozier,1,2.0
2025-07-13,Jimin & Loco,1,2.0
2025-07-13,Kendrick Lamar,1,2.0
2025-07-13,Megan Thee Stallion,1,2.0
2025-07-13,Michael Marcagi,1,2.0
2025-07-13,Morgan Wallen,5,10.0
2025-07-13,Myles Smith,1,2.0
2025-07-13,Noah Kahan,1,2.0
2025-07-13,Post Malone & Blake Shelton,1,2.0
2025-07-13,Post Malone & Morgan Wallen,1,2.0
2025-07-13,Quavo & Lana Del Rey,1,2.0
2025-07-13,Sabrina Carpenter,2,4.0
2025-07-13,Shaboozey,1,2.0
2025-07-13,Taylor Swift,3,6.0
2025-07-13,Teddy Swims,1,2.0
2025-07-13,The Kid LAROI,1,2.0
2025-07-13,Tommy Richman,2,4.0
2025-07-13,"Tyler, The Creator",1,2.0
2025-07-13,Zach Bryan,8,16.0
2025-07-14,Benson Boone,1,2.0
2025-07-14,Billie Eilish,2,4.0
2025-07-14,Chappell Roan,4,8.0
2025-07-14,Dasha,1,2.0
2025-07-14,Ella Langley & Riley Green,1,2.0
2025-07-14,Eminem,17,34.0
2025-07-14,Future & Metro Boomin,1,2.0
2025-07-14,Hozier,1,2.0
2025-07-14,Kendrick Lamar,1,2.0
2025-07-14,Megan Thee Stallion,1,2.0
2025-07-14,Morgan Wallen,3,6.0
2025-07-14,Noah Kahan,1,2.0
2025-07-14,Post Malone & Blake Shelton,1,2.0
2025-07-14,Post Malone & Morgan Wallen,1,2.0
2025-07-14,Quavo & Lana Del Rey,1,2.0
2025-07-14,Sabrina Carpenter,2,4.0
2025-07-14,Shaboozey,1,2.0
2025-07-14,Taylor Swift,1,2.0
2025-07-14,Teddy Swims,1,2.0
2025-07-14,The Kid LAROI,1,2.0
2025-07-14,Tommy Richman,2,4.0
2025-07-14,Zach Bryan,5,10.0
2025-07-15,Benson Boone,1,2.0
2025-07-15,Billie Eilish,2,4.0
2025-07-15,Chappell Roan,4,8.0
2025-07-15,Dasha,1,2.0
2025-07-15,Eminem,11,22.0
2025-07-15,FloyyMenor & Cris Mj,1,2.0
2025-07-15,Future & Metro Boomin,1,2.0
2025-07-15,Hozier,1,2.0
2025-07-15,Jimin & Loco,1,2.0
2025-07-15,KAROL G,1,2.0
2025-07-15,Kendrick Lamar,1,2.0
2025-07-15,Megan Thee Stallion,1,2.0
2025-07-15,Morgan Wallen,3,6.0
2025-07-15,Myke Towers & Bad Bunny,1,2.0
2025-07-15,Noah Kahan,1,2.0
2025-07-15,Post Malone & Blake Shelton,1,2.0
2025-07-15,Post Malone & Morgan Wallen,1,2.0
2025-07-15,Quavo & Lana Del Rey,1,2.0
2025-07-15,Sabrina Carpenter,2,4.0
2025-07-15,Shaboozey,1,2.0
2025-07-15,Taylor Swift,2,4.0
2025-07-15,Teddy Swims,1,2.0
2025-07-15,The Kid LAROI,1,2.0
2025-07-15,Tommy Richman,2,4.0
2025-07-15,"Tyler, The Creator",1,2.0
2025-07-15,Zach Bryan,6,12.0
2025-07-16,Benson Boone,1,2.0
2025-07-16,Billie Eilish,2,4.0
2025-07-16,Chappell Roan,4,8.0
2025-07-16,Dasha,1,2.0
2025-07-16,Eminem,11,22.0
2025-07-16,FloyyMenor & Cris Mj,1,2.0
2025-07-16,Future & Metro Boomin,1,2.0
2025-07-16,Hozier,1,2.0
2025-07-16,Jimin & Loco,1,2.0
2025-07-16,KAROL G,1,2.0
2025-07-16,Kendrick Lamar,1,2.0
2025-07-16,Megan Thee Stallion,1,2.0
2025-07-16,Morgan Wallen,3,6.0
2025-07-16,Myke Towers & Bad Bunny,1,2.0
2025-07-16,Noah Kahan,1,2.0
2025-07-16,Post Malone & Blake Shelton,1,2.0
2025-07-16,Post Malone & Morgan Wallen,1,2.0
2025-07-16,Quavo & Lana Del Rey,1,2.0
2025-07-16,Sabrina Carpenter,2,4.0
2025-07-16,Shaboozey,1,2.0
2025-07-16,Taylor Swift,2,4.0
2025-07-16,Teddy Swims,1,2.0
2025-07-16,The Kid LAROI,1,2.0
2025-07-16,Tommy Richman,2,4.0
2025-07-16,"Tyler, The Creator",1,2.0
2025-07-16,Zach Bryan,6,12.0
2025-07-17,Benson Boone,1,2.0
2025-07-17,Billie Eilish,2,4.0
2025-07-17,Chappell Roan,4,8.0
2025-07-17,Dasha,1,2.0
2025-07-17,Ella Langley & Riley Green,1,2.0
2025-07-17,Eminem,11,22.0
2025-07-17,FloyyMenor & Cris Mj,1,2.0
2025-07-17,Future & Metro Boomin,1,2.0
2025-07-17,Hozier,1,2.0
2025-07-17,Jimin & Loco,1,2.0
2025-07-17,KAROL G,1,2.0
2025-07-17,Kendrick Lamar,1,2.0
2025-07-17,Megan Thee Stallion,1,2.0
2025-07-17,Morgan Wallen,3,6.0
2025-07-17,Myles Smith,1,2.0
2025-07-17,Noah Kahan,1,2.0
2025-07-17,Post Malone & Blake Shelton,1,2.0
2025-07-17,Post Malone & Morgan Wallen,1,2.0
2025-07-17,Quavo & Lana Del Rey,1,2.0
2025-07-17,Sabrina Carpenter,2,4.0
2025-07-17,Shaboozey,1,2.0
2025-07-17,Taylor Swift,2,4.0
2025-07-17,Teddy Swims,1,2.0
2025-07-17,The Kid LAROI,1,2.0
2025-07-17,Tommy Richman,2,4.0
2025-07-17,"Tyler, The Creator",1,2.0
2025-07-17,Zach Bryan,5,10.0
2025-07-18,Benson Boone,2,4.0
2025-07-18,Billie Eilish,3,6.0
2025-07-18,Chappell Roan,4,8.0
2025-07-18,Charli xcx,1,2.0
2025-07-18,Dasha,1,2.0
2025-07-18,Ella Langley & Riley Green,1,2.0
2025-07-18,Eminem,7,14.000000000000002
2025-07-18,FloyyMenor & Cris Mj,1,2.0
2025-07-18,Future & Metro Boomin,1,2.0
2025-07-18,Hozier,1,2.0
2025-07-18,Ice Spice & Central Cee,1,2.0
2025-07-18,KAROL G,1,2.0
2025-07-18,Kendrick Lamar,1,2.0
2025-07-18,Megan Thee Stallion,1,2.0
2025-07-18,Morgan Wallen,3,6.0
2025-07-18,Myles Smith,1,2.0
2025-07-18,Noah Kahan,1,2.0
2025-07-18,Post Malone & Blake Shelton,1,2.0
2025-07-18,Post Malone & Morgan Wallen,1,2.0
2025-07-18,Quavo & Lana Del Rey,1,2.0
2025-07-18,Sabrina Carpenter,2,4.0
2025-07-18,Shaboozey,1,2.0
2025-07-18,Taylor Swift,3,6.0
2025-07-18,Teddy Swims,1,2.0
2025-07-18,The Kid LAROI,1,2.0
2025-07-18,Tommy Richman,2,4.0
2025-07-18,"Tyler, The Creator",1,2.0
2025-07-18,Zach Bryan,5,10.0
2025-07-19,Benson Boone,2,4.0
2025-07-19,Billie Eilish,3,6.0
2025-07-19,Chappell Roan,4,8.0
2025-07-19,Charli xcx,1,2.0
2025-07-19,Dasha,1,2.0
2025-07-19,Ella Langley & Riley Green,1,2.0
2025-07-19,Eminem,7,14.000000000000002
2025-07-19,FloyyMenor & Cris Mj,1,2.0
2025-07-19,Future & Metro Boomin,1,2.0
2025-07-19,Hozier,1,2.0
2025-07-19,Ice Spice & Central Cee,1,2.0
2025-07-19,KAROL G,1,2.0
2025-07-19,Kendrick Lamar,1,2.0
2025-07-19,Megan Thee Stallion,1,2.0
2025-07-19,Morgan Wallen,3,6.0
2025-07-19,Myles Smith,1,2.0
2025-07-19,Noah Kahan,1,2.0
2025-07-19,Post Malone & Blake Shelton,1,2.0
2025-07-19,Post Malone & Morgan Wallen,1,2.0
2025-07-19,Quavo & Lana Del Rey,1,2.0
2025-07-19,Sabrina Carpenter,2,4.0
2025-07-19,Shaboozey,1,2.0
2025-07-19,Taylor Swift,3,6.0
2025-07-19,Teddy Swims,1,2.0
2025-07-19,The Kid LAROI,1,2.0
2025-07-19,Tommy Richman,2,4.0
2025-07-19,"Tyler, The Creator",1,2.0
2025-07-19,Zach Bryan,5,10.0
2025-07-20,Benson Boone,2,4.0
2025-07-20,Billie Eilish,2,4.0
2025-07-20,Chappell Roan,5,10.0
2025-07-20,Charli xcx,1,2.0
2025-07-20,Dasha,1,2.0
2025-07-20,Ella Langley & Riley Green,1,2.0
2025-07-20,Eminem,5,10.0
2025-07-20,FloyyMenor & Cris Mj,1,2.0
2025-07-20,Future & Metro Boomin,1,2.0
2025-07-20,Hozier,1,2.0
2025-07-20,Ice Spice & Central Cee,1,2.0
2025-07-20,KAROL G,1,2.0
2025-07-20,Kendrick Lamar,1,2.0
2025-07-20,Megan Thee Stallion,1,2.0
2025-07-20,Michael Marcagi,1,2.0
2025-07-20,Morgan Wallen,3,6.0
2025-07-20,Myles Smith,1,2.0
2025-07-20,Noah Kahan,1,2.0
2025-07-20,Post Malone & Blake Shelton,1,2.0
2025-07-20,Post Malone & Morgan Wallen,1,2.0
2025-07-20,Quavo & Lana Del Rey,1,2.0
2025-07-20,Sabrina Carpenter,2,4.0
2025-07-20,Shaboozey,1,2.0
2025-07-20,Taylor Swift,3,6.0
2025-07-20,Teddy Swims,1,2.0
2025-07-20,The Kid LAROI,1,2.0
2025-07-20,Tommy Richman,2,4.0
2025-07-20,"Tyler, The Creator",1,2.0
2025-07-20,Zach Bryan,6,12.0
2025-07-21,Benson Boone,2,4.0
2025-07-21,Billie Eilish,2,4.0
2025-07-21,Chappell Roan,5,10.0
2025-07-21,Charli xcx,1,2.0
2025-07-21,Childish Gambino,1,2.0
2025-07-21,Dasha,1,2.0
2025-07-21,Eminem,4,8.0
2025-07-21,FloyyMenor & Cris Mj,1,2.0
2025-07-21,Future & Metro Boomin,1,2.0
2025-07-21,Hozier,1,2.0
2025-07-21,Ice Spice & Central Cee,1,2.0
2025-07-21,Jimin,1,2.0
2025-07-21,Kendrick Lamar,1,2.0
2025-07-21,Luke Combs,1,2.0
2025-07-21,Megan Thee Stallion,1,2.0
2025-07-21,Michael Marcagi,1,2.0
2025-07-21,Morgan Wallen,4,8.0
2025-07-21,Myles Smith,1,2.0
2025-07-21,Noah Kahan,1,2.0
2025-07-21,Post Malone & Morgan Wallen,1,2.0
2025-07-21,Quavo & Lana Del Rey,1,2.0
2025-07-21,Sabrina Carpenter,2,4.0
2025-07-21,Shaboozey,1,2.0
2025-07-21,Taylor Swift,3,6.0
2025-07-21,Teddy Swims,1,2.0
2025-07-21,The Kid LAROI,1,2.0
2025-07-21,Tommy Richman,2,4.0
2025-07-21,"Tyler, The Creator",1,2.0
2025-07-21,Zach Bryan,6,12.0
2025-07-22,Benson Boone,2,4.0
2025-07-22,Billie Eilish,2,4.0
2025-07-22,Chappell Roan,5,10.0
2025-07-22,Charli xcx,1,2.0
2025-07-22,Dasha,1,2.0
2025-07-22,Eminem,2,4.0
2025-07-22,FloyyMenor & Cris Mj,1,2.0
2025-07-22,Future & Metro Boomin,1,2.0
2025-07-22,Hozier,1,2.0
2025-07-22,Ice Spice & Central Cee,1,2.0
2025-07-22,Jimin,1,2.0
2025-07-22,Kendrick Lamar,1,2.0
2025-07-22,Luke Combs,3,6.0
2025-07-22,Megan Thee Stallion,1,2.0
2025-07-22,Michael Marcagi,1,2.0
2025-07-22,Morgan Wallen,5,10.0
2025-07-22,Myles Smith,1,2.0
2025-07-22,Noah Kahan,1,2.0
2025-07-22,Post Malone & Morgan Wallen,1,2.0
2025-07-22,Quavo & Lana Del Rey,1,2.0
2025-07-22,Sabrina Carpenter,2,4.0
2025-07-22,Shaboozey,1,2.0
2025-07-22,Taylor Swift,3,6.0
2025-07-22,Teddy Swims,1,2.0
2025-07-22,The Kid LAROI,1,2.0
2025-07-22,Tommy Richman,2,4.0
2025-07-22,"Tyler, The Creator",1,2.0
2025-07-22,Zach Bryan,6,12.0
2025-07-23,Benson Boone,2,4.0
2025-07-23,Billie Eilish,2,4.0
2025-07-23,Chappell Roan,5,10.0
2025-07-23,Charli xcx,1,2.0
2025-07-23,Dasha,1,2.0
2025-07-23,Djo,1,2.0
2025-07-23,Eminem,1,2.0
2025-07-23,FloyyMenor & Cris Mj,1,2.0
2025-07-23,Future & Metro Boomin,1,2.0
2025-07-23,Hozier,1,2.0
2025-07-23,Ice Spice & Central Cee,1,2.0
2025-07-23,Jimin,1,2.0
2025-07-23,Kendrick Lamar,1,2.0
2025-07-23,Koe Wetzel,1,2.0
2025-07-23,Luke Combs,2,4.0
2025-07-23,Megan Thee Stallion,1,2.0
2025-07-23,Michael Marcagi,1,2.0
2025-07-23,Morgan Wallen,5,10.0
2025-07-23,Myles Smith,1,2.0
2025-07-23,Noah Kahan,1,2.0
2025-07-23,Post Malone & Morgan Wallen,1,2.0
2025-07-23,Quavo & Lana Del Rey,1,2.0
2025-07-23,Sabrina Carpenter,2,4.0
2025-07-23,Shaboozey,1,2.0
2025-07-23,Taylor Swift,3,6.0
2025-07-23,Teddy Swims,1,2.0
2025-07-23,The Kid LAROI,1,2.0
2025-07-23,Tommy Richman,2,4.0
2025-07-23,"Tyler, The Creator",1,2.0
2025-07-23,Zach Bryan,6,12.0
2025-07-24,Benson Boone,2,4.0
2025-07-24,Billie Eilish,2,4.0
2025-07-24,Chappell Roan,5,10.0
2025-07-24,Charli xcx,1,2.0
2025-07-24,Dasha,1,2.0
2025-07-24,Djo,1,2.0
2025-07-24,Dominic Fike,1,2.0
2025-07-24,Eminem,2,4.0
2025-07-24,FloyyMenor & Cris Mj,1,2.0
2025-07-24,Future & Metro Boomin,1,2.0
2025-07-24,Hozier,1,2.0
2025-07-24,Ice Spice & Central Cee,1,2.0
2025-07-24,Jimin,1,2.0
2025-07-24,Kendrick Lamar,1,2.0
2025-07-24,Luke Combs,2,4.0
2025-07-24,Megan Thee Stallion,1,2.0
2025-07-24,Michael Marcagi,1,2.0
2025-07-24,Morgan Wallen,4,8.0
2025-07-24,Myles Smith,1,2.0
2025-07-24,Noah Kahan,1,2.0
2025-07-24,Post Malone & Morgan Wallen,1,2.0
2025-07-24,Quavo & Lana Del Rey,1,2.0
2025-07-24,Sabrina Carpenter,2,4.0
2025-07-24,Shaboozey,1,2.0
2025-07-24,Taylor Swift,3,6.0
2025-07-24,Teddy Swims,1,2.0
2025-07-24,The Kid LAROI,1,2.0
2025-07-24,Tommy Richman,2,4.0
2025-07-24,"Tyler, The Creator",1,2.0
2025-07-24,Zach Bryan,6,12.0
2025-07-25,Benson Boone,2,4.0
2025-07-25,Billie Eilish,3,6.0
2025-07-25,Chappell Roan,5,10.0
2025-07-25,Charli xcx,2,4.0
2025-07-25,Childish Gambino,1,2.0
2025-07-25,Dasha,1,2.0
2025-07-25,Djo,1,2.0
2025-07-25,Eminem,1,2.0
2025-07-25,FloyyMenor & Cris Mj,1,2.0
2025-07-25,Future & Metro Boomin,1,2.0
2025-07-25,Hozier,1,2.0
2025-07-25,Ice Spice & Central Cee,1,2.0
2025-07-25,Jimin,1,2.0
2025-07-25,Kendrick Lamar,1,2.0
2025-07-25,Koe Wetzel,1,2.0
2025-07-25,Luke Combs,1,2.0
2025-07-25,Megan Thee Stallion,1,2.0
2025-07-25,Michael Marcagi,1,2.0
2025-07-25,Morgan Wallen,4,8.0
2025-07-25,Myles Smith,1,2.0
2025-07-25,Noah Kahan,1,2.0
2025-07-25,Post Malone & Morgan Wallen,1,2.0
2025-07-25,Quavo & Lana Del Rey,1,2.0
2025-07-25,Sabrina Carpenter,2,4.0
2025-07-25,Shaboozey,1,2.0
2025-07-25,Taylor Swift,3,6.0
2025-07-25,Teddy Swims,1,2.0
2025-07-25,The Kid LAROI,1,2.0
2025-07-25,Tommy Richman,2,4.0
2025-07-25,"Tyler, The Creator",1,2.0
2025-07-25,Zach Bryan,5,10.0
2025-07-26,Ariana Grande,1,2.0
2025-07-26,Benson Boone,2,4.0
2025-07-26,Billie Eilish,2,4.0
2025-07-26,Chappell Roan,5,10.0
2025-07-26,Charli xcx,2,4.0
2025-07-26,Childish Gambino,1,2.0
2025-07-26,Dasha,1,2.0
2025-07-26,Eminem,1,2.0
2025-07-26,FloyyMenor & Cris Mj,1,2.0
2025-07-26,Future & Metro Boomin,1,2.0
2025-07-26,Hozier,1,2.0
2025-07-26,Ice Spice & Central Cee,1,2.0
2025-07-26,Jimin,1,2.0
2025-07-26,KAROL G,1,2.0
2025-07-26,Kendrick Lamar,1,2.0
2025-07-26,Koe Wetzel,1,2.0
2025-07-26,Luke Combs,1,2.0
2025-07-26,Megan Thee Stallion,1,2.0
2025-07-26,Michael Marcagi,1,2.0
2025-07-26,Morgan Wallen,4,8.0
2025-07-26,Myles Smith,1,2.0
2025-07-26,Noah Kahan,1,2.0
2025-07-26,Post Malone & Morgan Wallen,1,2.0
2025-07-26,Sabrina Carpenter,2,4.0
2025-07-26,Shaboozey,1,2.0
2025-07-26,Taylor Swift,3,6.0
2025-07-26,Teddy Swims,1,2.0
2025-07-26,The Kid LAROI,1,2.0
2025-07-26,Tommy Richman,2,4.0
2025-07-26,"Tyler, The Creator",1,2.0
2025-07-26,Zach Bryan,6,12.0
2025-07-27,Benson Boone,2,4.0
2025-07-27,Billie Eilish,2,4.0
2025-07-27,Chappell Roan,5,10.0
2025-07-27,Charli xcx,2,4.0
2025-07-27,Childish Gambino,1,2.0
2025-07-27,Dasha,1,2.0
2025-07-27,Eminem,1,2.0
2025-07-27,FloyyMenor & Cris Mj,1,2.0
2025-07-27,Future & Metro Boomin,1,2.0
2025-07-27,Hozier,1,2.0
2025-07-27,Ice Spice & Central Cee,1,2.0
2025-07-27,Jimin,1,2.0
2025-07-27,KAROL G,1,2.0
2025-07-27,Kendrick Lamar,1,2.0
2025-07-27,Luke Combs,2,4.0
2025-07-27,Megan Thee Stallion,1,2.0
2025-07-27,Michael Marcagi,1,2.0
2025-07-27,Morgan Wallen,4,8.0
2025-07-27,Myles Smith,1,2.0
2025-07-27,Noah Kahan,1,2.0
2025-07-27,Post Malone & Luke Combs,1,2.0
2025-07-27,Post Malone & Morgan Wallen,1,2.0
2025-07-27,Sabrina Carpenter,2,4.0
2025-07-27,Shaboozey,1,2.0
2025-07-27,Taylor Swift,2,4.0
2025-07-27,Teddy Swims,1,2.0
2025-07-27,The Kid LAROI,1,2.0
2025-07-27,Tommy Richman,2,4.0
2025-07-27,"Tyler, The Creator",1,2.0
2025-07-27,Zach Bryan,6,12.0
2025-07-27,mgk & Jelly Roll,1,2.0
2025-07-28,Benson Boone,2,4.0
2025-07-28,Billie Eilish,2,4.0
2025-07-28,Chappell Roan,5,10.0
2025-07-28,Charli xcx,2,4.0
2025-07-28,Childish Gambino,1,2.0
2025-07-28,Dasha,1,2.0
2025-07-28,Eminem,1,2.0
2025-07-28,FloyyMenor & Cris Mj,1,2.0
2025-07-28,Future & Metro Boomin,1,2.0
2025-07-28,Hozier,1,2.0
2025-07-28,Ice Spice & Central Cee,1,2.0
2025-07-28,Jimin,1,2.0
2025-07-28,KAROL G,1,2.0
2025-07-28,Kendrick Lamar,1,2.0
2025-07-28,Luke Combs,2,4.0
2025-07-28,Megan Thee Stallion,1,2.0
2025-07-28,Michael Marcagi,1,2.0
2025-07-28,Morgan Wallen,4,8.0
2025-07-28,Myles Smith,1,2.0
2025-07-28,Noah Kahan,1,2.0
2025-07-28,Post Malone & Luke Combs,1,2.0
2025-07-28,Post Malone & Morgan Wallen,1,2.0
2025-07-28,Sabrina Carpenter,2,4.0
2025-07-28,Shaboozey,1,2.0
2025-07-28,Taylor Swift,2,4.0
2025-07-28,Teddy Swims,1,2.0
2025-07-28,The Kid LAROI,1,2.0
2025-07-28,Tommy Richman,2,4.0
2025-07-28,"Tyler, The Creator",1,2.0
2025-07-28,Zach Bryan,6,12.0
2025-07-28,mgk & Jelly Roll,1,2.0
2025-07-29,Benson Boone,2,4.0
2025-07-29,Billie Eilish,2,4.0
2025-07-29,Chappell Roan,5,10.0
2025-07-29,Charli xcx,2,4.0
2025-07-29,Dasha,1,2.0
2025-07-29,Djo,1,2.0
2025-07-29,Eminem,1,2.0
2025-07-29,FloyyMenor & Cris Mj,1,2.0
2025-07-29,Future & Metro Boomin,1,2.0
2025-07-29,Hozier,1,2.0
2025-07-29,Ice Spice & Central Cee,1,2.0
2025-07-29,Jimin,1,2.0
2025-07-29,KAROL G,1,2.0
2025-07-29,Kendrick Lamar,1,2.0
2025-07-29,Luke Combs,3,6.0
2025-07-29,Megan Thee Stallion,1,2.0
2025-07-29,Michael Marcagi,1,2.0
2025-07-29,Morgan Wallen,5,10.0
2025-07-29,Myles Smith,1,2.0
2025-07-29,Noah Kahan,1,2.0
2025-07-29,Post Malone & Luke Combs,1,2.0
2025-07-29,Post Malone & Morgan Wallen,1,2.0
2025-07-29,Sabrina Carpenter,2,4.0
2025-07-29,Shaboozey,1,2.0
2025-07-29,Taylor Swift,1,2.0
2025-07-29,Teddy Swims,1,2.0
2025-07-29,The Kid LAROI,1,2.0
2025-07-29,Tommy Richman,2,4.0
2025-07-29,"Tyler, The Creator",1,2.0
2025-07-29,Zach Bryan,6,12.0
2025-07-30,Benson Boone,2,4.0
2025-07-30,Billie Eilish,2,4.0
2025-07-30,Chappell Roan,5,10.0
2025-07-30,Charli xcx,2,4.0
2025-07-30,Dasha,1,2.0
2025-07-30,Djo,1,2.0
2025-07-30,Eminem,1,2.0
2025-07-30,FloyyMenor & Cris Mj,1,2.0
2025-07-30,Future & Metro Boomin,1,2.0
2025-07-30,Hozier,1,2.0
2025-07-30,Ice Spice & Central Cee,1,2.0
2025-07-30,Jimin,1,2.0
2025-07-30,KAROL G,1,2.0
2025-07-30,Kendrick Lamar,1,2.0
2025-07-30,Luke Combs,3,6.0
2025-07-30,Megan Thee Stallion,1,2.0
2025-07-30,Michael Marcagi,1,2.0
2025-07-30,Morgan Wallen,5,10.0
2025-07-30,Myles Smith,1,2.0
2025-07-30,Noah Kahan,1,2.0
2025-07-30,Post Malone & Luke Combs,1,2.0
2025-07-30,Post Malone & Morgan Wallen,1,2.0
2025-07-30,Sabrina Carpenter,2,4.0
2025-07-30,Shaboozey,1,2.0
2025-07-30,Taylor Swift,1,2.0
2025-07-30,Teddy Swims,1,2.0
2025-07-30,The Kid LAROI,1,2.0
2025-07-30,Tommy Richman,2,4.0
2025-07-30,"Tyler, The Creator",1,2.0
2025-07-30,Zach Bryan,6,12.0
2025-07-31,*NSYNC,1,2.0
2025-07-31,Benson Boone,2,4.0
2025-07-31,Billie Eilish,2,4.0
2025-07-31,Chappell Roan,5,10.0
2025-07-31,Charli xcx,2,4.0
2025-07-31,Dasha,1,2.0
2025-07-31,Djo,1,2.0
2025-07-31,Dominic Fike,1,2.0
2025-07-31,Eminem,1,2.0
2025-07-31,Future & Metro Boomin,1,2.0
2025-07-31,Hanumankind & Kalmi,1,2.0
2025-07-31,Hozier,1,2.0
2025-07-31,Ice Spice & Central Cee,1,2.0
2025-07-31,Jimin,1,2.0
2025-07-31,Kendrick Lamar,1,2.0
2025-07-31,Luke Combs,2,4.0
2025-07-31,Megan Thee Stallion,1,2.0
2025-07-31,Michael Marcagi,1,2.0
2025-07-31,Morgan Wallen,4,8.0
2025-07-31,Myles Smith,1,2.0
2025-07-31,Noah Kahan,1,2.0
2025-07-31,Post Malone & Luke Combs,1,2.0
2025-07-31,Post Malone & Morgan Wallen,1,2.0
2025-07-31,Richy Mitch & The Coal Miners,1,2.0
2025-07-31,Sabrina Carpenter,2,4.0
2025-07-31,Shaboozey,1,2.0
2025-07-31,Taylor Swift,1,2.0
2025-07-31,Teddy Swims,1,2.0
2025-07-31,The Kid LAROI,1,2.0
2025-07-31,Tommy Richman,2,4.0
2025-07-31,"Tyler, The Creator",1,2.0
2025-07-31,Zach Bryan,6,12.0
2025-08-01,*NSYNC,1,2.0
2025-08-01,Benson Boone,2,4.0
2025-08-01,Billie Eilish,3,6.0
2025-08-01,Chappell Roan,5,10.0
2025-08-01,Charli xcx,2,4.0
2025-08-01,Dasha,1,2.0
2025-08-01,Djo,1,2.0
2025-08-01,Eminem,1,2.0
2025-08-01,Future & Metro Boomin,1,2.0
2025-08-01,Hanumankind & Kalmi,1,2.0
2025-08-01,Hozier,1,2.0
2025-08-01,Ice Spice & Central Cee,1,2.0
2025-08-01,Jimin,1,2.0
2025-08-01,Kendrick Lamar,1,2.0
2025-08-01,Luke Combs,2,4.0
2025-08-01,Megan Thee Stallion,1,2.0
2025-08-01,Michael Marcagi,1,2.0
2025-08-01,Morgan Wallen,4,8.0
2025-08-01,Myles Smith,1,2.0
2025-08-01,Noah Kahan,1,2.0
2025-08-01,Post Malone & Luke Combs,1,2.0
2025-08-01,Post Malone & Morgan Wallen,1,2.0
2025-08-01,Richy Mitch & The Coal Miners,1,2.0
2025-08-01,Sabrina Carpenter,2,4.0
2025-08-01,Shaboozey,1,2.0
2025-08-01,Taylor Swift,1,2.0
2025-08-01,Teddy Swims,1,2.0
2025-08-01,The Kid LAROI,1,2.0
2025-08-01,Tommy Richman,2,4.0
2025-08-01,"Tyler, The Creator",1,2.0
2025-08-01,Zach Bryan,6,12.0
2025-08-02,*NSYNC,1,2.0
2025-08-02,Benson Boone,2,4.0
2025-08-02,Billie Eilish,3,6.0
2025-08-02,Chappell Roan,5,10.0
2025-08-02,Charli xcx,2,4.0
2025-08-02,Dasha,1,2.0
2025-08-02,Djo,1,2.0
2025-08-02,Eminem,1,2.0
2025-08-02,Future & Metro Boomin,1,2.0
2025-08-02,Hanumankind & Kalmi,1,2.0
2025-08-02,Hozier,1,2.0
2025-08-02,Ice Spice & Central Cee,1,2.0
2025-08-02,Jimin,1,2.0
2025-08-02,Kendrick Lamar,1,2.0
2025-08-02,Luke Combs,2,4.0
2025-08-02,Megan Thee Stallion,1,2.0
2025-08-02,Michael Marcagi,1,2.0
2025-08-02,Morgan Wallen,4,8.0
2025-08-02,Myles Smith,1,2.0
2025-08-02,Noah Kahan,1,2.0
2025-08-02,Post Malone & Luke Combs,1,2.0
2025-08-02,Post Malone & Morgan Wallen,1,2.0
2025-08-02,Richy Mitch & The Coal Miners,1,2.0
2025-08-02,Sabrina Carpenter,2,4.0
2025-08-02,Shaboozey,1,2.0
2025-08-02,Taylor Swift,1,2.0
2025-08-02,Teddy Swims,1,2.0
2025-08-02,The Kid LAROI,1,2.0
2025-08-02,Tommy Richman,2,4.0
2025-08-02,"Tyler, The Creator",1,2.0
2025-08-02,Zach Bryan,6,12.0
2025-08-03,*NSYNC,1,2.0
2025-08-03,Benson Boone,2,4.0
2025-08-03,Billie Eilish,3,6.0
2025-08-03,Chappell Roan,5,10.0
2025-08-03,Charli xcx,2,4.0
2025-08-03,Dasha,1,2.0
2025-08-03,Eminem,1,2.0
2025-08-03,Future & Metro Boomin,1,2.0
2025-08-03,Hanumankind & Kalmi,1,2.0
2025-08-03,Hozier,1,2.0
2025-08-03,Ice Spice & Central Cee,1,2.0
2025-08-03,Jimin,1,2.0
2025-08-03,KAROL G,1,2.0
2025-08-03,Kendrick Lamar,1,2.0
2025-08-03,Luke Combs,1,2.0
2025-08-03,Megan Thee Stallion,1,2.0
2025-08-03,Michael Marcagi,1,2.0
2025-08-03,Morgan Wallen,4,8.0
2025-08-03,Myles Smith,1,2.0
2025-08-03,Noah Kahan,1,2.0
2025-08-03,Post Malone & Luke Combs,1,2.0
2025-08-03,Post Malone & Morgan Wallen,1,2.0
2025-08-03,Richy Mitch & The Coal Miners,1,2.0
2025-08-03,Sabrina Carpenter,2,4.0
2025-08-03,Shaboozey,1,2.0
2025-08-03,Taylor Swift,2,4.0
2025-08-03,Teddy Swims,1,2.0
2025-08-03,The Kid LAROI,1,2.0
2025-08-03,Tommy Richman,2,4.0
2025-08-03,"Tyler, The Creator",1,2.0
2025-08-03,Zach Bryan,6,12.0
2025-08-04,*NSYNC,1,2.0
2025-08-04,Benson Boone,2,4.0
2025-08-04,Billie Eilish,2,4.0
2025-08-04,Chappell Roan,6,12.0
2025-08-04,Charli xcx,2,4.0
2025-08-04,Charli xcx & Billie Eilish,1,2.0
2025-08-04,Dasha,1,2.0
2025-08-04,Future & Metro Boomin,1,2.0
2025-08-04,Hanumankind & Kalmi,1,2.0
2025-08-04,Hozier,1,2.0
2025-08-04,Jimin,1,2.0
2025-08-04,KAROL G,1,2.0
2025-08-04,Kendrick Lamar,1,2.0
2025-08-04,Luke Combs,1,2.0
2025-08-04,Megan Thee Stallion,1,2.0
2025-08-04,Michael Marcagi,1,2.0
2025-08-04,Morgan Wallen,5,10.0
2025-08-04,Myles Smith,1,2.0
2025-08-04,Noah Kahan,1,2.0
2025-08-04,Post Malone & Luke Combs,1,2.0
2025-08-04,Post Malone & Morgan Wallen,1,2.0
2025-08-04,Sabrina Carpenter,2,4.0
2025-08-04,Shaboozey,1,2.0
2025-08-04,Teddy Swims,1,2.0
2025-08-04,The Kid LAROI,1,2.0
2025-08-04,Tommy Richman,1,2.0
2025-08-04,"Tyler, The Creator",1,2.0
2025-08-04,Zach Bryan,6,12.0
2025-08-04,¥$ & Kanye West & Ty Dolla $ign,4,8.0
2025-08-05,*NSYNC,1,2.0
2025-08-05,Benson Boone,2,4.0
2025-08-05,Billie Eilish,3,6.0
2025-08-05,Chappell Roan,6,12.0
2025-08-05,Charli xcx,2,4.0
2025-08-05,Charli xcx & Billie Eilish,1,2.0
2025-08-05,Dasha,1,2.0
2025-08-05,Future & Metro Boomin,1,2.0
2025-08-05,Hanumankind & Kalmi,1,2.0
2025-08-05,Hozier,1,2.0
2025-08-05,Jimin,1,2.0
2025-08-05,Kendrick Lamar,1,2.0
2025-08-05,Luke Combs,1,2.0
2025-08-05,Megan Thee Stallion,1,2.0
2025-08-05,Michael Marcagi,1,2.0
2025-08-05,Morgan Wallen,5,10.0
2025-08-05,Myles Smith,1,2.0
2025-08-05,Noah Kahan,1,2.0
2025-08-05,Post Malone & Luke Combs,1,2.0
2025-08-05,Post Malone & Morgan Wallen,1,2.0
2025-08-05,Richy Mitch & The Coal Miners,1,2.0
2025-08-05,Sabrina Carpenter,2,4.0
2025-08-05,Shaboozey,1,2.0
2025-08-05,Teddy Swims,1,2.0
2025-08-05,The Kid LAROI,1,2.0
2025-08-05,Tommy Richman,1,2.0
2025-08-05,"Tyler, The Creator",1,2.0
2025-08-05,Zach Bryan,6,12.0
2025-08-05,¥$ & Kanye West & Ty Dolla $ign,3,6.0
2025-08-06,*NSYNC,1,2.0
2025-08-06,Benson Boone,2,4.0
2025-08-06,Billie Eilish,3,6.0
2025-08-06,Chappell Roan,6,12.0
2025-08-06,Charli xcx,2,4.0
2025-08-06,Charli xcx & Billie Eilish,1,2.0
2025-08-06,Dasha,1,2.0
2025-08-06,Future & Metro Boomin,1,2.0
2025-08-06,Hanumankind & Kalmi,1,2.0
2025-08-06,Hozier,1,2.0
2025-08-06,Jimin,1,2.0
2025-08-06,Kendrick Lamar,1,2.0
2025-08-06,Luke Combs,1,2.0
2025-08-06,Megan Thee Stallion,1,2.0
2025-08-06,Michael Marcagi,1,2.0
2025-08-06,Morgan Wallen,5,10.0
2025-08-06,Myles Smith,1,2.0
2025-08-06,Noah Kahan,1,2.0
2025-08-06,Post Malone & Luke Combs,1,2.0
2025-08-06,Post Malone & Morgan Wallen,1,2.0
2025-08-06,Richy Mitch & The Coal Miners,1,2.0
2025-08-06,Sabrina Carpenter,2,4.0
2025-08-06,Shaboozey,1,2.0
2025-08-06,Teddy Swims,1,2.0
2025-08-06,The Kid LAROI,1,2.0
2025-08-06,Tommy Richman,1,2.0
2025-08-06,"Tyler, The Creator",1,2.0
2025-08-06,Zach Bryan,6,12.0
2025-08-06,¥$ & Kanye West & Ty Dolla $ign,3,6.0
2025-08-07,*NSYNC,1,2.0
2025-08-07,Benson Boone,2,4.0
2025-08-07,Billie Eilish,3,6.0
2025-08-07,Chappell Roan,6,12.0
2025-08-07,Charli xcx,2,4.0
2025-08-07,Charli xcx & Billie Eilish,1,2.0
2025-08-07,Dasha,1,2.0
2025-08-07,Djo,1,2.0
2025-08-07,Future & Metro Boomin,1,2.0
2025-08-07,Hanumankind & Kalmi,1,2.0
2025-08-07,Hozier,1,2.0
2025-08-07,Jimin,1,2.0
2025-08-07,Kendrick Lamar,1,2.0
2025-08-07,Luke Combs,1,2.0
2025-08-07,Megan Thee Stallion,1,2.0
2025-08-07,Michael Marcagi,1,2.0
2025-08-07,Morgan Wallen,5,10.0
2025-08-07,Myles Smith,1,2.0
2025-08-07,Noah Kahan,1,2.0
2025-08-07,Post Malone & Luke Combs,1,2.0
2025-08-07,Post Malone & Morgan Wallen,1,2.0
2025-08-07,Richy Mitch & The Coal Miners,1,2.0
2025-08-07,Sabrina Carpenter,2,4.0
2025-08-07,Shaboozey,1,2.0
2025-08-07,Teddy Swims,1,2.0
2025-08-07,The Kid LAROI,1,2.0
2025-08-07,The Neighbourhood,1,2.0
2025-08-07,Tommy Richman,1,2.0
2025-08-07,"Tyler, The Creator",1,2.0
2025-08-07,Zach Bryan,6,12.0
2025-08-07,¥$ & Kanye West & Ty Dolla $ign,1,2.0
2025-08-08,*NSYNC,1,2.0
2025-08-08,Benson Boone,2,4.0
2025-08-08,Billie Eilish,3,6.0
2025-08-08,Chappell Roan,6,12.0
2025-08-08,Charli xcx,2,4.0
2025-08-08,Charli xcx & Billie Eilish,1,2.0
2025-08-08,Dasha,1,2.0
2025-08-08,Djo,1,2.0
2025-08-08,Future & Metro Boomin,1,2.0
2025-08-08,Gracie Abrams,1,2.0
2025-08-08,Hanumankind & Kalmi,1,2.0
2025-08-08,Hozier,1,2.0
2025-08-08,Jimin,1,2.0
2025-08-08,KAROL G,1,2.0
2025-08-08,Kendrick Lamar,1,2.0
2025-08-08,Luke Combs,1,2.0
2025-08-08,Megan Thee Stallion,1,2.0
2025-08-08,Michael Marcagi,1,2.0
2025-08-08,Morgan Wallen,4,8.0
2025-08-08,Myles Smith,1,2.0
2025-08-08,Noah Kahan,1,2.0
2025-08-08,Post Malone & Luke Combs,1,2.0
2025-08-08,Post Malone & Morgan Wallen,1,2.0
2025-08-08,Richy Mitch & The Coal Miners,1,2.0
2025-08-08,Sabrina Carpenter,2,4.0
2025-08-08,Shaboozey,1,2.0
2025-08-08,Teddy Swims,1,2.0
2025-08-08,The Kid LAROI,1,2.0
2025-08-08,Tommy Richman,1,2.0
2025-08-08,"Tyler, The Creator",1,2.0
2025-08-08,Zach Bryan,6,12.0
2025-08-08,¥$ & Kanye West & Ty Dolla $ign,1,2.0
2025-08-09,*NSYNC,1,2.0
2025-08-09,Benson Boone,2,4.0
2025-08-09,Billie Eilish,3,6.0
2025-08-09,Chappell Roan,6,12.0
2025-08-09,Charli xcx,2,4.0
2025-08-09,Charli xcx & Billie Eilish,1,2.0
2025-08-09,Dasha,1,2.0
2025-08-09,Future & Metro Boomin,1,2.0
2025-08-09,Gracie Abrams,1,2.0
2025-08-09,Gunna,1,2.0
2025-08-09,Hanumankind & Kalmi,1,2.0
2025-08-09,Hozier,1,2.0
2025-08-09,Jimin,1,2.0
2025-08-09,Jordan Adetunji,1,2.0
2025-08-09,KAROL G,1,2.0
2025-08-09,Kendrick Lamar,1,2.0
2025-08-09,Luke Combs,1,2.0
2025-08-09,Megan Thee Stallion,1,2.0
2025-08-09,Michael Marcagi,1,2.0
2025-08-09,Morgan Wallen,3,6.0
2025-08-09,Myles Smith,1,2.0
2025-08-09,Noah Kahan,1,2.0
2025-08-09,Post Malone & Luke Combs,1,2.0
2025-08-09,Post Malone & Morgan Wallen,1,2.0
2025-08-09,Richy Mitch & The Coal Miners,1,2.0
2025-08-09,Sabrina Carpenter,2,4.0
2025-08-09,Shaboozey,1,2.0
2025-08-09,Teddy Swims,1,2.0
2025-08-09,The Kid LAROI,1,2.0
2025-08-09,Tommy Richman,1,2.0
2025-08-09,"Tyler, The Creator",1,2.0
2025-08-09,Zach Bryan,6,12.0
2025-08-09,¥$ & Kanye West & Ty Dolla $ign,1,2.0
2025-08-10,*NSYNC,1,2.0
2025-08-10,Benson Boone,2,4.0
2025-08-10,Billie Eilish,3,6.0
2025-08-10,Chappell Roan,6,12.0
2025-08-10,Charli xcx,2,4.0
2025-08-10,Charli xcx & Billie Eilish,1,2.0
2025-08-10,Dasha,1,2.0
2025-08-10,Future & Metro Boomin,1,2.0
2025-08-10,Gracie Abrams,1,2.0
2025-08-10,Hanumankind & Kalmi,1,2.0
2025-08-10,Hozier,1,2.0
2025-08-10,Jimin,1,2.0
2025-08-10,Jordan Adetunji,1,2.0
2025-08-10,KAROL G,1,2.0
2025-08-10,Kendrick Lamar,1,2.0
2025-08-10,Luke Combs,1,2.0
2025-08-10,Megan Thee Stallion,1,2.0
2025-08-10,Michael Marcagi,1,2.0
2025-08-10,Morgan Wallen,4,8.0
2025-08-10,Myles Smith,1,2.0
2025-08-10,Noah Kahan,1,2.0
2025-08-10,Post Malone & Luke Combs,1,2.0
2025-08-10,Post Malone & Morgan Wallen,1,2.0
2025-08-10,Richy Mitch & The Coal Miners,1,2.0
2025-08-10,Sabrina Carpenter,2,4.0
2025-08-10,Shaboozey,1,2.0
2025-08-10,Teddy Swims,1,2.0
2025-08-10,The Kid LAROI,1,2.0
2025-08-10,Tommy Richman,1,2.0
2025-08-10,"Tyler, The Creator",1,2.0
2025-08-10,Zach Bryan,6,12.0
2025-08-10,¥$ & Kanye West & Ty Dolla $ign,1,2.0
2025-08-11,*NSYNC,1,2.0
2025-08-11,Benson Boone,2,4.0
2025-08-11,Billie Eilish,3,6.0
2025-08-11,Chappell Roan,6,12.0
2025-08-11,Charli xcx,2,4.0
2025-08-11,Charli xcx & Billie Eilish,1,2.0
2025-08-11,Dasha,1,2.0
2025-08-11,Drake,1,2.0
2025-08-11,Future & Metro Boomin,1,2.0
2025-08-11,Gracie Abrams,1,2.0
2025-08-11,Hanumankind & Kalmi,1,2.0
2025-08-11,Hozier,1,2.0
2025-08-11,Jimin,1,2.0
2025-08-11,Jordan Adetunji,1,2.0
2025-08-11,KAROL G,1,2.0
2025-08-11,Kendrick Lamar,1,2.0
2025-08-11,Luke Combs,1,2.0
2025-08-11,Megan Thee Stallion,1,2.0
2025-08-11,Michael Marcagi,1,2.0
2025-08-11,Morgan Wallen,5,10.0
2025-08-11,Myles Smith,1,2.0
2025-08-11,Noah Kahan,1,2.0
2025-08-11,Post Malone & Luke Combs,1,2.0
2025-08-11,Post Malone & Morgan Wallen,1,2.0
2025-08-11,Sabrina Carpenter,2,4.0
2025-08-11,Shaboozey,1,2.0
2025-08-11,Teddy Swims,1,2.0
2025-08-11,The Kid LAROI,1,2.0
2025-08-11,Tommy Richman,1,2.0
2025-08-11,Zach Bryan,6,12.0
2025-08-11,¥$ & Kanye West & Ty Dolla $ign,1,2.0
2025-08-12,*NSYNC,1,2.0
2025-08-12,Benson Boone,2,4.0
2025-08-12,Billie Eilish,3,6.0
2025-08-12,Chappell Roan,6,12.0
2025-08-12,Charli xcx,2,4.0
2025-08-12,Charli xcx & Billie Eilish,1,2.0
2025-08-12,Dasha,1,2.0
2025-08-12,Drake,1,2.0
2025-08-12,Future & Metro Boomin,1,2.0
2025-08-12,Gracie Abrams,1,2.0
2025-08-12,Hanumankind & Kalmi,1,2.0
2025-08-12,Hozier,1,2.0
2025-08-12,Jimin,1,2.0
2025-08-12,Jordan Adetunji,1,2.0
2025-08-12,KAROL G,1,2.0
2025-08-12,Kendrick Lamar,1,2.0
2025-08-12,Luke Combs,1,2.0
2025-08-12,Megan Thee Stallion,1,2.0
2025-08-12,Michael Marcagi,1,2.0
2025-08-12,Morgan Wallen,5,10.0
2025-08-12,Noah Kahan,1,2.0
2025-08-12,Post Malone & Luke Combs,1,2.0
2025-08-12,Post Malone & Morgan Wallen,1,2.0
2025-08-12,Richy Mitch & The Coal Miners,1,2.0
2025-08-12,Sabrina Carpenter,2,4.0
2025-08-12,Shaboozey,1,2.0
2025-08-12,Teddy Swims,1,2.0
2025-08-12,The Kid LAROI,1,2.0
2025-08-12,Tommy Richman,1,2.0
2025-08-12,"Tyler, The Creator",1,2.0
2025-08-12,Zach Bryan,6,12.0
2025-08-14,*NSYNC,1,2.0
2025-08-14,Benson Boone,2,4.0
2025-08-14,Billie Eilish,3,6.0
2025-08-14,Chappell Roan,6,12.0
2025-08-14,Charli xcx,2,4.0
2025-08-14,Charli xcx & Billie Eilish,1,2.0
2025-08-14,Dasha,1,2.0
2025-08-14,Drake,1,2.0
2025-08-14,Future & Metro Boomin,1,2.0
2025-08-14,Gracie Abrams,1,2.0
2025-08-14,Hanumankind & Kalmi,1,2.0
2025-08-14,Hozier,1,2.0
2025-08-14,Jimin,1,2.0
2025-08-14,Jordan Adetunji,1,2.0
2025-08-14,KAROL G,1,2.0
2025-08-14,Kendrick Lamar,1,2.0
2025-08-14,Luke Combs,1,2.0
2025-08-14,Michael Marcagi,1,2.0
2025-08-14,Morgan Wallen,4,8.0
2025-08-14,Myles Smith,1,2.0
2025-08-14,Noah Kahan,1,2.0
2025-08-14,Post Malone & Luke Combs,1,2.0
2025-08-14,Post Malone & Morgan Wallen,1,2.0
2025-08-14,Richy Mitch & The Coal Miners,1,2.0
2025-08-14,Sabrina Carpenter,2,4.0
2025-08-14,Shaboozey,1,2.0
2025-08-14,Teddy Swims,1,2.0
2025-08-14,The Kid LAROI,1,2.0
2025-08-14,The Neighbourhood,1,2.0
2025-08-14,Tommy Richman,1,2.0
2025-08-14,"Tyler, The Creator",1,2.0
2025-08-14,Zach Bryan,6,12.0
2025-08-15,*NSYNC,1,2.0
2025-08-15,Benson Boone,2,4.0
2025-08-15,Billie Eilish,3,6.0
2025-08-15,Chappell Roan,6,12.0
2025-08-15,Charli xcx,2,4.0
2025-08-15,Charli xcx & Billie Eilish,1,2.0
2025-08-15,Dasha,1,2.0
2025-08-15,Drake,1,2.0
2025-08-15,Future & Metro Boomin,1,2.0
2025-08-15,Gracie Abrams,1,2.0
2025-08-15,Hanumankind & Kalmi,1,2.0
2025-08-15,Hozier,1,2.0
2025-08-15,Jimin,1,2.0
2025-08-15,Jordan Adetunji,1,2.0
2025-08-15,KAROL G,1,2.0
2025-08-15,Kendrick Lamar,1,2.0
2025-08-15,Luke Combs,1,2.0
2025-08-15,Michael Marcagi,1,2.0
2025-08-15,Morgan Wallen,4,8.0
2025-08-15,Myles Smith,1,2.0
2025-08-15,Noah Kahan,1,2.0
2025-08-15,Post Malone & Luke Combs,1,2.0
2025-08-15,Post Malone & Morgan Wallen,1,2.0
2025-08-15,Richy Mitch & The Coal Miners,1,2.0
2025-08-15,Sabrina Carpenter,2,4.0
2025-08-15,Shaboozey,1,2.0
2025-08-15,Teddy Swims,1,2.0
2025-08-15,The Kid LAROI,1,2.0
2025-08-15,The Neighbourhood,1,2.0
2025-08-15,Tommy Richman,1,2.0
2025-08-15,"Tyler, The Creator",1,2.0
2025-08-15,Zach Bryan,6,12.0
2025-08-16,*NSYNC,1,2.0
2025-08-16,Benson Boone,2,4.0
2025-08-16,Billie Eilish,3,6.0
2025-08-16,Chappell Roan,6,12.0
2025-08-16,Charli xcx,2,4.0
2025-08-16,Charli xcx & Billie Eilish,1,2.0
2025-08-16,Dasha,1,2.0
2025-08-16,Drake,1,2.0
2025-08-16,Future & Metro Boomin,1,2.0
2025-08-16,Gracie Abrams,1,2.0
2025-08-16,Hanumankind & Kalmi,1,2.0
2025-08-16,Hozier,1,2.0
2025-08-16,Jimin,1,2.0
2025-08-16,Jordan Adetunji,1,2.0
2025-08-16,KAROL G,1,2.0
2025-08-16,Kendrick Lamar,1,2.0
2025-08-16,Luke Combs,1,2.0
2025-08-16,Michael Marcagi,1,2.0
2025-08-16,Morgan Wallen,4,8.0
2025-08-16,Myles Smith,1,2.0
2025-08-16,Noah Kahan,1,2.0
2025-08-16,Post Malone & Luke Combs,1,2.0
2025-08-16,Post Malone & Morgan Wallen,1,2.0
2025-08-16,Richy Mitch & The Coal Miners,1,2.0
2025-08-16,Sabrina Carpenter,2,4.0
2025-08-16,Shaboozey,1,2.0
2025-08-16,Teddy Swims,1,2.0
2025-08-16,The Kid LAROI,1,2.0
2025-08-16,The Neighbourhood,1,2.0
2025-08-16,Tommy Richman,1,2.0
2025-08-16,"Tyler, The Creator",1,2.0
2025-08-16,Zach Bryan,6,12.0
2025-08-17,Benson Boone,2,4.0
2025-08-17,Billie Eilish,1,2.0
2025-08-17,Chappell Roan,5,10.0
2025-08-17,Charli xcx,1,2.0
2025-08-17,Charli xcx & Billie Eilish,1,2.0
2025-08-17,Dasha,1,2.0
2025-08-17,Hanumankind & Kalmi,1,2.0
2025-08-17,Hozier,1,2.0
2025-08-17,Jimin,1,2.0
2025-08-17,Kendrick Lamar,1,2.0
2025-08-17,Lady Gaga & Bruno Mars,1,2.0
2025-08-17,Luke Combs,1,2.0
2025-08-17,Morgan Wallen,3,6.0
2025-08-17,Noah Kahan,1,2.0
2025-08-17,Post Malone,17,34.0
2025-08-17,Sabrina Carpenter,2,4.0
2025-08-17,Shaboozey,1,2.0
2025-08-17,Teddy Swims,1,2.0
2025-08-17,The Kid LAROI,1,2.0
2025-08-17,Tommy Richman,1,2.0
2025-08-17,Zach Bryan,6,12.0
2025-08-18,Benson Boone,2,4.0
2025-08-18,Billie Eilish,1,2.0
2025-08-18,Chappell Roan,5,10.0
2025-08-18,Charli xcx,2,4.0
2025-08-18,Charli xcx & Billie Eilish,1,2.0
2025-08-18,Dasha,1,2.0
2025-08-18,Hanumankind & Kalmi,1,2.0
2025-08-18,Hozier,1,2.0
2025-08-18,Jimin,1,2.0
2025-08-18,Kendrick Lamar,1,2.0
2025-08-18,Lady Gaga & Bruno Mars,1,2.0
2025-08-18,Luke Combs,1,2.0
2025-08-18,Morgan Wallen,3,6.0
2025-08-18,Noah Kahan,1,2.0
2025-08-18,Post Malone,15,30.0
2025-08-18,Sabrina Carpenter,2,4.0
2025-08-18,Shaboozey,1,2.0
2025-08-18,Teddy Swims,1,2.0
2025-08-18,The Kid LAROI,1,2.0
2025-08-18,Tommy Richman,1,2.0
2025-08-18,"Tyler, The Creator",1,2.0
2025-08-18,Zach Bryan,6,12.0
2025-08-19,Benson Boone,2,4.0
2025-08-19,Billie Eilish,1,2.0
2025-08-19,Chappell Roan,5,10.0
2025-08-19,Charli xcx,2,4.0
2025-08-19,Charli xcx & Billie Eilish,1,2.0
2025-08-19,Dasha,1,2.0
2025-08-19,Hanumankind & Kalmi,1,2.0
2025-08-19,Hozier,1,2.0
2025-08-19,Jimin,1,2.0
2025-08-19,Kendrick Lamar,1,2.0
2025-08-19,Lady Gaga & Bruno Mars,1,2.0
2025-08-19,Luke Combs,1,2.0
2025-08-19,Morgan Wallen,3,6.0
2025-08-19,Noah Kahan,1,2.0
2025-08-19,Post Malone,15,30.0
2025-08-19,Sabrina Carpenter,2,4.0
2025-08-19,Shaboozey,1,2.0
2025-08-19,Teddy Swims,1,2.0
2025-08-19,The Kid LAROI,1,2.0
2025-08-19,Tommy Richman,1,2.0
2025-08-19,"Tyler, The Creator",1,2.0
2025-08-19,Zach Bryan,6,12.0
2025-08-20,Benson Boone,2,4.0
2025-08-20,Billie Eilish,2,4.0
2025-08-20,Chappell Roan,5,10.0
2025-08-20,Charli xcx,2,4.0
2025-08-20,Charli xcx & Billie Eilish,1,2.0
2025-08-20,Dasha,1,2.0
2025-08-20,Future & Metro Boomin,1,2.0
2025-08-20,Gracie Abrams,1,2.0
2025-08-20,Hanumankind & Kalmi,1,2.0
2025-08-20,Hozier,1,2.0
2025-08-20,Jimin,1,2.0
2025-08-20,Kendrick Lamar,1,2.0
2025-08-20,Lady Gaga & Bruno Mars,1,2.0
2025-08-20,Luke Combs,1,2.0
2025-08-20,Morgan Wallen,3,6.0
2025-08-20,Noah Kahan,1,2.0
2025-08-20,Post Malone,10,20.0
2025-08-20,Richy Mitch & The Coal Miners,1,2.0
2025-08-20,Sabrina Carpenter,2,4.0
2025-08-20,Shaboozey,1,2.0
2025-08-20,Teddy Swims,1,2.0
2025-08-20,The Kid LAROI,1,2.0
2025-08-20,The Neighbourhood,1,2.0
2025-08-20,Tommy Richman,1,2.0
2025-08-20,"Tyler, The Creator",1,2.0
2025-08-20,Zach Bryan,6,12.0
2025-08-21,Benson Boone,2,4.0
2025-08-21,Billie Eilish,2,4.0
2025-08-21,Chappell Roan,5,10.0
2025-08-21,Charli xcx,2,4.0
2025-08-21,Charli xcx & Billie Eilish,1,2.0
2025-08-21,Dasha,1,2.0
2025-08-21,Future & Metro Boomin,1,2.0
2025-08-21,Gracie Abrams,1,2.0
2025-08-21,Hanumankind & Kalmi,1,2.0
2025-08-21,Hozier,1,2.0
2025-08-21,Jimin,1,2.0
2025-08-21,Kendrick Lamar,1,2.0
2025-08-21,Lady Gaga & Bruno Mars,1,2.0
2025-08-21,Luke Combs,1,2.0
2025-08-21,Morgan Wallen,3,6.0
2025-08-21,Noah Kahan,1,2.0
2025-08-21,Post Malone,10,20.0
2025-08-21,Richy Mitch & The Coal Miners,1,2.0
2025-08-21,Sabrina Carpenter,2,4.0
2025-08-21,Shaboozey,1,2.0
2025-08-21,Teddy Swims,1,2.0
2025-08-21,The Kid LAROI,1,2.0
2025-08-21,The Neighbourhood,1,2.0
2025-08-21,Tommy Richman,1,2.0
2025-08-21,"Tyler, The Creator",1,2.0
2025-08-21,Zach Bryan,6,12.0
2025-08-22,Benson Boone,2,4.0
2025-08-22,Billie Eilish,2,4.0
2025-08-22,Chappell Roan,5,10.0
2025-08-22,Charli xcx,2,4.0
2025-08-22,Charli xcx & Billie Eilish,1,2.0
2025-08-22,Dasha,1,2.0
2025-08-22,Future & Metro Boomin,1,2.0
2025-08-22,Gigi Perez,1,2.0
2025-08-22,Gracie Abrams,1,2.0
2025-08-22,Hanumankind & Kalmi,1,2.0
2025-08-22,Hozier,1,2.0
2025-08-22,Jimin,1,2.0
2025-08-22,KAROL G,1,2.0
2025-08-22,Kendrick Lamar,1,2.0
2025-08-22,Lady Gaga & Bruno Mars,1,2.0
2025-08-22,Luke Combs,1,2.0
2025-08-22,Michael Marcagi,1,2.0
2025-08-22,Morgan Wallen,3,6.0
2025-08-22,Noah Kahan,1,2.0
2025-08-22,Post Malone,7,14.000000000000002
2025-08-22,Richy Mitch & The Coal Miners,1,2.0
2025-08-22,Sabrina Carpenter,2,4.0
2025-08-22,Shaboozey,1,2.0
2025-08-22,Teddy Swims,1,2.0
2025-08-22,The Kid LAROI,1,2.0
2025-08-22,The Neighbourhood,1,2.0
2025-08-22,Tommy Richman,1,2.0
2025-08-22,"Tyler, The Creator",1,2.0
2025-08-22,Zach Bryan,6,12.0
2025-08-23,Benson Boone,2,4.0
2025-08-23,Billie Eilish,3,6.0
2025-08-23,Chappell Roan,5,10.0
2025-08-23,Charli xcx,2,4.0
2025-08-23,Charli xcx & Billie Eilish,1,2.0
2025-08-23,Dasha,1,2.0
2025-08-23,Future & Metro Boomin,1,2.0
2025-08-23,Gigi Perez,1,2.0
2025-08-23,Gracie Abrams,1,2.0
2025-08-23,Hanumankind & Kalmi,1,2.0
2025-08-23,Hozier,1,2.0
2025-08-23,Jimin,1,2.0
2025-08-23,KAROL G,1,2.0
2025-08-23,Kendrick Lamar,1,2.0
2025-08-23,Lady Gaga & Bruno Mars,1,2.0
2025-08-23,Luke Combs,1,2.0
2025-08-23,Michael Marcagi,1,2.0
2025-08-23,Morgan Wallen,3,6.0
2025-08-23,Noah Kahan,1,2.0
2025-08-23,Post Malone,5,10.0
2025-08-23,Sabrina Carpenter,2,4.0
2025-08-23,Shaboozey,1,2.0
2025-08-23,Taylor Swift,2,4.0
2025-08-23,Teddy Swims,1,2.0
2025-08-23,The Kid LAROI,1,2.0
2025-08-23,The Neighbourhood,1,2.0
2025-08-23,Tommy Richman,1,2.0
2025-08-23,"Tyler, The Creator",1,2.0
2025-08-23,Zach Bryan,6,12.0
2025-08-24,Benson Boone,2,4.0
2025-08-24,Billie Eilish,2,4.0
2025-08-24,Chappell Roan,5,10.0
2025-08-24,Charli xcx,2,4.0
2025-08-24,Charli xcx & Billie Eilish,1,2.0
2025-08-24,Dasha,1,2.0
2025-08-24,Future & Metro Boomin,1,2.0
2025-08-24,Hanumankind & Kalmi,1,2.0
2025-08-24,Hozier,1,2.0
2025-08-24,Jimin,1,2.0
2025-08-24,KAROL G,1,2.0
2025-08-24,Kendrick Lamar,1,2.0
2025-08-24,Lady Gaga & Bruno Mars,1,2.0
2025-08-24,Luke Combs,1,2.0
2025-08-24,Morgan Wallen,3,6.0
2025-08-24,Noah Kahan,1,2.0
2025-08-24,Post Malone,2,4.0
2025-08-24,Sabrina Carpenter,12,24.0
2025-08-24,Shaboozey,1,2.0
2025-08-24,Teddy Swims,1,2.0
2025-08-24,The Kid LAROI,1,2.0
2025-08-24,Tommy Richman,1,2.0
2025-08-24,Travis Scott,1,2.0
2025-08-24,"Tyler, The Creator",1,2.0
2025-08-24,Zach Bryan,5,10.0
2025-08-25,Benson Boone,2,4.0
2025-08-25,Billie Eilish,1,2.0
2025-08-25,Chappell Roan,5,10.0
2025-08-25,Charli xcx,2,4.0
2025-08-25,Charli xcx & Billie Eilish,1,2.0
2025-08-25,Dasha,1,2.0
2025-08-25,Future & Metro Boomin,1,2.0
2025-08-25,Hanumankind & Kalmi,1,2.0
2025-08-25,Hozier,1,2.0
2025-08-25,Jimin,1,2.0
2025-08-25,KAROL G,1,2.0
2025-08-25,Kendrick Lamar,1,2.0
2025-08-25,Lady Gaga & Bruno Mars,1,2.0
2025-08-25,Luke Combs,1,2.0
2025-08-25,Michael Marcagi,1,2.0
2025-08-25,Morgan Wallen,4,8.0
2025-08-25,Noah Kahan,1,2.0
2025-08-25,Post Malone,2,4.0
2025-08-25,Sabrina Carpenter,12,24.0
2025-08-25,Shaboozey,1,2.0
2025-08-25,Teddy Swims,1,2.0
2025-08-25,The Kid LAROI,1,2.0
2025-08-25,Tommy Richman,1,2.0
2025-08-25,"Tyler, The Creator",1,2.0
2025-08-25,Zach Bryan,5,10.0
2025-08-26,Benson Boone,1,2.0
2025-08-26,Billie Eilish,2,4.0
2025-08-26,Chappell Roan,5,10.0
2025-08-26,Charli xcx,2,4.0
2025-08-26,Charli xcx & Billie Eilish,1,2.0
2025-08-26,Dasha,1,2.0
2025-08-26,Future & Metro Boomin,1,2.0
2025-08-26,Hanumankind & Kalmi,1,2.0
2025-08-26,Hozier,1,2.0
2025-08-26,Jimin,1,2.0
2025-08-26,KAROL G,1,2.0
2025-08-26,Kendrick Lamar,1,2.0
2025-08-26,Lady Gaga & Bruno Mars,1,2.0
2025-08-26,Luke Combs,1,2.0
2025-08-26,Michael Marcagi,1,2.0
2025-08-26,Morgan Wallen,3,6.0
2025-08-26,Noah Kahan,1,2.0
2025-08-26,Post Malone,2,4.0
2025-08-26,Sabrina Carpenter,12,24.0
2025-08-26,Shaboozey,1,2.0
2025-08-26,Teddy Swims,1,2.0
2025-08-26,The Kid LAROI,1,2.0
2025-08-26,The Neighbourhood,1,2.0
2025-08-26,Tommy Richman,1,2.0
2025-08-26,"Tyler, The Creator",1,2.0
2025-08-26,Zach Bryan,5,10.0
2025-08-27,Benson Boone,1,2.0
2025-08-27,Billie Eilish,2,4.0
2025-08-27,Chappell Roan,5,10.0
2025-08-27,Charli xcx,2,4.0
2025-08-27,Charli xcx & Billie Eilish,1,2.0
2025-08-27,Dasha,1,2.0
2025-08-27,Future & Metro Boomin,1,2.0
2025-08-27,Hanumankind & Kalmi,1,2.0
2025-08-27,Hozier,1,2.0
2025-08-27,Jimin,1,2.0
2025-08-27,KAROL G,1,2.0
2025-08-27,Kendrick Lamar,1,2.0
2025-08-27,Lady Gaga & Bruno Mars,1,2.0
2025-08-27,Luke Combs,1,2.0
2025-08-27,Michael Marcagi,1,2.0
2025-08-27,Morgan Wallen,3,6.0
2025-08-27,Noah Kahan,1,2.0
2025-08-27,Post Malone,2,4.0
2025-08-27,Sabrina Carpenter,12,24.0
2025-08-27,Shaboozey,1,2.0
2025-08-27,Teddy Swims,1,2.0
2025-08-27,The Kid LAROI,1,2.0
2025-08-27,The Neighbourhood,1,2.0
2025-08-27,Tommy Richman,1,2.0
2025-08-27,"Tyler, The Creator",1,2.0
2025-08-27,Zach Bryan,5,10.0
2025-08-28,Benson Boone,2,4.0
2025-08-28,Billie Eilish,2,4.0
2025-08-28,Chappell Roan,5,10.0
2025-08-28,Charli xcx,2,4.0
2025-08-28,Charli xcx & Billie Eilish,1,2.0
2025-08-28,Dasha,1,2.0
2025-08-28,Future & Metro Boomin,1,2.0
2025-08-28,Gigi Perez,1,2.0
2025-08-28,Gracie Abrams,1,2.0
2025-08-28,Hanumankind & Kalmi,1,2.0
2025-08-28,Hozier,1,2.0
2025-08-28,Jimin,1,2.0
2025-08-28,KAROL G,1,2.0
2025-08-28,Kendrick Lamar,1,2.0
2025-08-28,Lady Gaga & Bruno Mars,1,2.0
2025-08-28,Luke Combs,1,2.0
2025-08-28,Morgan Wallen,2,4.0
2025-08-28,Noah Kahan,1,2.0
2025-08-28,Post Malone,1,2.0
2025-08-28,Sabrina Carpenter,12,24.0
2025-08-28,Shaboozey,1,2.0
2025-08-28,Teddy Swims,1,2.0
2025-08-28,The Kid LAROI,1,2.0
2025-08-28,The Neighbourhood,1,2.0
2025-08-28,Tommy Richman,1,2.0
2025-08-28,"Tyler, The Creator",1,2.0
2025-08-28,Zach Bryan,5,10.0
2025-08-29,Benson Boone,1,2.0
2025-08-29,Billie Eilish,2,4.0
2025-08-29,Chappell Roan,5,10.0
2025-08-29,Charli xcx,2,4.0
2025-08-29,Charli xcx & Billie Eilish,1,2.0
2025-08-29,Dasha,1,2.0
2025-08-29,Future & Metro Boomin,1,2.0
2025-08-29,Gigi Perez,1,2.0
2025-08-29,Gracie Abrams,1,2.0
2025-08-29,Hanumankind & Kalmi,1,2.0
2025-08-29,Hozier,1,2.0
2025-08-29,Jimin,1,2.0
2025-08-29,KAROL G,1,2.0
2025-08-29,Kendrick Lamar,1,2.0
2025-08-29,Lady Gaga & Bruno Mars,1,2.0
2025-08-29,Luke Combs,1,2.0
2025-08-29,Morgan Wallen,2,4.0
2025-08-29,Noah Kahan,1,2.0
2025-08-29,Post Malone,1,2.0
2025-08-29,Sabrina Carpenter,12,24.0
2025-08-29,Shaboozey,1,2.0
2025-08-29,Teddy Swims,1,2.0
2025-08-29,The Kid LAROI,1,2.0
2025-08-29,The Neighbourhood,1,2.0
2025-08-29,Tommy Richman,1,2.0
2025-08-29,"Tyler, The Creator",1,2.0
2025-08-29,Zach Bryan,6,12.0
2025-08-30,Benson Boone,1,2.0
2025-08-30,Billie Eilish,2,4.0
2025-08-30,Chappell Roan,5,10.0
2025-08-30,Charli xcx,2,4.0
2025-08-30,Charli xcx & Billie Eilish,1,2.0
2025-08-30,Dasha,1,2.0
2025-08-30,Future & Metro Boomin,1,2.0
2025-08-30,Gigi Perez,1,2.0
2025-08-30,Gracie Abrams,1,2.0
2025-08-30,Hanumankind & Kalmi,1,2.0
2025-08-30,Hozier,1,2.0
2025-08-30,Jimin,1,2.0
2025-08-30,KAROL G,1,2.0
2025-08-30,Kendrick Lamar,1,2.0
2025-08-30,Lady Gaga & Bruno Mars,1,2.0
2025-08-30,Luke Combs,1,2.0
2025-08-30,Morgan Wallen,2,4.0
2025-08-30,Noah Kahan,1,2.0
2025-08-30,Post Malone,1,2.0
2025-08-30,Sabrina Carpenter,12,24.0
2025-08-30,Shaboozey,1,2.0
2025-08-30,Teddy Swims,1,2.0
2025-08-30,The Kid LAROI,1,2.0
2025-08-30,The Neighbourhood,1,2.0
2025-08-30,Tommy Richman,1,2.0
2025-08-30,"Tyler, The Creator",1,2.0
2025-08-30,Zach Bryan,6,12.0
2025-08-31,Benson Boone,2,4.0
2025-08-31,Billie Eilish,2,4.0
2025-08-31,Chappell Roan,5,10.0
2025-08-31,Charli xcx,2,4.0
2025-08-31,Charli xcx & Billie Eilish,1,2.0
2025-08-31,Dasha,1,2.0
2025-08-31,Future & Metro Boomin,1,2.0
2025-08-31,Gigi Perez,1,2.0
2025-08-31,Gracie Abrams,1,2.0
2025-08-31,Hanumankind & Kalmi,1,2.0
2025-08-31,Hozier,1,2.0
2025-08-31,Jimin,1,2.0
2025-08-31,Kendrick Lamar,1,2.0
2025-08-31,Lady Gaga & Bruno Mars,1,2.0
2025-08-31,Luke Combs,1,2.0
2025-08-31,Michael Marcagi,1,2.0
2025-08-31,Morgan Wallen,3,6.0
2025-08-31,Noah Kahan,1,2.0
2025-08-31,Post Malone,1,2.0
2025-08-31,Sabrina Carpenter,12,24.0
2025-08-31,Shaboozey,1,2.0
2025-08-31,Teddy Swims,1,2.0
2025-08-31,The Kid LAROI,1,2.0
2025-08-31,Tommy Richman,1,2.0
2025-08-31,"Tyler, The Creator",1,2.0
2025-08-31,Zach Bryan,5,10.0
2025-09-01,Benson Boone,2,4.0
2025-09-01,Billie Eilish,2,4.0
2025-09-01,Chappell Roan,5,10.0
2025-09-01,Charli xcx,1,2.0
2025-09-01,Charli xcx & Billie Eilish,1,2.0
2025-09-01,Dasha,1,2.0
2025-09-01,Future & Metro Boomin,1,2.0
2025-09-01,Gigi Perez,1,2.0
2025-09-01,Gracie Abrams,1,2.0
2025-09-01,Gunna,1,2.0
2025-09-01,Hanumankind & Kalmi,1,2.0
2025-09-01,Hozier,1,2.0
2025-09-01,Jimin,1,2.0
2025-09-01,KAROL G,1,2.0
2025-09-01,Kendrick Lamar,1,2.0
2025-09-01,Lady Gaga & Bruno Mars,1,2.0
2025-09-01,Luke Combs,1,2.0
2025-09-01,Morgan Wallen,3,6.0
2025-09-01,Noah Kahan,1,2.0
2025-09-01,Post Malone,1,2.0
2025-09-01,Sabrina Carpenter,12,24.0
2025-09-01,Shaboozey,1,2.0
2025-09-01,Teddy Swims,1,2.0
2025-09-01,The Kid LAROI,1,2.0
2025-09-01,Tommy Richman,1,2.0
2025-09-01,"Tyler, The Creator",1,2.0
2025-09-01,Zach Bryan,5,10.0
2025-09-02,Benson Boone,2,4.0
2025-09-02,Billie Eilish,2,4.0
2025-09-02,Chappell Roan,4,8.0
2025-09-02,Charli xcx,1,2.0
2025-09-02,Charli xcx & Billie Eilish,1,2.0
2025-09-02,Dasha,1,2.0
2025-09-02,Drake,1,2.0
2025-09-02,Frank Ocean,1,2.0
2025-09-02,Future & Metro Boomin,1,2.0
2025-09-02,Gigi Perez,1,2.0
2025-09-02,Gracie Abrams,1,2.0
2025-09-02,Gunna,1,2.0
2025-09-02,Hanumankind & Kalmi,1,2.0
2025-09-02,Hozier,1,2.0
2025-09-02,Jimin,1,2.0
2025-09-02,KAROL G,1,2.0
2025-09-02,Kendrick Lamar,1,2.0
2025-09-02,Lady Gaga & Bruno Mars,1,2.0
2025-09-02,Luke Combs,1,2.0
2025-09-02,Morgan Wallen,3,6.0
2025-09-02,Noah Kahan,1,2.0
2025-09-02,Post Malone,1,2.0
2025-09-02,Sabrina Carpenter,11,22.0
2025-09-02,Shaboozey,1,2.0
2025-09-02,Teddy Swims,1,2.0
2025-09-02,The Kid LAROI,1,2.0
2025-09-02,Tommy Richman,1,2.0
2025-09-02,"Tyler, The Creator",1,2.0
2025-09-02,Zach Bryan,5,10.0
2025-09-03,Benson Boone,2,4.0
2025-09-03,Billie Eilish,2,4.0
2025-09-03,Chappell Roan,4,8.0
2025-09-03,Charli xcx,1,2.0
2025-09-03,Charli xcx & Billie Eilish,1,2.0
2025-09-03,Dasha,1,2.0
2025-09-03,Drake,1,2.0
2025-09-03,Frank Ocean,1,2.0
2025-09-03,Future & Metro Boomin,1,2.0
2025-09-03,Gigi Perez,1,2.0
2025-09-03,Gracie Abrams,1,2.0
2025-09-03,Gunna,1,2.0
2025-09-03,Hanumankind & Kalmi,1,2.0
2025-09-03,Hozier,1,2.0
2025-09-03,Jimin,1,2.0
2025-09-03,KAROL G,1,2.0
2025-09-03,Kendrick Lamar,1,2.0
2025-09-03,Lady Gaga & Bruno Mars,1,2.0
2025-09-03,Luke Combs,1,2.0
2025-09-03,Morgan Wallen,3,6.0
2025-09-03,Noah Kahan,1,2.0
2025-09-03,Post Malone,1,2.0
2025-09-03,Sabrina Carpenter,11,22.0
2025-09-03,Shaboozey,1,2.0
2025-09-03,Teddy Swims,1,2.0
2025-09-03,The Kid LAROI,1,2.0
2025-09-03,Tommy Richman,1,2.0
2025-09-03,"Tyler, The Creator",1,2.0
2025-09-03,Zach Bryan,5,10.0
2025-09-04,Benson Boone,2,4.0
2025-09-04,Billie Eilish,2,4.0
2025-09-04,Chappell Roan,4,8.0
2025-09-04,Charli xcx,1,2.0
2025-09-04,Charli xcx & Billie Eilish,1,2.0
2025-09-04,Dasha,1,2.0
2025-09-04,Drake,1,2.0
2025-09-04,Frank Ocean,1,2.0
2025-09-04,Gigi Perez,1,2.0
2025-09-04,Gracie Abrams,1,2.0
2025-09-04,Hanumankind & Kalmi,1,2.0
2025-09-04,Hozier,1,2.0
2025-09-04,Jimin,1,2.0
2025-09-04,KAROL G,1,2.0
2025-09-04,Kendrick Lamar,1,2.0
2025-09-04,Lady Gaga & Bruno Mars,1,2.0
2025-09-04,Luke Combs,1,2.0
2025-09-04,Morgan Wallen,3,6.0
2025-09-04,Noah Kahan,1,2.0
2025-09-04,Post Malone,1,2.0
2025-09-04,Sabrina Carpenter,11,22.0
2025-09-04,Shaboozey,1,2.0
2025-09-04,Teddy Swims,1,2.0
2025-09-04,The Kid LAROI,1,2.0
2025-09-04,The Neighbourhood,1,2.0
2025-09-04,Tommy Richman,1,2.0
2025-09-04,"Tyler, The Creator",1,2.0
2025-09-04,Zach Bryan,6,12.0
2025-09-05,Benson Boone,2,4.0
2025-09-05,Billie Eilish,2,4.0
2025-09-05,Chappell Roan,5,10.0
2025-09-05,Charli xcx,1,2.0
2025-09-05,Charli xcx & Billie Eilish,1,2.0
2025-09-05,Dasha,1,2.0
2025-09-05,Future & Metro Boomin,1,2.0
2025-09-05,Gigi Perez,1,2.0
2025-09-05,Gracie Abrams,1,2.0
2025-09-05,Hanumankind & Kalmi,1,2.0
2025-09-05,Hozier,1,2.0
2025-09-05,Jimin,1,2.0
2025-09-05,KAROL G,1,2.0
2025-09-05,Kendrick Lamar,1,2.0
2025-09-05,Lady Gaga & Bruno Mars,1,2.0
2025-09-05,Luke Combs,1,2.0
2025-09-05,Morgan Wallen,3,6.0
2025-09-05,Noah Kahan,1,2.0
2025-09-05,Post Malone,1,2.0
2025-09-05,Sabrina Carpenter,11,22.0
2025-09-05,Shaboozey,1,2.0
2025-09-05,Teddy Swims,1,2.0
2025-09-05,The Kid LAROI,1,2.0
2025-09-05,The Neighbourhood,1,2.0
2025-09-05,Tommy Richman,1,2.0
2025-09-05,"Tyler, The Creator",1,2.0
2025-09-05,Zach Bryan,6,12.0
2025-09-06,Benson Boone,2,4.0
2025-09-06,Billie Eilish,2,4.0
2025-09-06,Chappell Roan,5,10.0
2025-09-06,Charli xcx,1,2.0
2025-09-06,Charli xcx & Billie Eilish,1,2.0
2025-09-06,Dasha,1,2.0
2025-09-06,Future & Metro Boomin,1,2.0
2025-09-06,Gigi Perez,1,2.0
2025-09-06,Gracie Abrams,1,2.0
2025-09-06,Hanumankind & Kalmi,1,2.0
2025-09-06,Hozier,1,2.0
2025-09-06,Jimin,1,2.0
2025-09-06,KAROL G,1,2.0
2025-09-06,Kendrick Lamar,1,2.0
2025-09-06,Lady Gaga & Bruno Mars,1,2.0
2025-09-06,Luke Combs,1,2.0
2025-09-06,Morgan Wallen,3,6.0
2025-09-06,Noah Kahan,1,2.0
2025-09-06,Post Malone,1,2.0
2025-09-06,Sabrina Carpenter,11,22.0
2025-09-06,Shaboozey,1,2.0
2025-09-06,Teddy Swims,1,2.0
2025-09-06,The Kid LAROI,1,2.0
2025-09-06,The Neighbourhood,1,2.0
2025-09-06,Tommy Richman,1,2.0
2025-09-06,"Tyler, The Creator",1,2.0
2025-09-06,Zach Bryan,6,12.0
2025-09-07,Benson Boone,2,4.0
2025-09-07,Billie Eilish,2,4.0
2025-09-07,Chappell Roan,5,10.0
2025-09-07,Charli xcx,1,2.0
2025-09-07,Charli xcx & Billie Eilish,1,2.0
2025-09-07,Dasha,1,2.0
2025-09-07,Future & Metro Boomin,1,2.0
2025-09-07,Gigi Perez,1,2.0
2025-09-07,Gracie Abrams,1,2.0
2025-09-07,Gunna,1,2.0
2025-09-07,Hanumankind & Kalmi,1,2.0
2025-09-07,Hozier,1,2.0
2025-09-07,Jimin,1,2.0
2025-09-07,KAROL G,1,2.0
2025-09-07,Kendrick Lamar,1,2.0
2025-09-07,Lady Gaga & Bruno Mars,1,2.0
2025-09-07,Luke Combs,1,2.0
2025-09-07,Michael Marcagi,1,2.0
2025-09-07,Morgan Wallen,3,6.0
2025-09-07,Noah Kahan,1,2.0
2025-09-07,Post Malone,1,2.0
2025-09-07,Sabrina Carpenter,10,20.0
2025-09-07,Shaboozey,1,2.0
2025-09-07,Teddy Swims,1,2.0
2025-09-07,The Kid LAROI,1,2.0
2025-09-07,The Neighbourhood,1,2.0
2025-09-07,Tommy Richman,1,2.0
2025-09-07,"Tyler, The Creator",1,2.0
2025-09-07,Zach Bryan,5,10.0
2025-09-08,Benson Boone,2,4.0
2025-09-08,Billie Eilish,2,4.0
2025-09-08,Chappell Roan,5,10.0
2025-09-08,Charli xcx,1,2.0
2025-09-08,Charli xcx & Billie Eilish,1,2.0
2025-09-08,Dasha,1,2.0
2025-09-08,Future & Metro Boomin,1,2.0
2025-09-08,Gigi Perez,1,2.0
2025-09-08,Gracie Abrams,1,2.0
2025-09-08,Hanumankind & Kalmi,1,2.0
2025-09-08,Hozier,1,2.0
2025-09-08,Jimin,1,2.0
2025-09-08,KAROL G,1,2.0
2025-09-08,Kendrick Lamar,1,2.0
2025-09-08,Lady Gaga & Bruno Mars,1,2.0
2025-09-08,Linkin Park,1,2.0
2025-09-08,Luke Combs,1,2.0
2025-09-08,Megan Thee Stallion & RM,1,2.0
2025-09-08,Morgan Wallen,3,6.0
2025-09-08,Noah Kahan,1,2.0
2025-09-08,Post Malone,1,2.0
2025-09-08,Sabrina Carpenter,9,18.0
2025-09-08,Shaboozey,1,2.0
2025-09-08,Surf Curse,1,2.0
2025-09-08,Teddy Swims,1,2.0
2025-09-08,The Kid LAROI,1,2.0
2025-09-08,The Neighbourhood,1,2.0
2025-09-08,Tommy Richman,1,2.0
2025-09-08,"Tyler, The Creator",1,2.0
2025-09-08,Zach Bryan,5,10.0
2025-09-09,Arctic Monkeys,1,2.0
2025-09-09,Benson Boone,2,4.0
2025-09-09,Billie Eilish,2,4.0
2025-09-09,Chappell Roan,5,10.0
2025-09-09,Charli xcx,1,2.0
2025-09-09,Charli xcx & Billie Eilish,1,2.0
2025-09-09,Dasha,1,2.0
2025-09-09,Frank Ocean,1,2.0
2025-09-09,Gigi Perez,1,2.0
2025-09-09,Gracie Abrams,1,2.0
2025-09-09,Hanumankind & Kalmi,1,2.0
2025-09-09,Hozier,1,2.0
2025-09-09,Jimin,1,2.0
2025-09-09,KAROL G,1,2.0
2025-09-09,Kendrick Lamar,1,2.0
2025-09-09,Lady Gaga & Bruno Mars,1,2.0
2025-09-09,Linkin Park,1,2.0
2025-09-09,Luke Combs,1,2.0
2025-09-09,Megan Thee Stallion & RM,1,2.0
2025-09-09,Morgan Wallen,3,6.0
2025-09-09,Noah Kahan,1,2.0
2025-09-09,Post Malone,1,2.0
2025-09-09,Sabrina Carpenter,8,16.0
2025-09-09,Shaboozey,1,2.0
2025-09-09,Surf Curse,1,2.0
2025-09-09,Teddy Swims,1,2.0
2025-09-09,The Kid LAROI,1,2.0
2025-09-09,The Neighbourhood,1,2.0
2025-09-09,Tommy Richman,1,2.0
2025-09-09,"Tyler, The Creator",1,2.0
2025-09-09,Zach Bryan,5,10.0
2025-09-10,Arctic Monkeys,1,2.0
2025-09-10,Benson Boone,2,4.0
2025-09-10,Billie Eilish,2,4.0
2025-09-10,Chappell Roan,5,10.0
2025-09-10,Charli xcx,1,2.0
2025-09-10,Charli xcx & Billie Eilish,1,2.0
2025-09-10,Dasha,1,2.0
2025-09-10,Frank Ocean,1,2.0
2025-09-10,Gigi Perez,1,2.0
2025-09-10,Gracie Abrams,1,2.0
2025-09-10,Hanumankind & Kalmi,1,2.0
2025-09-10,Hozier,1,2.0
2025-09-10,Jimin,1,2.0
2025-09-10,KAROL G,1,2.0
2025-09-10,Kendrick Lamar,1,2.0
2025-09-10,Lady Gaga & Bruno Mars,1,2.0
2025-09-10,Linkin Park,1,2.0
2025-09-10,Luke Combs,1,2.0
2025-09-10,Megan Thee Stallion & RM,1,2.0
2025-09-10,Morgan Wallen,3,6.0
2025-09-10,Noah Kahan,1,2.0
2025-09-10,Post Malone,1,2.0
2025-09-10,Sabrina Carpenter,8,16.0
2025-09-10,Shaboozey,1,2.0
2025-09-10,Surf Curse,1,2.0
2025-09-10,Teddy Swims,1,2.0
2025-09-10,The Kid LAROI,1,2.0
2025-09-10,The Neighbourhood,1,2.0
2025-09-10,Tommy Richman,1,2.0
2025-09-10,"Tyler, The Creator",1,2.0
2025-09-10,Zach Bryan,5,10.0
2025-09-11,Arctic Monkeys,1,2.0
2025-09-11,Benson Boone,2,4.0
2025-09-11,Billie Eilish,2,4.0
2025-09-11,Chappell Roan,5,10.0
2025-09-11,Charli xcx & Billie Eilish,1,2.0
2025-09-11,Dasha,1,2.0
2025-09-11,Frank Ocean,1,2.0
2025-09-11,Future & Metro Boomin,1,2.0
2025-09-11,Gigi Perez,1,2.0
2025-09-11,Gracie Abrams,1,2.0
2025-09-11,Hanumankind & Kalmi,1,2.0
2025-09-11,Hozier,1,2.0
2025-09-11,Jimin,1,2.0
2025-09-11,KAROL G,1,2.0
2025-09-11,Kendrick Lamar,1,2.0
2025-09-11,Lady Gaga & Bruno Mars,1,2.0
2025-09-11,Linkin Park,1,2.0
2025-09-11,Luke Combs,1,2.0
2025-09-11,Megan Thee Stallion & RM,1,2.0
2025-09-11,Morgan Wallen,3,6.0
2025-09-11,Noah Kahan,1,2.0
2025-09-11,Post Malone,1,2.0
2025-09-11,Sabrina Carpenter,8,16.0
2025-09-11,Shaboozey,1,2.0
2025-09-11,Surf Curse,1,2.0
2025-09-11,Teddy Swims,1,2.0
2025-09-11,The Kid LAROI,1,2.0
2025-09-11,The Neighbourhood,1,2.0
2025-09-11,Tommy Richman,1,2.0
2025-09-11,"Tyler, The Creator",1,2.0
2025-09-11,Zach Bryan,5,10.0
2025-09-12,Arctic Monkeys,1,2.0
2025-09-12,Benson Boone,2,4.0
2025-09-12,Billie Eilish,2,4.0
2025-09-12,Chappell Roan,5,10.0
2025-09-12,Charli xcx & Billie Eilish,1,2.0
2025-09-12,Dasha,1,2.0
2025-09-12,Frank Ocean,1,2.0
2025-09-12,Future & Metro Boomin,1,2.0
2025-09-12,Gigi Perez,1,2.0
2025-09-12,Gracie Abrams,1,2.0
2025-09-12,Hanumankind & Kalmi,1,2.0
2025-09-12,Hozier,1,2.0
2025-09-12,Jimin,1,2.0
2025-09-12,Juice WRLD,1,2.0
2025-09-12,KAROL G,1,2.0
2025-09-12,Kendrick Lamar,1,2.0
2025-09-12,Lady Gaga & Bruno Mars,1,2.0
2025-09-12,Linkin Park,1,2.0
2025-09-12,Luke Combs,1,2.0
2025-09-12,Morgan Wallen,3,6.0
2025-09-12,Noah Kahan,1,2.0
2025-09-12,Post Malone,1,2.0
2025-09-12,Sabrina Carpenter,8,16.0
2025-09-12,Shaboozey,1,2.0
2025-09-12,Surf Curse,1,2.0
2025-09-12,Teddy Swims,1,2.0
2025-09-12,The Kid LAROI,1,2.0
2025-09-12,The Neighbourhood,1,2.0
2025-09-12,Tommy Richman,1,2.0
2025-09-12,"Tyler, The Creator",1,2.0
2025-09-12,Zach Bryan,5,10.0
2025-09-13,Benson Boone,2,4.0
2025-09-13,Billie Eilish,2,4.0
2025-09-13,Chappell Roan,5,10.0
2025-09-13,Charli xcx & Billie Eilish,1,2.0
2025-09-13,Dasha,1,2.0
2025-09-13,Future & Metro Boomin,1,2.0
2025-09-13,Gigi Perez,1,2.0
2025-09-13,Gracie Abrams,1,2.0
2025-09-13,Gunna,1,2.0
2025-09-13,Hanumankind & Kalmi,1,2.0
2025-09-13,Hozier,1,2.0
2025-09-13,Jimin,1,2.0
2025-09-13,KAROL G,1,2.0
2025-09-13,Kendrick Lamar,1,2.0
2025-09-13,Lady Gaga & Bruno Mars,1,2.0
2025-09-13,Linkin Park,1,2.0
2025-09-13,Luke Combs,1,2.0
2025-09-13,Megan Thee Stallion & RM,1,2.0
2025-09-13,Morgan Wallen,3,6.0
2025-09-13,Noah Kahan,1,2.0
2025-09-13,Post Malone,1,2.0
2025-09-13,Richy Mitch & The Coal Miners,1,2.0
2025-09-13,Sabrina Carpenter,8,16.0
2025-09-13,Shaboozey,1,2.0
2025-09-13,Teddy Swims,1,2.0
2025-09-13,The Kid LAROI,1,2.0
2025-09-13,The Neighbourhood,1,2.0
2025-09-13,Tommy Richman,1,2.0
2025-09-13,"Tyler, The Creator",1,2.0
2025-09-13,Zach Bryan,6,12.0
2025-09-14,Benson Boone,2,4.0
2025-09-14,Billie Eilish,2,4.0
2025-09-14,Chappell Roan,5,10.0
2025-09-14,Charli xcx & Billie Eilish,1,2.0
2025-09-14,Dasha,1,2.0
2025-09-14,Future & Metro Boomin,1,2.0
2025-09-14,Gigi Perez,1,2.0
2025-09-14,Gracie Abrams,1,2.0
2025-09-14,Gunna,1,2.0
2025-09-14,Hanumankind & Kalmi,1,2.0
2025-09-14,Hozier,1,2.0
2025-09-14,Jimin,1,2.0
2025-09-14,KAROL G,1,2.0
2025-09-14,Kendrick Lamar,1,2.0
2025-09-14,Lady Gaga & Bruno Mars,1,2.0
2025-09-14,Linkin Park,1,2.0
2025-09-14,Luke Combs,1,2.0
2025-09-14,Megan Thee Stallion & RM,1,2.0
2025-09-14,Morgan Wallen,3,6.0
2025-09-14,Noah Kahan,1,2.0
2025-09-14,Post Malone,1,2.0
2025-09-14,Richy Mitch & The Coal Miners,1,2.0
2025-09-14,Sabrina Carpenter,8,16.0
2025-09-14,Shaboozey,1,2.0
2025-09-14,Teddy Swims,1,2.0
2025-09-14,The Kid LAROI,1,2.0
2025-09-14,The Neighbourhood,1,2.0
2025-09-14,Tommy Richman,1,2.0
2025-09-14,"Tyler, The Creator",1,2.0
2025-09-14,Zach Bryan,6,12.0
2025-09-15,Benson Boone,2,4.0
2025-09-15,Billie Eilish,2,4.0
2025-09-15,Chappell Roan,5,10.0
2025-09-15,Charli xcx & Billie Eilish,1,2.0
2025-09-15,Charli xcx & Troye Sivan,1,2.0
2025-09-15,Dasha,1,2.0
2025-09-15,Future & Metro Boomin,1,2.0
2025-09-15,Gigi Perez,1,2.0
2025-09-15,Gracie Abrams,1,2.0
2025-09-15,Hanumankind & Kalmi,1,2.0
2025-09-15,Hozier,1,2.0
2025-09-15,Jimin,1,2.0
2025-09-15,KAROL G,1,2.0
2025-09-15,Kendrick Lamar,1,2.0
2025-09-15,Lady Gaga & Bruno Mars,1,2.0
2025-09-15,Linkin Park,1,2.0
2025-09-15,Luke Combs,1,2.0
2025-09-15,Morgan Wallen,2,4.0
2025-09-15,Noah Kahan,1,2.0
2025-09-15,Playboi Carti,1,2.0
2025-09-15,Post Malone,1,2.0
2025-09-15,Sabrina Carpenter,8,16.0
2025-09-15,Shaboozey,1,2.0
2025-09-15,Tate McRae,1,2.0
2025-09-15,Teddy Swims,1,2.0
2025-09-15,The Kid LAROI,1,2.0
2025-09-15,The Neighbourhood,1,2.0
2025-09-15,The Weeknd,1,2.0
2025-09-15,Tommy Richman,1,2.0
2025-09-15,"Tyler, The Creator",1,2.0
2025-09-15,Zach Bryan,6,12.0
2025-09-16,Benson Boone,2,4.0
2025-09-16,Billie Eilish,2,4.0
2025-09-16,Chappell Roan,5,10.0
2025-09-16,Charli xcx & Billie Eilish,1,2.0
2025-09-16,Dasha,1,2.0
2025-09-16,Future & Metro Boomin,1,2.0
2025-09-16,Gigi Perez,1,2.0
2025-09-16,Gracie Abrams,1,2.0
2025-09-16,Hanumankind & Kalmi,1,2.0
2025-09-16,Hozier,1,2.0
2025-09-16,Jimin,1,2.0
2025-09-16,KAROL G,1,2.0
2025-09-16,Kendrick Lamar,1,2.0
2025-09-16,Lady Gaga & Bruno Mars,1,2.0
2025-09-16,Linkin Park,1,2.0
2025-09-16,Luke Combs,1,2.0
2025-09-16,Morgan Wallen,3,6.0
2025-09-16,Noah Kahan,1,2.0
2025-09-16,Peso Pluma,1,2.0
2025-09-16,Playboi Carti,1,2.0
2025-09-16,Post Malone,1,2.0
2025-09-16,Sabrina Carpenter,7,14.000000000000002
2025-09-16,Shaboozey,1,2.0
2025-09-16,Tate McRae,1,2.0
2025-09-16,Teddy Swims,1,2.0
2025-09-16,The Kid LAROI,1,2.0
2025-09-16,The Neighbourhood,1,2.0
2025-09-16,The Weeknd,1,2.0
2025-09-16,Tommy Richman,1,2.0
2025-09-16,"Tyler, The Creator",1,2.0
2025-09-16,Zach Bryan,6,12.0
2025-09-17,Benson Boone,2,4.0
2025-09-17,Billie Eilish,2,4.0
2025-09-17,Chappell Roan,5,10.0
2025-09-17,Charli xcx & Billie Eilish,1,2.0
2025-09-17,Dasha,1,2.0
2025-09-17,Gigi Perez,1,2.0
2025-09-17,Gracie Abrams,1,2.0
2025-09-17,Hanumankind & Kalmi,1,2.0
2025-09-17,Hozier,1,2.0
2025-09-17,Jimin,1,2.0
2025-09-17,KAROL G,1,2.0
2025-09-17,Kendrick Lamar,1,2.0
2025-09-17,Lady Gaga & Bruno Mars,1,2.0
2025-09-17,Linkin Park,1,2.0
2025-09-17,Luke Combs,1,2.0
2025-09-17,Mitski,1,2.0
2025-09-17,Morgan Wallen,3,6.0
2025-09-17,Noah Kahan,1,2.0
2025-09-17,Peso Pluma,1,2.0
2025-09-17,Playboi Carti,1,2.0
2025-09-17,Post Malone,1,2.0
2025-09-17,Richy Mitch & The Coal Miners,1,2.0
2025-09-17,Sabrina Carpenter,6,12.0
2025-09-17,Shaboozey,1,2.0
2025-09-17,Tate McRae,1,2.0
2025-09-17,Teddy Swims,1,2.0
2025-09-17,The Kid LAROI,1,2.0
2025-09-17,The Neighbourhood,1,2.0
2025-09-17,The Weeknd,1,2.0
2025-09-17,Tommy Richman,1,2.0
2025-09-17,"Tyler, The Creator",1,2.0
2025-09-17,Zach Bryan,6,12.0
2025-09-18,Arctic Monkeys,1,2.0
2025-09-18,Benson Boone,2,4.0
2025-09-18,Billie Eilish,2,4.0
2025-09-18,Chappell Roan,5,10.0
2025-09-18,Charli xcx & Billie Eilish,1,2.0
2025-09-18,Dasha,1,2.0
2025-09-18,Gigi Perez,1,2.0
2025-09-18,Gracie Abrams,1,2.0
2025-09-18,Hanumankind & Kalmi,1,2.0
2025-09-18,Hozier,1,2.0
2025-09-18,Jimin,1,2.0
2025-09-18,KAROL G,1,2.0
2025-09-18,Kendrick Lamar,1,2.0
2025-09-18,Lady Gaga & Bruno Mars,1,2.0
2025-09-18,Linkin Park,1,2.0
2025-09-18,Luke Combs,1,2.0
2025-09-18,Mitski,1,2.0
2025-09-18,Morgan Wallen,2,4.0
2025-09-18,Noah Kahan,1,2.0
2025-09-18,Peso Pluma,1,2.0
2025-09-18,Playboi Carti,1,2.0
2025-09-18,Post Malone,1,2.0
2025-09-18,Richy Mitch & The Coal Miners,1,2.0
2025-09-18,Sabrina Carpenter,6,12.0
2025-09-18,Shaboozey,1,2.0
2025-09-18,Tate McRae,1,2.0
2025-09-18,Teddy Swims,1,2.0
2025-09-18,The Kid LAROI,1,2.0
2025-09-18,The Neighbourhood,1,2.0
2025-09-18,The Weeknd,1,2.0
2025-09-18,Tommy Richman,1,2.0
2025-09-18,"Tyler, The Creator",1,2.0
2025-09-18,Zach Bryan,6,12.0
2025-09-19,Arctic Monkeys,1,2.0
2025-09-19,Benson Boone,2,4.0
2025-09-19,Billie Eilish,2,4.0
2025-09-19,Chappell Roan,5,10.0
2025-09-19,Charli xcx & Billie Eilish,1,2.0
2025-09-19,Dasha,1,2.0
2025-09-19,Frank Ocean,1,2.0
2025-09-19,Gigi Perez,1,2.0
2025-09-19,Gracie Abrams,1,2.0
2025-09-19,Hanumankind & Kalmi,1,2.0
2025-09-19,Hozier,1,2.0
2025-09-19,Jimin,1,2.0
2025-09-19,KAROL G,1,2.0
2025-09-19,Kendrick Lamar,1,2.0
2025-09-19,Lady Gaga & Bruno Mars,1,2.0
2025-09-19,Linkin Park,1,2.0
2025-09-19,Luke Combs,1,2.0
2025-09-19,Mitski,1,2.0
2025-09-19,Morgan Wallen,2,4.0
2025-09-19,Noah Kahan,1,2.0
2025-09-19,Peso Pluma,1,2.0
2025-09-19,Playboi Carti,1,2.0
2025-09-19,Post Malone,1,2.0
2025-09-19,Sabrina Carpenter,6,12.0
2025-09-19,Shaboozey,1,2.0
2025-09-19,Tate McRae,1,2.0
2025-09-19,Teddy Swims,1,2.0
2025-09-19,The Kid LAROI,1,2.0
2025-09-19,The Neighbourhood,1,2.0
2025-09-19,The Weeknd,1,2.0
2025-09-19,Tommy Richman,1,2.0
2025-09-19,"Tyler, The Creator",1,2.0
2025-09-19,Zach Bryan,6,12.0
2025-09-20,Arctic Monkeys,1,2.0
2025-09-20,Benson Boone,2,4.0
2025-09-20,Billie Eilish,2,4.0
2025-09-20,Chappell Roan,5,10.0
2025-09-20,Charli xcx & Billie Eilish,1,2.0
2025-09-20,Dasha,1,2.0
2025-09-20,Frank Ocean,1,2.0
2025-09-20,Future & Metro Boomin,1,2.0
2025-09-20,Gigi Perez,1,2.0
2025-09-20,Gracie Abrams,1,2.0
2025-09-20,Hanumankind & Kalmi,1,2.0
2025-09-20,Hozier,1,2.0
2025-09-20,Jimin,1,2.0
2025-09-20,KAROL G,1,2.0
2025-09-20,Kendrick Lamar,1,2.0
2025-09-20,Lady Gaga & Bruno Mars,1,2.0
2025-09-20,Luke Combs,1,2.0
2025-09-20,Mitski,1,2.0
2025-09-20,Morgan Wallen,2,4.0
2025-09-20,Noah Kahan,1,2.0
2025-09-20,Peso Pluma,1,2.0
2025-09-20,Playboi Carti,1,2.0
2025-09-20,Post Malone,1,2.0
2025-09-20,Sabrina Carpenter,6,12.0
2025-09-20,Shaboozey,1,2.0
2025-09-20,Tate McRae,1,2.0
2025-09-20,Teddy Swims,1,2.0
2025-09-20,The Kid LAROI,1,2.0
2025-09-20,The Neighbourhood,1,2.0
2025-09-20,The Weeknd,1,2.0
2025-09-20,Tommy Richman,1,2.0
2025-09-20,"Tyler, The Creator",1,2.0
2025-09-20,Zach Bryan,6,12.0
2025-09-21,Arctic Monkeys,1,2.0
2025-09-21,Benson Boone,2,4.0
2025-09-21,Billie Eilish,2,4.0
2025-09-21,Chappell Roan,5,10.0
2025-09-21,Charli xcx & Billie Eilish,1,2.0
2025-09-21,Dasha,1,2.0
2025-09-21,Frank Ocean,1,2.0
2025-09-21,Gigi Perez,1,2.0
2025-09-21,Gracie Abrams,1,2.0
2025-09-21,Gunna,1,2.0
2025-09-21,Hanumankind & Kalmi,1,2.0
2025-09-21,Hozier,1,2.0
2025-09-21,Jimin,1,2.0
2025-09-21,KAROL G,1,2.0
2025-09-21,Kendrick Lamar,1,2.0
2025-09-21,Lady Gaga & Bruno Mars,1,2.0
2025-09-21,Luke Combs,1,2.0
2025-09-21,Morgan Wallen,3,6.0
2025-09-21,Noah Kahan,1,2.0
2025-09-21,Peso Pluma,1,2.0
2025-09-21,Playboi Carti,1,2.0
2025-09-21,Post Malone,1,2.0
2025-09-21,Sabrina Carpenter,6,12.0
2025-09-21,Shaboozey,1,2.0
2025-09-21,Tate McRae,1,2.0
2025-09-21,Teddy Swims,1,2.0
2025-09-21,The Kid LAROI,1,2.0
2025-09-21,The Neighbourhood,1,2.0
2025-09-21,The Weeknd,1,2.0
2025-09-21,Tommy Richman,1,2.0
2025-09-21,"Tyler, The Creator",1,2.0
2025-09-21,Zach Bryan,6,12.0
2025-09-22,Bad Bunny,1,2.0
2025-09-22,Benson Boone,2,4.0
2025-09-22,Billie Eilish,2,4.0
2025-09-22,Chappell Roan,5,10.0
2025-09-22,Charli xcx & Billie Eilish,1,2.0
2025-09-22,Dasha,1,2.0
2025-09-22,Future,8,16.0
2025-09-22,Gigi Perez,1,2.0
2025-09-22,Gracie Abrams,1,2.0
2025-09-22,Hozier,1,2.0
2025-09-22,Jimin,1,2.0
2025-09-22,Kendrick Lamar,1,2.0
2025-09-22,Lady Gaga & Bruno Mars,1,2.0
2025-09-22,Luke Combs,1,2.0
2025-09-22,Morgan Wallen,2,4.0
2025-09-22,Noah Kahan,1,2.0
2025-09-22,Peso Pluma,1,2.0
2025-09-22,Playboi Carti,1,2.0
2025-09-22,Post Malone,1,2.0
2025-09-22,Sabrina Carpenter,5,10.0
2025-09-22,Shaboozey,1,2.0
2025-09-22,Tate McRae,1,2.0
2025-09-22,Teddy Swims,1,2.0
2025-09-22,The Kid LAROI,1,2.0
2025-09-22,The Neighbourhood,1,2.0
2025-09-22,Tommy Richman,1,2.0
2025-09-22,"Tyler, The Creator",1,2.0
2025-09-22,Zach Bryan,5,10.0
2025-09-23,Benson Boone,2,4.0
2025-09-23,BigXthaPlug,1,2.0
2025-09-23,Billie Eilish,2,4.0
2025-09-23,Chappell Roan,5,10.0
2025-09-23,Charli xcx & Billie Eilish,1,2.0
2025-09-23,Dasha,1,2.0
2025-09-23,"Earth, Wind & Fire & sped up + slowed",1,2.0
2025-09-23,Future,4,8.0
2025-09-23,Gigi Perez,1,2.0
2025-09-23,Gracie Abrams,1,2.0
2025-09-23,Hanumankind & Kalmi,1,2.0
2025-09-23,Hozier,1,2.0
2025-09-23,Jimin,1,2.0
2025-09-23,Kendrick Lamar,1,2.0
2025-09-23,Lady Gaga & Bruno Mars,1,2.0
2025-09-23,Luke Combs,1,2.0
2025-09-23,Morgan Wallen,3,6.0
2025-09-23,Noah Kahan,1,2.0
2025-09-23,Peso Pluma,1,2.0
2025-09-23,Playboi Carti,1,2.0
2025-09-23,Post Malone,1,2.0
2025-09-23,Sabrina Carpenter,5,10.0
2025-09-23,Shaboozey,1,2.0
2025-09-23,Tate McRae,1,2.0
2025-09-23,Teddy Swims,1,2.0
2025-09-23,The Kid LAROI,1,2.0
2025-09-23,The Neighbourhood,1,2.0
2025-09-23,Tommy Richman,1,2.0
2025-09-23,Travis Scott,1,2.0
2025-09-23,"Tyler, The Creator",1,2.0
2025-09-23,Zach Bryan,5,10.0
2025-09-24,Arctic Monkeys,1,2.0
2025-09-24,Benson Boone,2,4.0
2025-09-24,BigXthaPlug,1,2.0
2025-09-24,Billie Eilish,2,4.0
2025-09-24,Chappell Roan,5,10.0
2025-09-24,Charli xcx & Billie Eilish,1,2.0
2025-09-24,Dasha,1,2.0
2025-09-24,"Earth, Wind & Fire & sped up + slowed",1,2.0
2025-09-24,Frank Ocean,1,2.0
2025-09-24,Future,1,2.0
2025-09-24,Gigi Perez,1,2.0
2025-09-24,Gracie Abrams,1,2.0
2025-09-24,Hanumankind & Kalmi,1,2.0
2025-09-24,Hozier,1,2.0
2025-09-24,Jimin,1,2.0
2025-09-24,Kendrick Lamar,1,2.0
2025-09-24,Lady Gaga & Bruno Mars,1,2.0
2025-09-24,Luke Combs,1,2.0
2025-09-24,Morgan Wallen,3,6.0
2025-09-24,Noah Kahan,1,2.0
2025-09-24,Peso Pluma,1,2.0
2025-09-24,Playboi Carti,1,2.0
2025-09-24,Post Malone,1,2.0
2025-09-24,Sabrina Carpenter,5,10.0
2025-09-24,Shaboozey,1,2.0
2025-09-24,Tate McRae,1,2.0
2025-09-24,Teddy Swims,1,2.0
2025-09-24,The Kid LAROI,1,2.0
2025-09-24,The Neighbourhood,1,2.0
2025-09-24,Tommy Richman,1,2.0
2025-09-24,Travis Scott,1,2.0
2025-09-24,"Tyler, The Creator",1,2.0
2025-09-24,Zach Bryan,6,12.0
2025-09-25,Arctic Monkeys,1,2.0
2025-09-25,Benson Boone,2,4.0
2025-09-25,Billie Eilish,2,4.0
2025-09-25,Chappell Roan,5,10.0
2025-09-25,Charli xcx & Billie Eilish,1,2.0
2025-09-25,Dasha,1,2.0
2025-09-25,Frank Ocean,1,2.0
2025-09-25,Future,1,2.0
2025-09-25,Gigi Perez,1,2.0
2025-09-25,Gracie Abrams,1,2.0
2025-09-25,Hanumankind & Kalmi,1,2.0
2025-09-25,Hozier,1,2.0
2025-09-25,Jimin,1,2.0
2025-09-25,Kendrick Lamar,1,2.0
2025-09-25,Lady Gaga & Bruno Mars,1,2.0
2025-09-25,Luke Combs,1,2.0
2025-09-25,Mitski,1,2.0
2025-09-25,Morgan Wallen,3,6.0
2025-09-25,Noah Kahan,1,2.0
2025-09-25,Peso Pluma,1,2.0
2025-09-25,Playboi Carti,1,2.0
2025-09-25,Post Malone,1,2.0
2025-09-25,Sabrina Carpenter,5,10.0
2025-09-25,Shaboozey,1,2.0
2025-09-25,Surf Curse,1,2.0
2025-09-25,TV Girl,1,2.0
2025-09-25,Tate McRae,1,2.0
2025-09-25,Teddy Swims,1,2.0
2025-09-25,The Kid LAROI,1,2.0
2025-09-25,The Neighbourhood,1,2.0
2025-09-25,Tommy Richman,1,2.0
2025-09-25,"Tyler, The Creator",1,2.0
2025-09-25,Zach Bryan,6,12.0
2025-09-26,Arctic Monkeys,1,2.0
2025-09-26,Benson Boone,2,4.0
2025-09-26,Billie Eilish,2,4.0
2025-09-26,Chappell Roan,5,10.0
2025-09-26,Charli xcx & Billie Eilish,1,2.0
2025-09-26,Dasha,1,2.0
2025-09-26,Frank Ocean,1,2.0
2025-09-26,Future,2,4.0
2025-09-26,Gigi Perez,1,2.0
2025-09-26,Gracie Abrams,1,2.0
2025-09-26,Hozier,1,2.0
2025-09-26,Jimin,1,2.0
2025-09-26,Kendrick Lamar,1,2.0
2025-09-26,Lady Gaga & Bruno Mars,1,2.0
2025-09-26,Linkin Park,1,2.0
2025-09-26,Luke Combs,1,2.0
2025-09-26,Mitski,1,2.0
2025-09-26,Morgan Wallen,3,6.0
2025-09-26,Noah Kahan,1,2.0
2025-09-26,Peso Pluma,1,2.0
2025-09-26,Playboi Carti,1,2.0
2025-09-26,Post Malone,1,2.0
2025-09-26,Sabrina Carpenter,6,12.0
2025-09-26,Shaboozey,1,2.0
2025-09-26,Tate McRae,1,2.0
2025-09-26,Teddy Swims,1,2.0
2025-09-26,The Kid LAROI,1,2.0
2025-09-26,The Neighbourhood,1,2.0
2025-09-26,Tommy Richman,1,2.0
2025-09-26,"Tyler, The Creator",1,2.0
2025-09-26,Zach Bryan,6,12.0
2025-09-27,Arctic Monkeys,1,2.0
2025-09-27,Benson Boone,2,4.0
2025-09-27,Billie Eilish,2,4.0
2025-09-27,Chappell Roan,5,10.0
2025-09-27,Charli xcx & Billie Eilish,1,2.0
2025-09-27,Dasha,1,2.0
2025-09-27,Future,1,2.0
2025-09-27,Gigi Perez,1,2.0
2025-09-27,Gracie Abrams,1,2.0
2025-09-27,Gunna,1,2.0
2025-09-27,Hanumankind & Kalmi,1,2.0
2025-09-27,Hozier,1,2.0
2025-09-27,Jimin,1,2.0
2025-09-27,Kendrick Lamar,1,2.0
2025-09-27,Lady Gaga & Bruno Mars,1,2.0
2025-09-27,Linkin Park,2,4.0
2025-09-27,Luke Combs,1,2.0
2025-09-27,Morgan Wallen,3,6.0
2025-09-27,Noah Kahan,1,2.0
2025-09-27,Peso Pluma,1,2.0
2025-09-27,Playboi Carti,1,2.0
2025-09-27,Post Malone,1,2.0
2025-09-27,Sabrina Carpenter,6,12.0
2025-09-27,Shaboozey,1,2.0
2025-09-27,Tate McRae,1,2.0
2025-09-27,Teddy Swims,1,2.0
2025-09-27,The Kid LAROI,1,2.0
2025-09-27,The Neighbourhood,1,2.0
2025-09-27,Tommy Richman,1,2.0
2025-09-27,"Tyler, The Creator",1,2.0
2025-09-27,Zach Bryan,6,12.0
2025-09-28,Arctic Monkeys,1,2.0
2025-09-28,Benson Boone,2,4.0
2025-09-28,Billie Eilish,2,4.0
2025-09-28,Chappell Roan,5,10.0
2025-09-28,Charli xcx & Billie Eilish,1,2.0
2025-09-28,Dasha,1,2.0
2025-09-28,Frank Ocean,1,2.0
2025-09-28,Gigi Perez,1,2.0
2025-09-28,Gracie Abrams,1,2.0
2025-09-28,Gunna,1,2.0
2025-09-28,Hanumankind & Kalmi,1,2.0
2025-09-28,Hozier,1,2.0
2025-09-28,Jimin,1,2.0
2025-09-28,Kendrick Lamar,1,2.0
2025-09-28,Lady Gaga & Bruno Mars,1,2.0
2025-09-28,Linkin Park,1,2.0
2025-09-28,Luke Combs,1,2.0
2025-09-28,Morgan Wallen,3,6.0
2025-09-28,Noah Kahan,1,2.0
2025-09-28,Peso Pluma,1,2.0
2025-09-28,Playboi Carti,1,2.0
2025-09-28,Post Malone,1,2.0
2025-09-28,Sabrina Carpenter,6,12.0
2025-09-28,Shaboozey,1,2.0
2025-09-28,Tate McRae,1,2.0
2025-09-28,Teddy Swims,1,2.0
2025-09-28,The Kid LAROI,1,2.0
2025-09-28,The Neighbourhood,1,2.0
2025-09-28,Tommy Richman,1,2.0
2025-09-28,Travis Scott,1,2.0
2025-09-28,"Tyler, The Creator",1,2.0
2025-09-28,Zach Bryan,6,12.0
2025-09-29,Arctic Monkeys,1,2.0
2025-09-29,Benson Boone,2,4.0
2025-09-29,Billie Eilish,2,4.0
2025-09-29,Chappell Roan,5,10.0
2025-09-29,Charli xcx & Billie Eilish,1,2.0
2025-09-29,Dasha,1,2.0
2025-09-29,Frank Ocean,1,2.0
2025-09-29,Gigi Perez,1,2.0
2025-09-29,Gracie Abrams,1,2.0
2025-09-29,Gunna,1,2.0
2025-09-29,Hozier,1,2.0
2025-09-29,Jimin,1,2.0
2025-09-29,Kendrick Lamar,1,2.0
2025-09-29,Lady Gaga & Bruno Mars,1,2.0
2025-09-29,Linkin Park,1,2.0
2025-09-29,Luke Combs,1,2.0
2025-09-29,Morgan Wallen,3,6.0
2025-09-29,Noah Kahan,1,2.0
2025-09-29,Peso Pluma,1,2.0
2025-09-29,Playboi Carti,1,2.0
2025-09-29,Post Malone,1,2.0
2025-09-29,Sabrina Carpenter,6,12.0
2025-09-29,Shaboozey,1,2.0
2025-09-29,Tate McRae,1,2.0
2025-09-29,Teddy Swims,1,2.0
2025-09-29,The Kid LAROI,1,2.0
2025-09-29,The Neighbourhood,1,2.0
2025-09-29,The Weeknd & Playboi Carti,1,2.0
2025-09-29,Tommy Richman,1,2.0
2025-09-29,Travis Scott,1,2.0
2025-09-29,"Tyler, The Creator",1,2.0
2025-09-29,Zach Bryan,6,12.0
2025-09-30,Arctic Monkeys,1,2.0
2025-09-30,Benson Boone,2,4.0
2025-09-30,BigXthaPlug,1,2.0
2025-09-30,Billie Eilish,2,4.0
2025-09-30,Chappell Roan,5,10.0
2025-09-30,Charli xcx & Billie Eilish,1,2.0
2025-09-30,Dasha,1,2.0
2025-09-30,Gigi Perez,1,2.0
2025-09-30,Gracie Abrams,1,2.0
2025-09-30,Gunna,1,2.0
2025-09-30,Hanumankind & Kalmi,1,2.0
2025-09-30,Hozier,1,2.0
2025-09-30,Jimin,1,2.0
2025-09-30,Kendrick Lamar,1,2.0
2025-09-30,Lady Gaga & Bruno Mars,1,2.0
2025-09-30,Luke Combs,1,2.0
2025-09-30,Morgan Wallen,3,6.0
2025-09-30,Noah Kahan,1,2.0
2025-09-30,Peso Pluma,1,2.0
2025-09-30,Playboi Carti,1,2.0
2025-09-30,Post Malone,1,2.0
2025-09-30,Sabrina Carpenter,6,12.0
2025-09-30,Shaboozey,1,2.0
2025-09-30,Tate McRae,1,2.0
2025-09-30,Teddy Swims,1,2.0
2025-09-30,The Kid LAROI,1,2.0
2025-09-30,The Neighbourhood,1,2.0
2025-09-30,The Weeknd & Playboi Carti,1,2.0
2025-09-30,Tommy Richman,1,2.0
2025-09-30,Travis Scott,1,2.0
2025-09-30,"Tyler, The Creator",1,2.0
2025-09-30,Zach Bryan,6,12.0
2025-10-01,Arctic Monkeys,1,2.0
2025-10-01,Benson Boone,2,4.0
2025-10-01,Billie Eilish,2,4.0
2025-10-01,Chappell Roan,5,10.0
2025-10-01,Charli xcx & Billie Eilish,1,2.0
2025-10-01,Dasha,1,2.0
2025-10-01,Frank Ocean,1,2.0
2025-10-01,Gigi Perez,1,2.0
2025-10-01,Gracie Abrams,1,2.0
2025-10-01,Gunna,1,2.0
2025-10-01,Hanumankind & Kalmi,1,2.0
2025-10-01,Hozier,1,2.0
2025-10-01,Jimin,1,2.0
2025-10-01,Kendrick Lamar,1,2.0
2025-10-01,Lady Gaga & Bruno Mars,1,2.0
2025-10-01,Luke Combs,1,2.0
2025-10-01,Morgan Wallen,3,6.0
2025-10-01,Noah Kahan,1,2.0
2025-10-01,Peso Pluma,1,2.0
2025-10-01,Playboi Carti,1,2.0
2025-10-01,Post Malone,1,2.0
2025-10-01,Sabrina Carpenter,6,12.0
2025-10-01,Shaboozey,1,2.0
2025-10-01,Tate McRae,1,2.0
2025-10-01,Teddy Swims,1,2.0
2025-10-01,The Kid LAROI,1,2.0
2025-10-01,The Neighbourhood,1,2.0
2025-10-01,The Weeknd & Playboi Carti,1,2.0
2025-10-01,Tommy Richman,1,2.0
2025-10-01,Travis Scott,1,2.0
2025-10-01,"Tyler, The Creator",1,2.0
2025-10-01,Zach Bryan,6,12.0
2025-10-02,Arctic Monkeys,1,2.0
2025-10-02,Benson Boone,2,4.0
2025-10-02,Billie Eilish,2,4.0
2025-10-02,Chappell Roan,5,10.0
2025-10-02,Charli xcx & Billie Eilish,1,2.0
2025-10-02,Dasha,1,2.0
2025-10-02,Frank Ocean,1,2.0
2025-10-02,Fuerza Regida,1,2.0
2025-10-02,Gigi Perez,1,2.0
2025-10-02,Gracie Abrams,1,2.0
2025-10-02,Gunna,1,2.0
2025-10-02,Hozier,1,2.0
2025-10-02,Jimin,1,2.0
2025-10-02,Kendrick Lamar,1,2.0
2025-10-02,Lady Gaga & Bruno Mars,1,2.0
2025-10-02,Luke Combs,1,2.0
2025-10-02,Morgan Wallen,2,4.0
2025-10-02,Noah Kahan,1,2.0
2025-10-02,Peso Pluma,1,2.0
2025-10-02,Playboi Carti,1,2.0
2025-10-02,Post Malone,1,2.0
2025-10-02,Sabrina Carpenter,6,12.0
2025-10-02,Shaboozey,1,2.0
2025-10-02,Tate McRae,1,2.0
2025-10-02,Teddy Swims,1,2.0
2025-10-02,The Kid LAROI,1,2.0
2025-10-02,The Marías,1,2.0
2025-10-02,The Neighbourhood,1,2.0
2025-10-02,The Weeknd & Playboi Carti,1,2.0
2025-10-02,Tommy Richman,1,2.0
2025-10-02,Travis Scott,1,2.0
2025-10-02,"Tyler, The Creator",1,2.0
2025-10-02,Zach Bryan,6,12.0
2025-10-03,Addison Rae,1,2.0
2025-10-03,Benson Boone,2,4.0
2025-10-03,Billie Eilish,2,4.0
2025-10-03,Chappell Roan,5,10.0
2025-10-03,Charli xcx & Billie Eilish,1,2.0
2025-10-03,Dasha,1,2.0
2025-10-03,Frank Ocean,1,2.0
2025-10-03,Fuerza Regida,1,2.0
2025-10-03,Gigi Perez,1,2.0
2025-10-03,Gracie Abrams,1,2.0
2025-10-03,Gunna,1,2.0
2025-10-03,Hozier,1,2.0
2025-10-03,Jimin,1,2.0
2025-10-03,Kendrick Lamar,1,2.0
2025-10-03,Lady Gaga & Bruno Mars,1,2.0
2025-10-03,Luke Combs,1,2.0
2025-10-03,Morgan Wallen,2,4.0
2025-10-03,Noah Kahan,1,2.0
2025-10-03,Peso Pluma,1,2.0
2025-10-03,Playboi Carti,1,2.0
2025-10-03,Post Malone,1,2.0
2025-10-03,Sabrina Carpenter,6,12.0
2025-10-03,Shaboozey,1,2.0
2025-10-03,Tate McRae,1,2.0
2025-10-03,Teddy Swims,1,2.0
2025-10-03,The Kid LAROI,1,2.0
2025-10-03,The Marías,1,2.0
2025-10-03,The Neighbourhood,1,2.0
2025-10-03,The Weeknd & Playboi Carti,1,2.0
2025-10-03,Tommy Richman,1,2.0
2025-10-03,Travis Scott,1,2.0
2025-10-03,"Tyler, The Creator",1,2.0
2025-10-03,Zach Bryan,6,12.0
2025-10-04,Addison Rae,1,2.0
2025-10-04,Benson Boone,2,4.0
2025-10-04,Billie Eilish,2,4.0
2025-10-04,Chappell Roan,5,10.0
2025-10-04,Charli xcx & Billie Eilish,1,2.0
2025-10-04,Dasha,1,2.0
2025-10-04,Frank Ocean,1,2.0
2025-10-04,Gigi Perez,1,2.0
2025-10-04,Gracie Abrams,1,2.0
2025-10-04,Gunna,1,2.0
2025-10-04,Hozier,1,2.0
2025-10-04,Jimin,1,2.0
2025-10-04,Kendrick Lamar,1,2.0
2025-10-04,Lady Gaga & Bruno Mars,1,2.0
2025-10-04,Luke Combs,1,2.0
2025-10-04,Morgan Wallen,3,6.0
2025-10-04,Noah Kahan,1,2.0
2025-10-04,Peso Pluma,1,2.0
2025-10-04,Playboi Carti,1,2.0
2025-10-04,Post Malone,1,2.0
2025-10-04,Sabrina Carpenter,6,12.0
2025-10-04,Shaboozey,1,2.0
2025-10-04,Tate McRae,1,2.0
2025-10-04,Teddy Swims,1,2.0
2025-10-04,The Kid LAROI,1,2.0
2025-10-04,The Marías,1,2.0
2025-10-04,The Neighbourhood,1,2.0
2025-10-04,The Weeknd & Playboi Carti,1,2.0
2025-10-04,Tommy Richman,1,2.0
2025-10-04,Travis Scott,1,2.0
2025-10-04,"Tyler, The Creator",1,2.0
2025-10-04,Zach Bryan,6,12.0
2025-10-05,Addison Rae,1,2.0
2025-10-05,Benson Boone,2,4.0
2025-10-05,BigXthaPlug,1,2.0
2025-10-05,Billie Eilish,2,4.0
2025-10-05,Chappell Roan,5,10.0
2025-10-05,Charli xcx & Billie Eilish,1,2.0
2025-10-05,Frank Ocean,1,2.0
2025-10-05,Gigi Perez,1,2.0
2025-10-05,Gracie Abrams,1,2.0
2025-10-05,Gunna,1,2.0
2025-10-05,Hozier,1,2.0
2025-10-05,Jimin,1,2.0
2025-10-05,Kendrick Lamar,1,2.0
2025-10-05,Lady Gaga & Bruno Mars,1,2.0
2025-10-05,Luke Combs,1,2.0
2025-10-05,Morgan Wallen,3,6.0
2025-10-05,Noah Kahan,1,2.0
2025-10-05,Peso Pluma,1,2.0
2025-10-05,Post Malone,1,2.0
2025-10-05,Sabrina Carpenter,6,12.0
2025-10-05,Shaboozey,1,2.0
2025-10-05,Tate McRae,1,2.0
2025-10-05,Teddy Swims,1,2.0
2025-10-05,The Kid LAROI,1,2.0
2025-10-05,The Marías,1,2.0
2025-10-05,The Neighbourhood,1,2.0
2025-10-05,The Weeknd & Playboi Carti,1,2.0
2025-10-05,Tommy Richman,1,2.0
2025-10-05,Travis Scott,1,2.0
2025-10-05,"Tyler, The Creator",1,2.0
2025-10-05,Zach Bryan,6,12.0
2025-10-05,girl in red,1,2.0
2025-10-06,Addison Rae,1,2.0
2025-10-06,Benson Boone,2,4.0
2025-10-06,BigXthaPlug,1,2.0
2025-10-06,Billie Eilish,2,4.0
2025-10-06,Chappell Roan,5,10.0
2025-10-06,Charli xcx & Billie Eilish,1,2.0
2025-10-06,Frank Ocean,1,2.0
2025-10-06,Gigi Perez,1,2.0
2025-10-06,Gracie Abrams,1,2.0
2025-10-06,Gunna,1,2.0
2025-10-06,Hozier,1,2.0
2025-10-06,Jimin,1,2.0
2025-10-06,Kendrick Lamar,1,2.0
2025-10-06,Lady Gaga & Bruno Mars,1,2.0
2025-10-06,Luke Combs,1,2.0
2025-10-06,Morgan Wallen,3,6.0
2025-10-06,Noah Kahan,1,2.0
2025-10-06,Peso Pluma,1,2.0
2025-10-06,Post Malone,1,2.0
2025-10-06,Sabrina Carpenter,6,12.0
2025-10-06,Shaboozey,1,2.0
2025-10-06,Tate McRae,1,2.0
2025-10-06,Teddy Swims,1,2.0
2025-10-06,The Kid LAROI,1,2.0
2025-10-06,The Neighbourhood,1,2.0
2025-10-06,The Weeknd & Playboi Carti,1,2.0
2025-10-06,Tommy Richman,1,2.0
2025-10-06,Travis Scott,1,2.0
2025-10-06,Tucker Wetmore,1,2.0
2025-10-06,"Tyler, The Creator",1,2.0
2025-10-06,Zach Bryan,6,12.0
2025-10-06,girl in red,1,2.0
2025-10-07,Addison Rae,1,2.0
2025-10-07,Benson Boone,2,4.0
2025-10-07,BigXthaPlug,1,2.0
2025-10-07,Billie Eilish,2,4.0
2025-10-07,Chappell Roan,4,8.0
2025-10-07,Charli xcx & Billie Eilish,1,2.0
2025-10-07,Frank Ocean,1,2.0
2025-10-07,Gigi Perez,1,2.0
2025-10-07,Gracie Abrams,1,2.0
2025-10-07,Gunna,1,2.0
2025-10-07,Hozier,1,2.0
2025-10-07,Jimin,1,2.0
2025-10-07,Kendrick Lamar,1,2.0
2025-10-07,Lady Gaga & Bruno Mars,1,2.0
2025-10-07,Luke Combs,1,2.0
2025-10-07,Morgan Wallen,4,8.0
2025-10-07,Noah Kahan,1,2.0
2025-10-07,Peso Pluma,1,2.0
2025-10-07,Post Malone,1,2.0
2025-10-07,Sabrina Carpenter,6,12.0
2025-10-07,Shaboozey,1,2.0
2025-10-07,Tate McRae,1,2.0
2025-10-07,Teddy Swims,1,2.0
2025-10-07,The Kid LAROI,1,2.0
2025-10-07,The Neighbourhood,1,2.0
2025-10-07,The Weeknd & Playboi Carti,1,2.0
2025-10-07,Tommy Richman,1,2.0
2025-10-07,Travis Scott,1,2.0
2025-10-07,Tucker Wetmore,1,2.0
2025-10-07,"Tyler, The Creator",1,2.0
2025-10-07,Zach Bryan,6,12.0
2025-10-07,girl in red,1,2.0
2025-10-08,Addison Rae,1,2.0
2025-10-08,Benson Boone,2,4.0
2025-10-08,Billie Eilish,2,4.0
2025-10-08,Chappell Roan,5,10.0
2025-10-08,Charli xcx & Billie Eilish,1,2.0
2025-10-08,Frank Ocean,1,2.0
2025-10-08,Gigi Perez,1,2.0
2025-10-08,Gracie Abrams,1,2.0
2025-10-08,Gunna,1,2.0
2025-10-08,Hozier,1,2.0
2025-10-08,Jimin,1,2.0
2025-10-08,Kendrick Lamar,1,2.0
2025-10-08,Lady Gaga & Bruno Mars,1,2.0
2025-10-08,Luke Combs,1,2.0
2025-10-08,Morgan Wallen,4,8.0
2025-10-08,NLE Choppa,1,2.0
2025-10-08,Noah Kahan,1,2.0
2025-10-08,Peso Pluma,1,2.0
2025-10-08,Post Malone,1,2.0
2025-10-08,Sabrina Carpenter,6,12.0
2025-10-08,Shaboozey,1,2.0
2025-10-08,Tate McRae,1,2.0
2025-10-08,Teddy Swims,1,2.0
2025-10-08,The Kid LAROI,1,2.0
2025-10-08,The Neighbourhood,1,2.0
2025-10-08,The Weeknd & Playboi Carti,1,2.0
2025-10-08,Tommy Richman,1,2.0
2025-10-08,Travis Scott,1,2.0
2025-10-08,"Tyler, The Creator",1,2.0
2025-10-08,Zach Bryan,6,12.0
2025-10-08,girl in red,1,2.0
2025-10-09,Addison Rae,1,2.0
2025-10-09,Benson Boone,2,4.0
2025-10-09,Billie Eilish,2,4.0
2025-10-09,Chappell Roan,5,10.0
2025-10-09,Charli xcx & Billie Eilish,1,2.0
2025-10-09,Frank Ocean,1,2.0
2025-10-09,Fuerza Regida,1,2.0
2025-10-09,Gigi Perez,1,2.0
2025-10-09,Gracie Abrams,1,2.0
2025-10-09,Gunna,1,2.0
2025-10-09,Hozier,1,2.0
2025-10-09,Jimin,1,2.0
2025-10-09,Kendrick Lamar,1,2.0
2025-10-09,Lady Gaga & Bruno Mars,1,2.0
2025-10-09,Luke Combs,1,2.0
2025-10-09,Mitski,1,2.0
2025-10-09,Morgan Wallen,3,6.0
2025-10-09,NLE Choppa,1,2.0
2025-10-09,Noah Kahan,1,2.0
2025-10-09,Peso Pluma,1,2.0
2025-10-09,Post Malone,1,2.0
2025-10-09,Sabrina Carpenter,6,12.0
2025-10-09,Shaboozey,1,2.0
2025-10-09,Teddy Swims,1,2.0
2025-10-09,The Kid LAROI,1,2.0
2025-10-09,The Marías,1,2.0
2025-10-09,The Neighbourhood,1,2.0
2025-10-09,The Weeknd & Playboi Carti,1,2.0
2025-10-09,Tommy Richman,1,2.0
2025-10-09,Travis Scott,1,2.0
2025-10-09,"Tyler, The Creator",1,2.0
2025-10-09,Zach Bryan,5,10.0
2025-10-09,girl in red,1,2.0
2025-10-10,Addison Rae,1,2.0
2025-10-10,Benson Boone,2,4.0
2025-10-10,Billie Eilish,2,4.0
2025-10-10,Chappell Roan,4,8.0
2025-10-10,Charli xcx & Billie Eilish,1,2.0
2025-10-10,Frank Ocean,1,2.0
2025-10-10,Fuerza Regida,1,2.0
2025-10-10,Gigi Perez,1,2.0
2025-10-10,Gracie Abrams,1,2.0
2025-10-10,Gunna,1,2.0
2025-10-10,Hozier,1,2.0
2025-10-10,Jimin,1,2.0
2025-10-10,Kendrick Lamar,1,2.0
2025-10-10,Lady Gaga & Bruno Mars,1,2.0
2025-10-10,Luke Combs,1,2.0
2025-10-10,Mitski,1,2.0
2025-10-10,Morgan Wallen,3,6.0
2025-10-10,NLE Choppa,1,2.0
2025-10-10,Noah Kahan,1,2.0
2025-10-10,Peso Pluma,1,2.0
2025-10-10,Post Malone,1,2.0
2025-10-10,Sabrina Carpenter,6,12.0
2025-10-10,Shaboozey,1,2.0
2025-10-10,Teddy Swims,1,2.0
2025-10-10,The Kid LAROI,1,2.0
2025-10-10,The Marías,1,2.0
2025-10-10,The Neighbourhood,1,2.0
2025-10-10,The Weeknd & Playboi Carti,1,2.0
2025-10-10,Tommy Richman,1,2.0
2025-10-10,Travis Scott,1,2.0
2025-10-10,"Tyler, The Creator",1,2.0
2025-10-10,Zach Bryan,6,12.0
2025-10-10,girl in red,1,2.0
2025-10-11,Addison Rae,1,2.0
2025-10-11,Benson Boone,2,4.0
2025-10-11,Billie Eilish,2,4.0
2025-10-11,Chappell Roan,4,8.0
2025-10-11,Charli xcx & Billie Eilish,1,2.0
2025-10-11,Dasha,1,2.0
2025-10-11,Frank Ocean,1,2.0
2025-10-11,Gigi Perez,1,2.0
2025-10-11,Gracie Abrams,1,2.0
2025-10-11,Gunna,1,2.0
2025-10-11,Hozier,1,2.0
2025-10-11,Jimin,1,2.0
2025-10-11,Kendrick Lamar,1,2.0
2025-10-11,Lady Gaga & Bruno Mars,1,2.0
2025-10-11,Luke Combs,1,2.0
2025-10-11,Mitski,1,2.0
2025-10-11,Morgan Wallen,3,6.0
2025-10-11,NLE Choppa,1,2.0
2025-10-11,Noah Kahan,1,2.0
2025-10-11,Peso Pluma,1,2.0
2025-10-11,Post Malone,1,2.0
2025-10-11,Sabrina Carpenter,6,12.0
2025-10-11,Shaboozey,1,2.0
2025-10-11,Tate McRae,1,2.0
2025-10-11,Teddy Swims,1,2.0
2025-10-11,The Kid LAROI,1,2.0
2025-10-11,The Marías,1,2.0
2025-10-11,The Neighbourhood,1,2.0
2025-10-11,The Weeknd & Playboi Carti,1,2.0
2025-10-11,Tommy Richman,1,2.0
2025-10-11,Travis Scott,1,2.0
2025-10-11,"Tyler, The Creator",1,2.0
2025-10-11,Zach Bryan,5,10.0
2025-10-11,girl in red,1,2.0
2025-10-12,Addison Rae,1,2.0
2025-10-12,Benson Boone,2,4.0
2025-10-12,BigXthaPlug,1,2.0
2025-10-12,Billie Eilish,2,4.0
2025-10-12,Chappell Roan,5,10.0
2025-10-12,Charli xcx & Billie Eilish,1,2.0
2025-10-12,Dasha,1,2.0
2025-10-12,Frank Ocean,1,2.0
2025-10-12,Gigi Perez,1,2.0
2025-10-12,Gracie Abrams,1,2.0
2025-10-12,Gunna,1,2.0
2025-10-12,Hozier,1,2.0
2025-10-12,Jimin,1,2.0
2025-10-12,Kendrick Lamar,1,2.0
2025-10-12,Lady Gaga & Bruno Mars,1,2.0
2025-10-12,Luke Combs,1,2.0
2025-10-12,Mitski,1,2.0
2025-10-12,Morgan Wallen,3,6.0
2025-10-12,NLE Choppa,1,2.0
2025-10-12,Noah Kahan,1,2.0
2025-10-12,Peso Pluma,1,2.0
2025-10-12,Post Malone,1,2.0
2025-10-12,Sabrina Carpenter,6,12.0
2025-10-12,Shaboozey,1,2.0
2025-10-12,Teddy Swims,1,2.0
2025-10-12,The Kid LAROI,1,2.0
2025-10-12,The Marías,1,2.0
2025-10-12,The Neighbourhood,1,2.0
2025-10-12,The Weeknd & Playboi Carti,1,2.0
2025-10-12,Tommy Richman,1,2.0
2025-10-12,Travis Scott,1,2.0
2025-10-12,"Tyler, The Creator",1,2.0
2025-10-12,Zach Bryan,5,10.0
2025-10-13,Addison Rae,1,2.0
2025-10-13,Benson Boone,2,4.0
2025-10-13,BigXthaPlug,1,2.0
2025-10-13,Billie Eilish,2,4.0
2025-10-13,Chappell Roan,4,8.0
2025-10-13,Charli xcx,4,8.0
2025-10-13,Dasha,1,2.0
2025-10-13,Gigi Perez,1,2.0
2025-10-13,Gracie Abrams,1,2.0
2025-10-13,Gunna,1,2.0
2025-10-13,Hozier,1,2.0
2025-10-13,Jimin,1,2.0
2025-10-13,Kendrick Lamar,1,2.0
2025-10-13,Lady Gaga & Bruno Mars,1,2.0
2025-10-13,Luke Combs,1,2.0
2025-10-13,Morgan Wallen,3,6.0
2025-10-13,NLE Choppa,1,2.0
2025-10-13,Noah Kahan,1,2.0
2025-10-13,Peso Pluma,1,2.0
2025-10-13,Post Malone,1,2.0
2025-10-13,Sabrina Carpenter,6,12.0
2025-10-13,Shaboozey,1,2.0
2025-10-13,Teddy Swims,1,2.0
2025-10-13,The Kid LAROI,1,2.0
2025-10-13,The Marías,1,2.0
2025-10-13,The Neighbourhood,1,2.0
2025-10-13,The Weeknd & Playboi Carti,1,2.0
2025-10-13,Tommy Richman,1,2.0
2025-10-13,Travis Scott,1,2.0
2025-10-13,"Tyler, The Creator",1,2.0
2025-10-13,Zach Bryan,5,10.0
2025-10-14,Addison Rae,1,2.0
2025-10-14,Benson Boone,2,4.0
2025-10-14,BigXthaPlug,1,2.0
2025-10-14,Billie Eilish,2,4.0
2025-10-14,Chappell Roan,4,8.0
2025-10-14,Charli xcx,2,4.0
2025-10-14,Dasha,1,2.0
2025-10-14,Gigi Perez,1,2.0
2025-10-14,Gracie Abrams,1,2.0
2025-10-14,Gunna,1,2.0
2025-10-14,Hozier,1,2.0
2025-10-14,Jimin,1,2.0
2025-10-14,KSI & Trippie Redd,1,2.0
2025-10-14,Kendrick Lamar,1,2.0
2025-10-14,Lady Gaga & Bruno Mars,1,2.0
2025-10-14,Luke Combs,1,2.0
2025-10-14,Morgan Wallen,4,8.0
2025-10-14,NLE Choppa,1,2.0
2025-10-14,Noah Kahan,1,2.0
2025-10-14,Peso Pluma,1,2.0
2025-10-14,Post Malone,1,2.0
2025-10-14,Sabrina Carpenter,6,12.0
2025-10-14,Shaboozey,1,2.0
2025-10-14,Teddy Swims,1,2.0
2025-10-14,The Kid LAROI,1,2.0
2025-10-14,The Marías,1,2.0
2025-10-14,The Neighbourhood,1,2.0
2025-10-14,The Weeknd & Playboi Carti,1,2.0
2025-10-14,Tommy Richman,1,2.0
2025-10-14,Travis Scott,1,2.0
2025-10-14,"Tyler, The Creator",1,2.0
2025-10-14,Zach Bryan,5,10.0
2025-10-15,Addison Rae,1,2.0
2025-10-15,Benson Boone,2,4.0
2025-10-15,BigXthaPlug,1,2.0
2025-10-15,Billie Eilish,2,4.0
2025-10-15,Chappell Roan,5,10.0
2025-10-15,Charli xcx,2,4.0
2025-10-15,Dasha,1,2.0
2025-10-15,Frank Ocean,1,2.0
2025-10-15,Gigi Perez,1,2.0
2025-10-15,Gracie Abrams,1,2.0
2025-10-15,Gunna,1,2.0
2025-10-15,Hozier,1,2.0
2025-10-15,Jimin,1,2.0
2025-10-15,KSI & Trippie Redd,1,2.0
2025-10-15,Kendrick Lamar,1,2.0
2025-10-15,Lady Gaga & Bruno Mars,1,2.0
2025-10-15,Luke Combs,1,2.0
2025-10-15,Morgan Wallen,3,6.0
2025-10-15,NLE Choppa,1,2.0
2025-10-15,Noah Kahan,1,2.0
2025-10-15,Peso Pluma,1,2.0
2025-10-15,Post Malone,1,2.0
2025-10-15,Sabrina Carpenter,6,12.0
2025-10-15,Shaboozey,1,2.0
2025-10-15,Teddy Swims,1,2.0
2025-10-15,The Kid LAROI,1,2.0
2025-10-15,The Marías,1,2.0
2025-10-15,The Neighbourhood,1,2.0
2025-10-15,The Weeknd & Playboi Carti,1,2.0
2025-10-15,Tommy Richman,1,2.0
2025-10-15,Travis Scott,1,2.0
2025-10-15,"Tyler, The Creator",1,2.0
2025-10-15,Zach Bryan,4,8.0
2025-10-16,Addison Rae,1,2.0
2025-10-16,Benson Boone,2,4.0
2025-10-16,BigXthaPlug,1,2.0
2025-10-16,Billie Eilish,2,4.0
2025-10-16,Chappell Roan,5,10.0
2025-10-16,Charli xcx,2,4.0
2025-10-16,Frank Ocean,1,2.0
2025-10-16,Gigi Perez,1,2.0
2025-10-16,Gracie Abrams,1,2.0
2025-10-16,Gunna,1,2.0
2025-10-16,Hozier,1,2.0
2025-10-16,Jimin,1,2.0
2025-10-16,Kendrick Lamar,1,2.0
2025-10-16,Lady Gaga & Bruno Mars,1,2.0
2025-10-16,Luke Combs,1,2.0
2025-10-16,Mitski,1,2.0
2025-10-16,Morgan Wallen,3,6.0
2025-10-16,NLE Choppa,1,2.0
2025-10-16,Noah Kahan,1,2.0
2025-10-16,Peso Pluma,1,2.0
2025-10-16,Post Malone,1,2.0
2025-10-16,Sabrina Carpenter,6,12.0
2025-10-16,Shaboozey,1,2.0
2025-10-16,Teddy Swims,1,2.0
2025-10-16,The Kid LAROI,1,2.0
2025-10-16,The Marías,1,2.0
2025-10-16,The Neighbourhood,1,2.0
2025-10-16,The Weeknd & Playboi Carti,1,2.0
2025-10-16,Tommy Richman,1,2.0
2025-10-16,Travis Scott,1,2.0
2025-10-16,"Tyler, The Creator",1,2.0
2025-10-16,Zach Bryan,5,10.0
2025-10-17,Addison Rae,1,2.0
2025-10-17,Benson Boone,2,4.0
2025-10-17,BigXthaPlug,1,2.0
2025-10-17,Billie Eilish,2,4.0
2025-10-17,Chappell Roan,5,10.0
2025-10-17,Charli xcx,2,4.0
2025-10-17,Dasha,1,2.0
2025-10-17,Frank Ocean,1,2.0
2025-10-17,Gigi Perez,1,2.0
2025-10-17,Gracie Abrams,1,2.0
2025-10-17,Gunna,1,2.0
2025-10-17,Hozier,1,2.0
2025-10-17,Jimin,1,2.0
2025-10-17,Kendrick Lamar,1,2.0
2025-10-17,Lady Gaga & Bruno Mars,1,2.0
2025-10-17,Luke Combs,1,2.0
2025-10-17,Mitski,1,2.0
2025-10-17,Morgan Wallen,3,6.0
2025-10-17,NLE Choppa,1,2.0
2025-10-17,Noah Kahan,1,2.0
2025-10-17,Peso Pluma,1,2.0
2025-10-17,Post Malone,1,2.0
2025-10-17,Sabrina Carpenter,6,12.0
2025-10-17,Shaboozey,1,2.0
2025-10-17,Teddy Swims,1,2.0
2025-10-17,The Kid LAROI,1,2.0
2025-10-17,The Marías,1,2.0
2025-10-17,The Neighbourhood,1,2.0
2025-10-17,The Weeknd & Playboi Carti,1,2.0
2025-10-17,Tommy Richman,1,2.0
2025-10-17,Travis Scott,1,2.0
2025-10-17,"Tyler, The Creator",1,2.0
2025-10-17,Zach Bryan,4,8.0
2025-10-18,Addison Rae,1,2.0
2025-10-18,Benson Boone,2,4.0
2025-10-18,BigXthaPlug,1,2.0
2025-10-18,Billie Eilish,2,4.0
2025-10-18,Chappell Roan,4,8.0
2025-10-18,Charli xcx,2,4.0
2025-10-18,Dasha,1,2.0
2025-10-18,Frank Ocean,1,2.0
2025-10-18,Gigi Perez,1,2.0
2025-10-18,Gracie Abrams,1,2.0
2025-10-18,Gunna,1,2.0
2025-10-18,Hozier,1,2.0
2025-10-18,Jimin,1,2.0
2025-10-18,Kendrick Lamar,1,2.0
2025-10-18,Lady Gaga & Bruno Mars,1,2.0
2025-10-18,Luke Combs,1,2.0
2025-10-18,Mitski,1,2.0
2025-10-18,Morgan Wallen,3,6.0
2025-10-18,NLE Choppa,1,2.0
2025-10-18,Noah Kahan,1,2.0
2025-10-18,Peso Pluma,1,2.0
2025-10-18,Post Malone,1,2.0
2025-10-18,Sabrina Carpenter,6,12.0
2025-10-18,Shaboozey,1,2.0
2025-10-18,Teddy Swims,1,2.0
2025-10-18,The Kid LAROI,1,2.0
2025-10-18,The Marías,1,2.0
2025-10-18,The Neighbourhood,1,2.0
2025-10-18,The Weeknd & Playboi Carti,1,2.0
2025-10-18,Tommy Richman,1,2.0
2025-10-18,Travis Scott,1,2.0
2025-10-18,"Tyler, The Creator",1,2.0
2025-10-18,Zach Bryan,5,10.0
2025-10-19,Addison Rae,1,2.0
2025-10-19,Benson Boone,2,4.0
2025-10-19,BigXthaPlug,1,2.0
2025-10-19,Billie Eilish,2,4.0
2025-10-19,Chappell Roan,4,8.0
2025-10-19,Charli xcx,1,2.0
2025-10-19,Dasha,1,2.0
2025-10-19,Frank Ocean,1,2.0
2025-10-19,Gigi Perez,1,2.0
2025-10-19,Gracie Abrams,1,2.0
2025-10-19,Gunna,1,2.0
2025-10-19,Hozier,1,2.0
2025-10-19,Jimin,1,2.0
2025-10-19,Kendrick Lamar,1,2.0
2025-10-19,Lady Gaga & Bruno Mars,1,2.0
2025-10-19,Luke Combs,1,2.0
2025-10-19,Mitski,1,2.0
2025-10-19,Morgan Wallen,2,4.0
2025-10-19,NLE Choppa,1,2.0
2025-10-19,Noah Kahan,1,2.0
2025-10-19,One Direction,2,4.0
2025-10-19,Peso Pluma,1,2.0
2025-10-19,Post Malone,1,2.0
2025-10-19,Sabrina Carpenter,6,12.0
2025-10-19,Shaboozey,1,2.0
2025-10-19,Teddy Swims,1,2.0
2025-10-19,The Kid LAROI,1,2.0
2025-10-19,The Marías,1,2.0
2025-10-19,The Neighbourhood,1,2.0
2025-10-19,The Weeknd & Playboi Carti,1,2.0
2025-10-19,Tommy Richman,1,2.0
2025-10-19,Travis Scott,1,2.0
2025-10-19,"Tyler, The Creator",1,2.0
2025-10-19,Zach Bryan,5,10.0
2025-10-20,Addison Rae,1,2.0
2025-10-20,Benson Boone,2,4.0
2025-10-20,BigXthaPlug,1,2.0
2025-10-20,Billie Eilish,2,4.0
2025-10-20,Chappell Roan,4,8.0
2025-10-20,Charli xcx,1,2.0
2025-10-20,Dasha,1,2.0
2025-10-20,Gigi Perez,1,2.0
2025-10-20,Gracie Abrams,2,4.0
2025-10-20,Gunna,1,2.0
2025-10-20,Hozier,1,2.0
2025-10-20,Jimin,1,2.0
2025-10-20,Kendrick Lamar,1,2.0
2025-10-20,Lady Gaga & Bruno Mars,1,2.0
2025-10-20,Luke Combs,1,2.0
2025-10-20,Morgan Wallen,3,6.0
2025-10-20,NLE Choppa,1,2.0
2025-10-20,Noah Kahan,1,2.0
2025-10-20,One Direction,2,4.0
2025-10-20,Oscar Maydon & Fuerza Regida,1,2.0
2025-10-20,Peso Pluma,1,2.0
2025-10-20,Post Malone,1,2.0
2025-10-20,ROSÉ & Bruno Mars,1,2.0
2025-10-20,Sabrina Carpenter,6,12.0
2025-10-20,Shaboozey,1,2.0
2025-10-20,Teddy Swims,1,2.0
2025-10-20,The Kid LAROI,1,2.0
2025-10-20,The Marías,1,2.0
2025-10-20,The Neighbourhood,1,2.0
2025-10-20,The Weeknd & Playboi Carti,1,2.0
2025-10-20,Tommy Richman,1,2.0
2025-10-20,Travis Scott,1,2.0
2025-10-20,"Tyler, The Creator",1,2.0
2025-10-20,Zach Bryan,3,6.0
2025-10-21,Addison Rae,1,2.0
2025-10-21,Benson Boone,2,4.0
2025-10-21,BigXthaPlug,1,2.0
2025-10-21,Billie Eilish,2,4.0
2025-10-21,Chappell Roan,4,8.0
2025-10-21,Charli xcx,1,2.0
2025-10-21,Dasha,1,2.0
2025-10-21,Fuerza Regida,1,2.0
2025-10-21,Gigi Perez,1,2.0
2025-10-21,Gracie Abrams,1,2.0
2025-10-21,Gunna,1,2.0
2025-10-21,Hozier,1,2.0
2025-10-21,Jimin,1,2.0
2025-10-21,Kendrick Lamar,1,2.0
2025-10-21,Lady Gaga & Bruno Mars,1,2.0
2025-10-21,Luke Combs,1,2.0
2025-10-21,Morgan Wallen,3,6.0
2025-10-21,Noah Kahan,1,2.0
2025-10-21,One Direction,2,4.0
2025-10-21,Oscar Maydon & Fuerza Regida,1,2.0
2025-10-21,Peso Pluma,1,2.0
2025-10-21,Post Malone,1,2.0
2025-10-21,ROSÉ & Bruno Mars,1,2.0
2025-10-21,Sabrina Carpenter,6,12.0
2025-10-21,Shaboozey,1,2.0
2025-10-21,Teddy Swims,1,2.0
2025-10-21,The Kid LAROI,1,2.0
2025-10-21,The Marías,1,2.0
2025-10-21,The Neighbourhood,1,2.0
2025-10-21,The Weeknd & Playboi Carti,1,2.0
2025-10-21,Tommy Richman,1,2.0
2025-10-21,Travis Scott,1,2.0
2025-10-21,"Tyler, The Creator",1,2.0
2025-10-21,Zach Bryan,4,8.0
2025-10-22,Benson Boone,2,4.0
2025-10-22,BigXthaPlug,1,2.0
2025-10-22,Billie Eilish,2,4.0
2025-10-22,Chappell Roan,4,8.0
2025-10-22,Charli xcx,1,2.0
2025-10-22,Fuerza Regida,1,2.0
2025-10-22,Gigi Perez,1,2.0
2025-10-22,Gracie Abrams,2,4.0
2025-10-22,Gunna,1,2.0
2025-10-22,Hozier,1,2.0
2025-10-22,Jimin,1,2.0
2025-10-22,Kendrick Lamar,1,2.0
2025-10-22,Lady Gaga & Bruno Mars,1,2.0
2025-10-22,Luke Combs,1,2.0
2025-10-22,Morgan Wallen,4,8.0
2025-10-22,Noah Kahan,1,2.0
2025-10-22,One Direction,2,4.0
2025-10-22,Oscar Maydon & Fuerza Regida,1,2.0
2025-10-22,Peso Pluma,1,2.0
2025-10-22,Post Malone,1,2.0
2025-10-22,ROSÉ & Bruno Mars,1,2.0
2025-10-22,Sabrina Carpenter,6,12.0
2025-10-22,Shaboozey,1,2.0
2025-10-22,Teddy Swims,1,2.0
2025-10-22,The Kid LAROI,1,2.0
2025-10-22,The Marías,1,2.0
2025-10-22,The Neighbourhood,1,2.0
2025-10-22,The Weeknd & Playboi Carti,1,2.0
2025-10-22,Tommy Richman,1,2.0
2025-10-22,Travis Scott,1,2.0
2025-10-22,"Tyler, The Creator",1,2.0
2025-10-22,Zach Bryan,4,8.0
2025-10-23,Addison Rae,1,2.0
2025-10-23,Benson Boone,2,4.0
2025-10-23,BigXthaPlug,1,2.0
2025-10-23,Billie Eilish,2,4.0
2025-10-23,Chappell Roan,3,6.0
2025-10-23,Frank Ocean,1,2.0
2025-10-23,Fuerza Regida,1,2.0
2025-10-23,Gigi Perez,1,2.0
2025-10-23,Gracie Abrams,2,4.0
2025-10-23,Gunna,1,2.0
2025-10-23,Hozier,1,2.0
2025-10-23,Jimin,1,2.0
2025-10-23,Kendrick Lamar,1,2.0
2025-10-23,Lady Gaga & Bruno Mars,1,2.0
2025-10-23,Luke Combs,1,2.0
2025-10-23,Mitski,1,2.0
2025-10-23,Morgan Wallen,3,6.0
2025-10-23,Noah Kahan,1,2.0
2025-10-23,One Direction,1,2.0
2025-10-23,Oscar Maydon & Fuerza Regida,1,2.0
2025-10-23,Peso Pluma,1,2.0
2025-10-23,Post Malone,1,2.0
2025-10-23,ROSÉ & Bruno Mars,1,2.0
2025-10-23,Sabrina Carpenter,6,12.0
2025-10-23,Shaboozey,1,2.0
2025-10-23,Teddy Swims,1,2.0
2025-10-23,The Kid LAROI,1,2.0
2025-10-23,The Marías,1,2.0
2025-10-23,The Neighbourhood,1,2.0
2025-10-23,The Weeknd & Playboi Carti,1,2.0
2025-10-23,Tommy Richman,1,2.0
2025-10-23,Travis Scott,1,2.0
2025-10-23,"Tyler, The Creator",2,4.0
2025-10-23,Zach Bryan,4,8.0
2025-10-24,Addison Rae,1,2.0
2025-10-24,Benson Boone,2,4.0
2025-10-24,BigXthaPlug,1,2.0
2025-10-24,Billie Eilish,2,4.0
2025-10-24,Chappell Roan,4,8.0
2025-10-24,Frank Ocean,1,2.0
2025-10-24,Fuerza Regida,1,2.0
2025-10-24,Gigi Perez,1,2.0
2025-10-24,Gracie Abrams,2,4.0
2025-10-24,Gunna,1,2.0
2025-10-24,Hozier,1,2.0
2025-10-24,Jimin,1,2.0
2025-10-24,Kendrick Lamar,1,2.0
2025-10-24,Lady Gaga & Bruno Mars,1,2.0
2025-10-24,Luke Combs,1,2.0
2025-10-24,Mitski,1,2.0
2025-10-24,Morgan Wallen,2,4.0
2025-10-24,Noah Kahan,1,2.0
2025-10-24,One Direction,1,2.0
2025-10-24,Oscar Maydon & Fuerza Regida,1,2.0
2025-10-24,Peso Pluma,1,2.0
2025-10-24,Post Malone,1,2.0
2025-10-24,ROSÉ & Bruno Mars,1,2.0
2025-10-24,Sabrina Carpenter,6,12.0
2025-10-24,Shaboozey,1,2.0
2025-10-24,Teddy Swims,1,2.0
2025-10-24,The Kid LAROI,1,2.0
2025-10-24,The Marías,1,2.0
2025-10-24,The Neighbourhood,1,2.0
2025-10-24,The Weeknd & Playboi Carti,1,2.0
2025-10-24,Tommy Richman,1,2.0
2025-10-24,Travis Scott,1,2.0
2025-10-24,"Tyler, The Creator",2,4.0
2025-10-24,Zach Bryan,4,8.0
2025-10-25,Addison Rae,1,2.0
2025-10-25,Benson Boone,2,4.0
2025-10-25,BigXthaPlug,1,2.0
2025-10-25,Billie Eilish,2,4.0
2025-10-25,Chappell Roan,3,6.0
2025-10-25,Don Toliver,1,2.0
2025-10-25,Frank Ocean,1,2.0
2025-10-25,Fuerza Regida,1,2.0
2025-10-25,Gigi Perez,1,2.0
2025-10-25,Gracie Abrams,2,4.0
2025-10-25,Gunna,1,2.0
2025-10-25,Hozier,1,2.0
2025-10-25,Jimin,1,2.0
2025-10-25,Kendrick Lamar,1,2.0
2025-10-25,Lady Gaga & Bruno Mars,1,2.0
2025-10-25,Luke Combs,1,2.0
2025-10-25,Morgan Wallen,2,4.0
2025-10-25,Noah Kahan,1,2.0
2025-10-25,One Direction,2,4.0
2025-10-25,Oscar Maydon & Fuerza Regida,1,2.0
2025-10-25,Peso Pluma,1,2.0
2025-10-25,Post Malone,1,2.0
2025-10-25,ROSÉ & Bruno Mars,1,2.0
2025-10-25,Sabrina Carpenter,6,12.0
2025-10-25,Shaboozey,1,2.0
2025-10-25,Teddy Swims,1,2.0
2025-10-25,The Kid LAROI,1,2.0
2025-10-25,The Marías,1,2.0
2025-10-25,The Neighbourhood,1,2.0
2025-10-25,The Weeknd & Playboi Carti,1,2.0
2025-10-25,Tommy Richman,1,2.0
2025-10-25,Travis Scott,1,2.0
2025-10-25,"Tyler, The Creator",2,4.0
2025-10-25,Zach Bryan,4,8.0
2025-10-26,Addison Rae,1,2.0
2025-10-26,Benson Boone,2,4.0
2025-10-26,BigXthaPlug,1,2.0
2025-10-26,Billie Eilish,2,4.0
2025-10-26,Chappell Roan,3,6.0
2025-10-26,Frank Ocean,1,2.0
2025-10-26,Fuerza Regida,1,2.0
2025-10-26,Gigi Perez,1,2.0
2025-10-26,Gracie Abrams,2,4.0
2025-10-26,Gunna,1,2.0
2025-10-26,Hozier,1,2.0
2025-10-26,Jimin,1,2.0
2025-10-26,Kendrick Lamar,1,2.0
2025-10-26,Lady Gaga & Bruno Mars,1,2.0
2025-10-26,Luke Combs,1,2.0
2025-10-26,Morgan Wallen,2,4.0
2025-10-26,Noah Kahan,1,2.0
2025-10-26,One Direction,2,4.0
2025-10-26,Oscar Maydon & Fuerza Regida,1,2.0
2025-10-26,Peso Pluma,1,2.0
2025-10-26,Post Malone,1,2.0
2025-10-26,ROSÉ & Bruno Mars,1,2.0
2025-10-26,Sabrina Carpenter,6,12.0
2025-10-26,Shaboozey,1,2.0
2025-10-26,Teddy Swims,1,2.0
2025-10-26,The Kid LAROI,1,2.0
2025-10-26,The Marías,1,2.0
2025-10-26,The Neighbourhood,1,2.0
2025-10-26,The Weeknd & Playboi Carti,1,2.0
2025-10-26,Tito Double P,1,2.0
2025-10-26,Tommy Richman,1,2.0
2025-10-26,Travis Scott,1,2.0
2025-10-26,"Tyler, The Creator",2,4.0
2025-10-26,Zach Bryan,4,8.0
2025-10-27,Addison Rae,1,2.0
2025-10-27,Benson Boone,2,4.0
2025-10-27,BigXthaPlug,1,2.0
2025-10-27,Billie Eilish,2,4.0
2025-10-27,Chappell Roan,4,8.0
2025-10-27,Don Toliver,1,2.0
2025-10-27,Frank Ocean,1,2.0
2025-10-27,Gigi Perez,1,2.0
2025-10-27,Gracie Abrams,2,4.0
2025-10-27,Gunna,1,2.0
2025-10-27,Hozier,1,2.0
2025-10-27,Jimin,1,2.0
2025-10-27,Kendrick Lamar,1,2.0
2025-10-27,Lady Gaga,1,2.0
2025-10-27,Lady Gaga & Bruno Mars,1,2.0
2025-10-27,Morgan Wallen,2,4.0
2025-10-27,Noah Kahan,1,2.0
2025-10-27,One Direction,1,2.0
2025-10-27,Oscar Maydon & Fuerza Regida,1,2.0
2025-10-27,Peso Pluma,1,2.0
2025-10-27,Post Malone,1,2.0
2025-10-27,ROSÉ & Bruno Mars,1,2.0
2025-10-27,Sabrina Carpenter,6,12.0
2025-10-27,Shaboozey,1,2.0
2025-10-27,Teddy Swims,1,2.0
2025-10-27,The Kid LAROI,1,2.0
2025-10-27,The Marías,1,2.0
2025-10-27,The Neighbourhood,1,2.0
2025-10-27,The Weeknd & Playboi Carti,1,2.0
2025-10-27,Tito Double P,1,2.0
2025-10-27,Tommy Richman,1,2.0
2025-10-27,Travis Scott,1,2.0
2025-10-27,"Tyler, The Creator",2,4.0
2025-10-27,Zach Bryan,4,8.0
2025-10-28,Addison Rae,1,2.0
2025-10-28,Benson Boone,2,4.0
2025-10-28,BigXthaPlug,1,2.0
2025-10-28,Billie Eilish,2,4.0
2025-10-28,"Bobby ""Boris"" Pickett & The Crypt-Kickers",1,2.0
2025-10-28,Chappell Roan,4,8.0
2025-10-28,Charli xcx,1,2.0
2025-10-28,Gigi Perez,1,2.0
2025-10-28,GloRilla,1,2.0
2025-10-28,Gracie Abrams,2,4.0
2025-10-28,Gunna,1,2.0
2025-10-28,Hozier,1,2.0
2025-10-28,Jimin,1,2.0
2025-10-28,Kendrick Lamar,1,2.0
2025-10-28,Lady Gaga,1,2.0
2025-10-28,Lady Gaga & Bruno Mars,1,2.0
2025-10-28,Morgan Wallen,2,4.0
2025-10-28,Noah Kahan,1,2.0
2025-10-28,One Direction,1,2.0
2025-10-28,Oscar Maydon & Fuerza Regida,1,2.0
2025-10-28,Peso Pluma,1,2.0
2025-10-28,Post Malone,1,2.0
2025-10-28,ROSÉ & Bruno Mars,1,2.0
2025-10-28,Ray Parker Jr.,1,2.0
2025-10-28,Sabrina Carpenter,6,12.0
2025-10-28,Shaboozey,1,2.0
2025-10-28,Teddy Swims,1,2.0
2025-10-28,The Kid LAROI,1,2.0
2025-10-28,The Marías,1,2.0
2025-10-28,The Neighbourhood,1,2.0
2025-10-28,The Weeknd & Playboi Carti,1,2.0
2025-10-28,Tommy Richman,1,2.0
2025-10-28,Travis Scott,1,2.0
2025-10-28,"Tyler, The Creator",2,4.0
2025-10-28,Zach Bryan,3,6.0
2025-10-29,Addison Rae,1,2.0
2025-10-29,Benson Boone,2,4.0
2025-10-29,BigXthaPlug,1,2.0
2025-10-29,Billie Eilish,2,4.0
2025-10-29,"Bobby ""Boris"" Pickett & The Crypt-Kickers",1,2.0
2025-10-29,Chappell Roan,4,8.0
2025-10-29,Gigi Perez,1,2.0
2025-10-29,GloRilla,1,2.0
2025-10-29,Gracie Abrams,2,4.0
2025-10-29,Gunna,1,2.0
2025-10-29,Hozier,1,2.0
2025-10-29,Jimin,1,2.0
2025-10-29,Kendrick Lamar,1,2.0
2025-10-29,Lady Gaga,1,2.0
2025-10-29,Lady Gaga & Bruno Mars,1,2.0
2025-10-29,Morgan Wallen,2,4.0
2025-10-29,Noah Kahan,1,2.0
2025-10-29,Oscar Maydon & Fuerza Regida,1,2.0
2025-10-29,Peso Pluma,1,2.0
2025-10-29,Post Malone,1,2.0
2025-10-29,ROSÉ & Bruno Mars,1,2.0
2025-10-29,Ray Parker Jr.,1,2.0
2025-10-29,SZA,1,2.0
2025-10-29,Sabrina Carpenter,6,12.0
2025-10-29,Shaboozey,1,2.0
2025-10-29,Teddy Swims,1,2.0
2025-10-29,The Kid LAROI,1,2.0
2025-10-29,The Marías,1,2.0
2025-10-29,The Neighbourhood,1,2.0
2025-10-29,The Weeknd & Playboi Carti,1,2.0
2025-10-29,Tito Double P,1,2.0
2025-10-29,Tommy Richman,1,2.0
2025-10-29,Travis Scott,1,2.0
2025-10-29,"Tyler, The Creator",2,4.0
2025-10-29,Zach Bryan,3,6.0
2025-10-30,Addison Rae,1,2.0
2025-10-30,Benson Boone,1,2.0
2025-10-30,Billie Eilish,2,4.0
2025-10-30,Chappell Roan,3,6.0
2025-10-30,Gigi Perez,1,2.0
2025-10-30,Gracie Abrams,2,4.0
2025-10-30,Jimin,1,2.0
2025-10-30,Kendrick Lamar,1,2.0
2025-10-30,Lady Gaga & Bruno Mars,1,2.0
2025-10-30,Morgan Wallen,2,4.0
2025-10-30,Noah Kahan,1,2.0
2025-10-30,Oscar Maydon & Fuerza Regida,1,2.0
2025-10-30,Post Malone,1,2.0
2025-10-30,ROSÉ & Bruno Mars,1,2.0
2025-10-30,Sabrina Carpenter,5,10.0
2025-10-30,Shaboozey,1,2.0
2025-10-30,Teddy Swims,1,2.0
2025-10-30,The Kid LAROI,1,2.0
2025-10-30,The Marías,1,2.0
2025-10-30,The Neighbourhood,1,2.0
2025-10-30,The Weeknd & Playboi Carti,1,2.0
2025-10-30,Tommy Richman,1,2.0
2025-10-30,"Tyler, The Creator",16,32.0
2025-10-30,Zach Bryan,3,6.0
2025-10-31,Addison Rae,1,2.0
2025-10-31,Benson Boone,1,2.0
2025-10-31,Billie Eilish,2,4.0
2025-10-31,Chappell Roan,3,6.0
2025-10-31,Gigi Perez,1,2.0
2025-10-31,Gracie Abrams,2,4.0
2025-10-31,Jimin,1,2.0
2025-10-31,Kendrick Lamar,1,2.0
2025-10-31,Lady Gaga & Bruno Mars,1,2.0
2025-10-31,Morgan Wallen,2,4.0
2025-10-31,Noah Kahan,1,2.0
2025-10-31,Oscar Maydon & Fuerza Regida,1,2.0
2025-10-31,Post Malone,1,2.0
2025-10-31,ROSÉ & Bruno Mars,1,2.0
2025-10-31,Sabrina Carpenter,5,10.0
2025-10-31,Shaboozey,1,2.0
2025-10-31,Teddy Swims,1,2.0
2025-10-31,The Kid LAROI,1,2.0
2025-10-31,The Marías,1,2.0
2025-10-31,The Neighbourhood,1,2.0
2025-10-31,The Weeknd & Playboi Carti,1,2.0
2025-10-31,Tommy Richman,1,2.0
2025-10-31,"Tyler, The Creator",16,32.0
2025-10-31,Zach Bryan,3,6.0
2025-11-01,Addison Rae,1,2.0
2025-11-01,Benson Boone,1,2.0
2025-11-01,Billie Eilish,2,4.0
2025-11-01,Chappell Roan,3,6.0
2025-11-01,Gigi Perez,1,2.0
2025-11-01,Gracie Abrams,2,4.0
2025-11-01,Gunna,1,2.0
2025-11-01,Jimin,1,2.0
2025-11-01,Kendrick Lamar,1,2.0
2025-11-01,Lady Gaga & Bruno Mars,1,2.0
2025-11-01,Morgan Wallen,1,2.0
2025-11-01,Noah Kahan,1,2.0
2025-11-01,Oscar Maydon & Fuerza Regida,1,2.0
2025-11-01,Post Malone,1,2.0
2025-11-01,ROSÉ & Bruno Mars,1,2.0
2025-11-01,Sabrina Carpenter,5,10.0
2025-11-01,Shaboozey,1,2.0
2025-11-01,Teddy Swims,1,2.0
2025-11-01,The Kid LAROI,1,2.0
2025-11-01,The Marías,1,2.0
2025-11-01,The Neighbourhood,1,2.0
2025-11-01,The Weeknd & Playboi Carti,1,2.0
2025-11-01,Tommy Richman,1,2.0
2025-11-01,"Tyler, The Creator",16,32.0
2025-11-01,Zach Bryan,3,6.0
2025-11-02,Andrew Gold,2,4.0
2025-11-02,Benson Boone,1,2.0
2025-11-02,Billie Eilish,2,4.0
2025-11-02,Blue Öyster Cult,1,2.0
2025-11-02,"Bobby ""Boris"" Pickett & The Crypt-Kickers",1,2.0
2025-11-02,Chappell Roan,2,4.0
2025-11-02,Gigi Perez,1,2.0
2025-11-02,Gracie Abrams,2,4.0
2025-11-02,Jimin,1,2.0
2025-11-02,Lady Gaga,1,2.0
2025-11-02,Lady Gaga & Bruno Mars,1,2.0
2025-11-02,Michael Jackson,2,4.0
2025-11-02,Morgan Wallen,1,2.0
2025-11-02,Oscar Maydon & Fuerza Regida,1,2.0
2025-11-02,Post Malone,1,2.0
2025-11-02,ROSÉ & Bruno Mars,1,2.0
2025-11-02,Ray Parker Jr.,1,2.0
2025-11-02,Rick James,1,2.0
2025-11-02,Rihanna,1,2.0
2025-11-02,Rockwell,1,2.0
2025-11-02,SZA,1,2.0
2025-11-02,Sabrina Carpenter,4,8.0
2025-11-02,Shaboozey,1,2.0
2025-11-02,Talking Heads,1,2.0
2025-11-02,Teddy Swims,1,2.0
2025-11-02,The Weeknd & Playboi Carti,1,2.0
2025-11-02,"Tyler, The Creator",15,30.0
2025-11-02,Various Artists,1,2.0
2025-11-03,Benson Boone,1,2.0
2025-11-03,Billie Eilish,2,4.0
2025-11-03,"Bobby ""Boris"" Pickett & The Crypt-Kickers",1,2.0
2025-11-03,Chappell Roan,2,4.0
2025-11-03,Gigi Perez,1,2.0
2025-11-03,Gracie Abrams,2,4.0
2025-11-03,Jimin,1,2.0
2025-11-03,Lady Gaga & Bruno Mars,1,2.0
2025-11-03,Lil Uzi Vert,10,20.0
2025-11-03,Michael Jackson,1,2.0
2025-11-03,Morgan Wallen,1,2.0
2025-11-03,Oscar Maydon & Fuerza Regida,1,2.0
2025-11-03,Post Malone,1,2.0
2025-11-03,ROSÉ & Bruno Mars,1,2.0
2025-11-03,Ray Parker Jr.,1,2.0
2025-11-03,Rockwell,1,2.0
2025-11-03,Sabrina Carpenter,4,8.0
2025-11-03,Shaboozey,1,2.0
2025-11-03,Teddy Swims,1,2.0
2025-11-03,The Weeknd & Playboi Carti,1,2.0
2025-11-03,"Tyler, The Creator",14,28.000000000000004
2025-11-03,Various Artists,1,2.0
2025-11-04,Benson Boone,1,2.0
2025-11-04,Billie Eilish,2,4.0
2025-11-04,Chappell Roan,3,6.0
2025-11-04,Gigi Perez,1,2.0
2025-11-04,Gracie Abrams,2,4.0
2025-11-04,Jimin,1,2.0
2025-11-04,Kendrick Lamar,1,2.0
2025-11-04,Lady Gaga & Bruno Mars,1,2.0
2025-11-04,Lil Uzi Vert,1,2.0
2025-11-04,Morgan Wallen,2,4.0
2025-11-04,Noah Kahan,1,2.0
2025-11-04,Oscar Maydon & Fuerza Regida,1,2.0
2025-11-04,Post Malone,1,2.0
2025-11-04,ROSÉ & Bruno Mars,1,2.0
2025-11-04,SZA,1,2.0
2025-11-04,Sabrina Carpenter,5,10.0
2025-11-04,Shaboozey,1,2.0
2025-11-04,Teddy Swims,1,2.0
2025-11-04,The Kid LAROI,1,2.0
2025-11-04,The Marías,1,2.0
2025-11-04,The Neighbourhood,1,2.0
2025-11-04,The Weeknd & Playboi Carti,1,2.0
2025-11-04,Tommy Richman,1,2.0
2025-11-04,Travis Scott,1,2.0
2025-11-04,"Tyler, The Creator",14,28.000000000000004
2025-11-04,Zach Bryan,3,6.0
2025-11-05,Benson Boone,1,2.0
2025-11-05,Billie Eilish,2,4.0
2025-11-05,Chappell Roan,3,6.0
2025-11-05,Gigi Perez,1,2.0
2025-11-05,Gracie Abrams,2,4.0
2025-11-05,Hozier,1,2.0
2025-11-05,Jimin,1,2.0
2025-11-05,Kendrick Lamar,1,2.0
2025-11-05,Lady Gaga & Bruno Mars,1,2.0
2025-11-05,Mariah Carey,1,2.0
2025-11-05,Morgan Wallen,2,4.0
2025-11-05,Noah Kahan,1,2.0
2025-11-05,Oscar Maydon & Fuerza Regida,1,2.0
2025-11-05,Post Malone,1,2.0
2025-11-05,ROSÉ & Bruno Mars,1,2.0
2025-11-05,Sabrina Carpenter,5,10.0
2025-11-05,Shaboozey,1,2.0
2025-11-05,Teddy Swims,1,2.0
2025-11-05,The Kid LAROI,1,2.0
2025-11-05,The Marías,1,2.0
2025-11-05,The Neighbourhood,1,2.0
2025-11-05,The Weeknd & Playboi Carti,1,2.0
2025-11-05,Tommy Richman,1,2.0
2025-11-05,Travis Scott,1,2.0
2025-11-05,"Tyler, The Creator",14,28.000000000000004
2025-11-05,Zach Bryan,3,6.0
2025-11-06,Benson Boone,1,2.0
2025-11-06,Billie Eilish,2,4.0
2025-11-06,Chappell Roan,3,6.0
2025-11-06,Frank Ocean,1,2.0
2025-11-06,Gigi Perez,1,2.0
2025-11-06,Gracie Abrams,2,4.0
2025-11-06,Hozier,1,2.0
2025-11-06,Jimin,1,2.0
2025-11-06,Kendrick Lamar,1,2.0
2025-11-06,Lady Gaga & Bruno Mars,1,2.0
2025-11-06,Mariah Carey,1,2.0
2025-11-06,Morgan Wallen,2,4.0
2025-11-06,Noah Kahan,1,2.0
2025-11-06,Oscar Maydon & Fuerza Regida,1,2.0
2025-11-06,Post Malone,1,2.0
2025-11-06,ROSÉ & Bruno Mars,1,2.0
2025-11-06,Sabrina Carpenter,5,10.0
2025-11-06,Shaboozey,1,2.0
2025-11-06,Teddy Swims,1,2.0
2025-11-06,The Kid LAROI,1,2.0
2025-11-06,The Marías,1,2.0
2025-11-06,The Neighbourhood,1,2.0
2025-11-06,The Weeknd & Playboi Carti,1,2.0
2025-11-06,Tommy Richman,1,2.0
2025-11-06,"Tyler, The Creator",14,28.000000000000004
2025-11-06,Zach Bryan,3,6.0
2025-11-07,Benson Boone,2,4.0
2025-11-07,Billie Eilish,2,4.0
2025-11-07,Chappell Roan,3,6.0
2025-11-07,Frank Ocean,1,2.0
2025-11-07,Gigi Perez,1,2.0
2025-11-07,Gracie Abrams,2,4.0
2025-11-07,Gunna,1,2.0
2025-11-07,Hozier,1,2.0
2025-11-07,Jimin,1,2.0
2025-11-07,Kendrick Lamar,1,2.0
2025-11-07,Lady Gaga & Bruno Mars,1,2.0
2025-11-07,Morgan Wallen,1,2.0
2025-11-07,Noah Kahan,1,2.0
2025-11-07,Oscar Maydon & Fuerza Regida,1,2.0
2025-11-07,Post Malone,1,2.0
2025-11-07,ROSÉ & Bruno Mars,1,2.0
2025-11-07,Sabrina Carpenter,5,10.0
2025-11-07,Shaboozey,1,2.0
2025-11-07,Teddy Swims,1,2.0
2025-11-07,The Kid LAROI,1,2.0
2025-11-07,The Marías,1,2.0
2025-11-07,The Neighbourhood,1,2.0
2025-11-07,The Weeknd & Playboi Carti,1,2.0
2025-11-07,Tommy Richman,1,2.0
2025-11-07,"Tyler, The Creator",14,28.000000000000004
2025-11-07,Zach Bryan,3,6.0
2025-11-08,Benson Boone,1,2.0
2025-11-08,BigXthaPlug,1,2.0
2025-11-08,Billie Eilish,2,4.0
2025-11-08,Chappell Roan,3,6.0
2025-11-08,Don Toliver,1,2.0
2025-11-08,Frank Ocean,1,2.0
2025-11-08,Gigi Perez,1,2.0
2025-11-08,Gracie Abrams,2,4.0
2025-11-08,Hozier,1,2.0
2025-11-08,Jimin,1,2.0
2025-11-08,Kendrick Lamar,1,2.0
2025-11-08,Lady Gaga & Bruno Mars,1,2.0
2025-11-08,Morgan Wallen,1,2.0
2025-11-08,Noah Kahan,1,2.0
2025-11-08,Oscar Maydon & Fuerza Regida,1,2.0
2025-11-08,Post Malone,1,2.0
2025-11-08,ROSÉ & Bruno Mars,1,2.0
2025-11-08,Sabrina Carpenter,5,10.0
2025-11-08,Shaboozey,1,2.0
2025-11-08,Teddy Swims,1,2.0
2025-11-08,The Kid LAROI,1,2.0
2025-11-08,The Marías,1,2.0
2025-11-08,The Neighbourhood,1,2.0
2025-11-08,The Weeknd & Playboi Carti,1,2.0
2025-11-08,Tito Double P,1,2.0
2025-11-08,Tommy Richman,1,2.0
2025-11-08,"Tyler, The Creator",13,26.0
2025-11-08,Zach Bryan,3,6.0
2025-11-09,Benson Boone,1,2.0
2025-11-09,Billie Eilish,3,6.0
2025-11-09,Chappell Roan,3,6.0
2025-11-09,Don Toliver,1,2.0
2025-11-09,Frank Ocean,1,2.0
2025-11-09,Gigi Perez,1,2.0
2025-11-09,Gracie Abrams,2,4.0
2025-11-09,Hozier,1,2.0
2025-11-09,Jimin,1,2.0
2025-11-09,Kendrick Lamar,1,2.0
2025-11-09,Lady Gaga & Bruno Mars,1,2.0
2025-11-09,Morgan Wallen,1,2.0
2025-11-09,Noah Kahan,1,2.0
2025-11-09,Oscar Maydon & Fuerza Regida,1,2.0
2025-11-09,Post Malone,1,2.0
2025-11-09,ROSÉ & Bruno Mars,1,2.0
2025-11-09,Sabrina Carpenter,5,10.0
2025-11-09,Shaboozey,1,2.0
2025-11-09,Teddy Swims,1,2.0
2025-11-09,The Kid LAROI,1,2.0
2025-11-09,The Marías,1,2.0
2025-11-09,The Neighbourhood,1,2.0
2025-11-09,The Weeknd & Playboi Carti,1,2.0
2025-11-09,Tito Double P,1,2.0
2025-11-09,Tommy Richman,1,2.0
2025-11-09,"Tyler, The Creator",11,22.0
2025-11-09,Zach Bryan,5,10.0
2025-11-10,Benson Boone,1,2.0
2025-11-10,Billie Eilish,2,4.0
2025-11-10,Chappell Roan,3,6.0
2025-11-10,Frank Ocean,1,2.0
2025-11-10,Gigi Perez,1,2.0
2025-11-10,Gracie Abrams,2,4.0
2025-11-10,Hozier,1,2.0
2025-11-10,Jimin,1,2.0
2025-11-10,KAROL G & Feid & DFZM,1,2.0
2025-11-10,Kendrick Lamar,1,2.0
2025-11-10,Lady Gaga & Bruno Mars,1,2.0
2025-11-10,Morgan Wallen,1,2.0
2025-11-10,Noah Kahan,1,2.0
2025-11-10,Oscar Maydon & Fuerza Regida,1,2.0
2025-11-10,Post Malone,1,2.0
2025-11-10,ROSÉ & Bruno Mars,1,2.0
2025-11-10,Sabrina Carpenter,5,10.0
2025-11-10,Shaboozey,1,2.0
2025-11-10,Teddy Swims,1,2.0
2025-11-10,The Kid LAROI,1,2.0
2025-11-10,The Marías,1,2.0
2025-11-10,The Neighbourhood,1,2.0
2025-11-10,The Weeknd & Playboi Carti,1,2.0
2025-11-10,Tito Double P,1,2.0
2025-11-10,Tommy Richman,1,2.0
2025-11-10,"Tyler, The Creator",11,22.0
2025-11-10,Zach Bryan,6,12.0
2025-11-11,Benson Boone,1,2.0
2025-11-11,Billie Eilish,2,4.0
2025-11-11,Chappell Roan,3,6.0
2025-11-11,Gigi Perez,1,2.0
2025-11-11,Gracie Abrams,2,4.0
2025-11-11,Gunna,1,2.0
2025-11-11,Hozier,1,2.0
2025-11-11,Jimin,1,2.0
2025-11-11,Kendrick Lamar,1,2.0
2025-11-11,Lady Gaga & Bruno Mars,1,2.0
2025-11-11,Mariah Carey,1,2.0
2025-11-11,Morgan Wallen,2,4.0
2025-11-11,Noah Kahan,1,2.0
2025-11-11,Oscar Maydon & Fuerza Regida,1,2.0
2025-11-11,Post Malone,1,2.0
2025-11-11,ROSÉ & Bruno Mars,1,2.0
2025-11-11,Sabrina Carpenter,5,10.0
2025-11-11,Shaboozey,1,2.0
2025-11-11,Teddy Swims,1,2.0
2025-11-11,The Kid LAROI,1,2.0
2025-11-11,The Marías,1,2.0
2025-11-11,The Neighbourhood,1,2.0
2025-11-11,The Weeknd & Playboi Carti,1,2.0
2025-11-11,Tito Double P,1,2.0
2025-11-11,Tommy Richman,1,2.0
2025-11-11,Travis Scott,1,2.0
2025-11-11,"Tyler, The Creator",8,16.0
2025-11-11,Wham!,1,2.0
2025-11-11,Zach Bryan,6,12.0
2025-11-12,Benson Boone,1,2.0
2025-11-12,Billie Eilish,2,4.0
2025-11-12,Bobby Helms,1,2.0
2025-11-12,Brenda Lee,1,2.0
2025-11-12,Chappell Roan,3,6.0
2025-11-12,Frank Ocean,1,2.0
2025-11-12,Gigi Perez,1,2.0
2025-11-12,Gracie Abrams,2,4.0
2025-11-12,Hozier,1,2.0
2025-11-12,Jimin,1,2.0
2025-11-12,Kendrick Lamar,1,2.0
2025-11-12,Lady Gaga & Bruno Mars,1,2.0
2025-11-12,Mariah Carey,1,2.0
2025-11-12,Morgan Wallen,2,4.0
2025-11-12,Noah Kahan,1,2.0
2025-11-12,Oscar Maydon & Fuerza Regida,1,2.0
2025-11-12,Post Malone,1,2.0
2025-11-12,ROSÉ & Bruno Mars,1,2.0
2025-11-12,Sabrina Carpenter,5,10.0
2025-11-12,Shaboozey,1,2.0
2025-11-12,Teddy Swims,1,2.0
2025-11-12,The Kid LAROI,1,2.0
2025-11-12,The Marías,1,2.0
2025-11-12,The Neighbourhood,1,2.0
2025-11-12,The Weeknd & Playboi Carti,1,2.0
2025-11-12,Tito Double P,1,2.0
2025-11-12,Tommy Richman,1,2.0
2025-11-12,Travis Scott,1,2.0
2025-11-12,"Tyler, The Creator",8,16.0
2025-11-12,Wham!,1,2.0
2025-11-12,Zach Bryan,4,8.0
2025-11-13,Benson Boone,1,2.0
2025-11-13,Billie Eilish,2,4.0
2025-11-13,Brenda Lee,1,2.0
2025-11-13,Chappell Roan,3,6.0
2025-11-13,Don Toliver,1,2.0
2025-11-13,Frank Ocean,1,2.0
2025-11-13,Gigi Perez,1,2.0
2025-11-13,Gracie Abrams,2,4.0
2025-11-13,Hozier,1,2.0
2025-11-13,Jimin,1,2.0
2025-11-13,Kendrick Lamar,1,2.0
2025-11-13,Lady Gaga & Bruno Mars,1,2.0
2025-11-13,Mariah Carey,1,2.0
2025-11-13,Mitski,1,2.0
2025-11-13,Morgan Wallen,2,4.0
2025-11-13,Noah Kahan,1,2.0
2025-11-13,Oscar Maydon & Fuerza Regida,1,2.0
2025-11-13,Post Malone,1,2.0
2025-11-13,ROSÉ & Bruno Mars,1,2.0
2025-11-13,Sabrina Carpenter,5,10.0
2025-11-13,Shaboozey,1,2.0
2025-11-13,Teddy Swims,1,2.0
2025-11-13,The Kid LAROI,1,2.0
2025-11-13,The Marías,1,2.0
2025-11-13,The Neighbourhood,1,2.0
2025-11-13,The Weeknd & Playboi Carti,1,2.0
2025-11-13,Tommy Richman,1,2.0
2025-11-13,"Tyler, The Creator",8,16.0
2025-11-13,Wham!,1,2.0
2025-11-13,Zach Bryan,5,10.0
2025-11-14,Benson Boone,2,4.0
2025-11-14,Billie Eilish,2,4.0
2025-11-14,Chappell Roan,3,6.0
2025-11-14,Don Toliver,1,2.0
2025-11-14,Frank Ocean,1,2.0
2025-11-14,Gigi Perez,1,2.0
2025-11-14,Gracie Abrams,2,4.0
2025-11-14,Hozier,1,2.0
2025-11-14,Jimin,1,2.0
2025-11-14,Kendrick Lamar,1,2.0
2025-11-14,Lady Gaga & Bruno Mars,1,2.0
2025-11-14,Mariah Carey,1,2.0
2025-11-14,Mitski,1,2.0
2025-11-14,Morgan Wallen,1,2.0
2025-11-14,Noah Kahan,1,2.0
2025-11-14,Oscar Maydon & Fuerza Regida,1,2.0
2025-11-14,Post Malone,1,2.0
2025-11-14,ROSÉ & Bruno Mars,1,2.0
2025-11-14,Sabrina Carpenter,5,10.0
2025-11-14,Shaboozey,1,2.0
2025-11-14,Teddy Swims,1,2.0
2025-11-14,The Kid LAROI,1,2.0
2025-11-14,The Marías,1,2.0
2025-11-14,The Neighbourhood,1,2.0
2025-11-14,The Weeknd & Playboi Carti,1,2.0
2025-11-14,Tito Double P,1,2.0
2025-11-14,Tommy Richman,1,2.0
2025-11-14,"Tyler, The Creator",8,16.0
2025-11-14,Wham!,1,2.0
2025-11-14,Zach Bryan,5,10.0
2025-11-15,Benson Boone,2,4.0
2025-11-15,Billie Eilish,2,4.0
2025-11-15,Brenda Lee,1,2.0
2025-11-15,Chappell Roan,3,6.0
2025-11-15,Don Toliver,1,2.0
2025-11-15,Frank Ocean,1,2.0
2025-11-15,Gigi Perez,1,2.0
2025-11-15,Gracie Abrams,2,4.0
2025-11-15,Hotel Ugly,1,2.0
2025-11-15,Hozier,1,2.0
2025-11-15,Jimin,1,2.0
2025-11-15,Kendrick Lamar,1,2.0
2025-11-15,Lady Gaga & Bruno Mars,1,2.0
2025-11-15,Mariah Carey,1,2.0
2025-11-15,Morgan Wallen,2,4.0
2025-11-15,Noah Kahan,1,2.0
2025-11-15,Oscar Maydon & Fuerza Regida,1,2.0
2025-11-15,Post Malone,1,2.0
2025-11-15,ROSÉ & Bruno Mars,1,2.0
2025-11-15,Sabrina Carpenter,5,10.0
2025-11-15,Shaboozey,1,2.0
2025-11-15,Teddy Swims,1,2.0
2025-11-15,The Kid LAROI,1,2.0
2025-11-15,The Marías,1,2.0
2025-11-15,The Neighbourhood,1,2.0
2025-11-15,The Weeknd & Playboi Carti,1,2.0
2025-11-15,Tommy Richman,1,2.0
2025-11-15,"Tyler, The Creator",8,16.0
2025-11-15,Wham!,1,2.0
2025-11-15,Zach Bryan,4,8.0
2025-11-16,Benson Boone,2,4.0
2025-11-16,Billie Eilish,2,4.0
2025-11-16,Brenda Lee,1,2.0
2025-11-16,Chappell Roan,3,6.0
2025-11-16,Don Toliver,1,2.0
2025-11-16,Frank Ocean,1,2.0
2025-11-16,Gigi Perez,1,2.0
2025-11-16,GloRilla,1,2.0
2025-11-16,Gracie Abrams,2,4.0
2025-11-16,Hozier,1,2.0
2025-11-16,Jimin,1,2.0
2025-11-16,Kendrick Lamar,1,2.0
2025-11-16,Lady Gaga & Bruno Mars,1,2.0
2025-11-16,Mariah Carey,1,2.0
2025-11-16,Morgan Wallen,2,4.0
2025-11-16,Noah Kahan,1,2.0
2025-11-16,Oscar Maydon & Fuerza Regida,1,2.0
2025-11-16,Post Malone,1,2.0
2025-11-16,ROSÉ & Bruno Mars,1,2.0
2025-11-16,Sabrina Carpenter,5,10.0
2025-11-16,Shaboozey,1,2.0
2025-11-16,Teddy Swims,1,2.0
2025-11-16,The Kid LAROI,1,2.0
2025-11-16,The Marías,1,2.0
2025-11-16,The Neighbourhood,1,2.0
2025-11-16,The Weeknd & Playboi Carti,1,2.0
2025-11-16,Tommy Richman,1,2.0
2025-11-16,"Tyler, The Creator",8,16.0
2025-11-16,Wham!,1,2.0
2025-11-16,Zach Bryan,4,8.0
2025-11-17,Benson Boone,1,2.0
2025-11-17,Billie Eilish,2,4.0
2025-11-17,Brenda Lee,1,2.0
2025-11-17,Chappell Roan,3,6.0
2025-11-17,Gigi Perez,1,2.0
2025-11-17,GloRilla,1,2.0
2025-11-17,Gracie Abrams,2,4.0
2025-11-17,Jimin,1,2.0
2025-11-17,Kendrick Lamar,1,2.0
2025-11-17,Lady Gaga & Bruno Mars,1,2.0
2025-11-17,Linkin Park,2,4.0
2025-11-17,Mariah Carey,1,2.0
2025-11-17,Morgan Wallen,1,2.0
2025-11-17,Noah Kahan,1,2.0
2025-11-17,Oscar Maydon & Fuerza Regida,1,2.0
2025-11-17,Post Malone,1,2.0
2025-11-17,ROSÉ & Bruno Mars,1,2.0
2025-11-17,Rauw Alejandro,2,4.0
2025-11-17,Sabrina Carpenter,5,10.0
2025-11-17,Shaboozey,1,2.0
2025-11-17,Tate McRae,2,4.0
2025-11-17,Teddy Swims,1,2.0
2025-11-17,The Kid LAROI,1,2.0
2025-11-17,The Marías,2,4.0
2025-11-17,The Neighbourhood,1,2.0
2025-11-17,The Weeknd & Playboi Carti,1,2.0
2025-11-17,Tommy Richman,1,2.0
2025-11-17,"Tyler, The Creator",7,14.000000000000002
2025-11-17,Wham!,1,2.0
2025-11-17,Zach Bryan,3,6.0
2025-11-18,Benson Boone,2,4.0
2025-11-18,Billie Eilish,2,4.0
2025-11-18,Bobby Helms,1,2.0
2025-11-18,Brenda Lee,1,2.0
2025-11-18,Chappell Roan,3,6.0
2025-11-18,Gigi Perez,1,2.0
2025-11-18,GloRilla,1,2.0
2025-11-18,Gracie Abrams,2,4.0
2025-11-18,Hozier,1,2.0
2025-11-18,Jimin,1,2.0
2025-11-18,Kendrick Lamar,1,2.0
2025-11-18,Lady Gaga & Bruno Mars,1,2.0
2025-11-18,Mariah Carey,1,2.0
2025-11-18,Morgan Wallen,2,4.0
2025-11-18,Noah Kahan,1,2.0
2025-11-18,Oscar Maydon & Fuerza Regida,1,2.0
2025-11-18,Post Malone,1,2.0
2025-11-18,ROSÉ & Bruno Mars,1,2.0
2025-11-18,Rauw Alejandro,1,2.0
2025-11-18,Sabrina Carpenter,5,10.0
2025-11-18,Shaboozey,1,2.0
2025-11-18,Tate McRae,1,2.0
2025-11-18,Teddy Swims,1,2.0
2025-11-18,The Kid LAROI,1,2.0
2025-11-18,The Marías,2,4.0
2025-11-18,The Neighbourhood,1,2.0
2025-11-18,The Weeknd & Playboi Carti,1,2.0
2025-11-18,Tommy Richman,1,2.0
2025-11-18,"Tyler, The Creator",7,14.000000000000002
2025-11-18,Wham!,1,2.0
2025-11-18,Zach Bryan,3,6.0
2025-11-19,Andy Williams,1,2.0
2025-11-19,Ariana Grande,1,2.0
2025-11-19,Benson Boone,1,2.0
2025-11-19,Billie Eilish,2,4.0
2025-11-19,Bobby Helms,1,2.0
2025-11-19,Brenda Lee,1,2.0
2025-11-19,Chappell Roan,3,6.0
2025-11-19,Dean Martin,1,2.0
2025-11-19,Gigi Perez,1,2.0
2025-11-19,GloRilla,1,2.0
2025-11-19,Gracie Abrams,2,4.0
2025-11-19,Jimin,1,2.0
2025-11-19,Kendrick Lamar,1,2.0
2025-11-19,Lady Gaga & Bruno Mars,1,2.0
2025-11-19,Mariah Carey,1,2.0
2025-11-19,Morgan Wallen,2,4.0
2025-11-19,Noah Kahan,1,2.0
2025-11-19,Oscar Maydon & Fuerza Regida,1,2.0
2025-11-19,Post Malone,1,2.0
2025-11-19,ROSÉ & Bruno Mars,1,2.0
2025-11-19,Rauw Alejandro,1,2.0
2025-11-19,Sabrina Carpenter,5,10.0
2025-11-19,Shaboozey,1,2.0
2025-11-19,Tate McRae,1,2.0
2025-11-19,Teddy Swims,1,2.0
2025-11-19,The Kid LAROI,1,2.0
2025-11-19,The Marías,1,2.0
2025-11-19,The Neighbourhood,1,2.0
2025-11-19,The Weeknd & Playboi Carti,1,2.0
2025-11-19,Tommy Richman,1,2.0
2025-11-19,"Tyler, The Creator",7,14.000000000000002
2025-11-19,Wham!,1,2.0
2025-11-19,Zach Bryan,3,6.0
2025-11-20,Benson Boone,1,2.0
2025-11-20,Billie Eilish,2,4.0
2025-11-20,Bobby Helms,1,2.0
2025-11-20,Brenda Lee,1,2.0
2025-11-20,Chappell Roan,3,6.0
2025-11-20,Frank Ocean,1,2.0
2025-11-20,Gigi Perez,1,2.0
2025-11-20,GloRilla,1,2.0
2025-11-20,Gracie Abrams,2,4.0
2025-11-20,Jimin,1,2.0
2025-11-20,Kendrick Lamar,1,2.0
2025-11-20,Lady Gaga & Bruno Mars,1,2.0
2025-11-20,Mariah Carey,1,2.0
2025-11-20,Mitski,1,2.0
2025-11-20,Morgan Wallen,2,4.0
2025-11-20,Noah Kahan,1,2.0
2025-11-20,Oscar Maydon & Fuerza Regida,1,2.0
2025-11-20,Post Malone,1,2.0
2025-11-20,ROSÉ & Bruno Mars,1,2.0
2025-11-20,Rauw Alejandro,1,2.0
2025-11-20,Sabrina Carpenter,5,10.0
2025-11-20,Shaboozey,1,2.0
2025-11-20,Tate McRae,1,2.0
2025-11-20,Teddy Swims,1,2.0
2025-11-20,The Kid LAROI,1,2.0
2025-11-20,The Marías,1,2.0
2025-11-20,The Neighbourhood,1,2.0
2025-11-20,The Weeknd & Playboi Carti,1,2.0
2025-11-20,Tommy Richman,1,2.0
2025-11-20,"Tyler, The Creator",8,16.0
2025-11-20,Wham!,1,2.0
2025-11-20,Zach Bryan,3,6.0
2025-11-21,Benson Boone,1,2.0
2025-11-21,Billie Eilish,2,4.0
2025-11-21,Bobby Helms,1,2.0
2025-11-21,Brenda Lee,1,2.0
2025-11-21,Chappell Roan,3,6.0
2025-11-21,Don Toliver,1,2.0
2025-11-21,Frank Ocean,1,2.0
2025-11-21,Gigi Perez,1,2.0
2025-11-21,GloRilla,1,2.0
2025-11-21,Gracie Abrams,2,4.0
2025-11-21,Jimin,1,2.0
2025-11-21,Kendrick Lamar,1,2.0
2025-11-21,Lady Gaga & Bruno Mars,1,2.0
2025-11-21,Mariah Carey,1,2.0
2025-11-21,Morgan Wallen,2,4.0
2025-11-21,Noah Kahan,1,2.0
2025-11-21,Oscar Maydon & Fuerza Regida,1,2.0
2025-11-21,Post Malone,1,2.0
2025-11-21,ROSÉ & Bruno Mars,1,2.0
2025-11-21,Rauw Alejandro,1,2.0
2025-11-21,Sabrina Carpenter,5,10.0
2025-11-21,Shaboozey,1,2.0
2025-11-21,Tate McRae,1,2.0
2025-11-21,Teddy Swims,1,2.0
2025-11-21,The Kid LAROI,1,2.0
2025-11-21,The Marías,1,2.0
2025-11-21,The Neighbourhood,1,2.0
2025-11-21,The Weeknd & Playboi Carti,1,2.0
2025-11-21,Tommy Richman,1,2.0
2025-11-21,"Tyler, The Creator",8,16.0
2025-11-21,Wham!,1,2.0
2025-11-21,Zach Bryan,3,6.0
2025-11-22,Benson Boone,1,2.0
2025-11-22,Billie Eilish,2,4.0
2025-11-22,Bobby Helms,1,2.0
2025-11-22,Brenda Lee,1,2.0
2025-11-22,Chappell Roan,3,6.0
2025-11-22,Don Toliver,1,2.0
2025-11-22,Frank Ocean,1,2.0
2025-11-22,Gigi Perez,1,2.0
2025-11-22,GloRilla,1,2.0
2025-11-22,Gracie Abrams,2,4.0
2025-11-22,Gunna,1,2.0
2025-11-22,Jimin,1,2.0
2025-11-22,Kendrick Lamar,1,2.0
2025-11-22,Lady Gaga & Bruno Mars,1,2.0
2025-11-22,Mariah Carey,1,2.0
2025-11-22,Morgan Wallen,2,4.0
2025-11-22,Noah Kahan,1,2.0
2025-11-22,Oscar Maydon & Fuerza Regida,1,2.0
2025-11-22,Post Malone,1,2.0
2025-11-22,ROSÉ & Bruno Mars,1,2.0
2025-11-22,Rauw Alejandro,1,2.0
2025-11-22,Sabrina Carpenter,5,10.0
2025-11-22,Shaboozey,1,2.0
2025-11-22,Tate McRae,1,2.0
2025-11-22,Teddy Swims,1,2.0
2025-11-22,The Kid LAROI,1,2.0
2025-11-22,The Marías,1,2.0
2025-11-22,The Neighbourhood,1,2.0
2025-11-22,The Weeknd & Playboi Carti,1,2.0
2025-11-22,Tommy Richman,1,2.0
2025-11-22,"Tyler, The Creator",7,14.000000000000002
2025-11-22,Wham!,1,2.0
2025-11-22,Zach Bryan,3,6.0
2025-11-23,Ariana Grande,1,2.0
2025-11-23,Benson Boone,1,2.0
2025-11-23,Billie Eilish,2,4.0
2025-11-23,Bobby Helms,1,2.0
2025-11-23,Brenda Lee,1,2.0
2025-11-23,Chappell Roan,3,6.0
2025-11-23,Dean Martin,1,2.0
2025-11-23,Don Toliver,1,2.0
2025-11-23,Frank Ocean,1,2.0
2025-11-23,Gigi Perez,1,2.0
2025-11-23,GloRilla,1,2.0
2025-11-23,Gracie Abrams,2,4.0
2025-11-23,Gunna,1,2.0
2025-11-23,Jimin,1,2.0
2025-11-23,Kendrick Lamar,1,2.0
2025-11-23,Lady Gaga & Bruno Mars,1,2.0
2025-11-23,Mariah Carey,1,2.0
2025-11-23,Morgan Wallen,1,2.0
2025-11-23,Noah Kahan,1,2.0
2025-11-23,Oscar Maydon & Fuerza Regida,1,2.0
2025-11-23,Post Malone,1,2.0
2025-11-23,ROSÉ & Bruno Mars,1,2.0
2025-11-23,Rauw Alejandro,1,2.0
2025-11-23,Sabrina Carpenter,5,10.0
2025-11-23,Shaboozey,1,2.0
2025-11-23,Tate McRae,1,2.0
2025-11-23,Teddy Swims,1,2.0
2025-11-23,The Kid LAROI,1,2.0
2025-11-23,The Marías,1,2.0
2025-11-23,The Neighbourhood,1,2.0
2025-11-23,The Weeknd & Playboi Carti,1,2.0
2025-11-23,Tommy Richman,1,2.0
2025-11-23,"Tyler, The Creator",7,14.000000000000002
2025-11-23,Wham!,1,2.0
2025-11-23,Zach Bryan,2,4.0
2025-11-24,Benson Boone,1,2.0
2025-11-24,Billie Eilish,2,4.0
2025-11-24,Bobby Helms,1,2.0
2025-11-24,Brenda Lee,1,2.0
2025-11-24,Chappell Roan,2,4.0
2025-11-24,Gigi Perez,1,2.0
2025-11-24,GloRilla,1,2.0
2025-11-24,Gracie Abrams,2,4.0
2025-11-24,Jimin,1,2.0
2025-11-24,Kendrick Lamar,13,26.0
2025-11-24,Lady Gaga & Bruno Mars,1,2.0
2025-11-24,Mariah Carey,1,2.0
2025-11-24,Morgan Wallen,1,2.0
2025-11-24,Noah Kahan,1,2.0
2025-11-24,Oscar Maydon & Fuerza Regida,1,2.0
2025-11-24,Post Malone,1,2.0
2025-11-24,ROSÉ & Bruno Mars,1,2.0
2025-11-24,Rauw Alejandro,1,2.0
2025-11-24,Sabrina Carpenter,5,10.0
2025-11-24,Shaboozey,1,2.0
2025-11-24,Teddy Swims,1,2.0
2025-11-24,The Kid LAROI,1,2.0
2025-11-24,The Marías,1,2.0
2025-11-24,The Neighbourhood,1,2.0
2025-11-24,The Weeknd & Playboi Carti,1,2.0
2025-11-24,"Tyler, The Creator",5,10.0
2025-11-24,Wham!,1,2.0
2025-11-25,Andy Williams,1,2.0
2025-11-25,Ariana Grande,1,2.0
2025-11-25,Benson Boone,1,2.0
2025-11-25,Billie Eilish,2,4.0
2025-11-25,Bobby Helms,1,2.0
2025-11-25,Brenda Lee,1,2.0
2025-11-25,Chappell Roan,2,4.0
2025-11-25,Dean Martin,1,2.0
2025-11-25,Gigi Perez,1,2.0
2025-11-25,GloRilla,1,2.0
2025-11-25,Gracie Abrams,2,4.0
2025-11-25,Jimin,1,2.0
2025-11-25,Kendrick Lamar,13,26.0
2025-11-25,Lady Gaga & Bruno Mars,1,2.0
2025-11-25,Mariah Carey,1,2.0
2025-11-25,Morgan Wallen,1,2.0
2025-11-25,Oscar Maydon & Fuerza Regida,1,2.0
2025-11-25,Post Malone,1,2.0
2025-11-25,ROSÉ & Bruno Mars,1,2.0
2025-11-25,Rauw Alejandro,1,2.0
2025-11-25,Sabrina Carpenter,4,8.0
2025-11-25,Shaboozey,1,2.0
2025-11-25,Teddy Swims,1,2.0
2025-11-25,The Marías,1,2.0
2025-11-25,The Neighbourhood,1,2.0
2025-11-25,The Weeknd & Playboi Carti,1,2.0
2025-11-25,"Tyler, The Creator",4,8.0
2025-11-25,Wham!,1,2.0
2025-11-25,Wicked Movie Cast & Cynthia Erivo & Ariana Grande,1,2.0
2025-11-26,Andy Williams,1,2.0
2025-11-26,Ariana Grande,1,2.0
2025-11-26,Benson Boone,1,2.0
2025-11-26,Billie Eilish,2,4.0
2025-11-26,Bobby Helms,1,2.0
2025-11-26,Brenda Lee,1,2.0
2025-11-26,Chappell Roan,2,4.0
2025-11-26,Dean Martin,1,2.0
2025-11-26,Gigi Perez,1,2.0
2025-11-26,GloRilla,1,2.0
2025-11-26,Gracie Abrams,2,4.0
2025-11-26,Jimin,1,2.0
2025-11-26,Kendrick Lamar,13,26.0
2025-11-26,Lady Gaga & Bruno Mars,1,2.0
2025-11-26,Mariah Carey,1,2.0
2025-11-26,Morgan Wallen,1,2.0
2025-11-26,Oscar Maydon & Fuerza Regida,1,2.0
2025-11-26,Post Malone,1,2.0
2025-11-26,ROSÉ & Bruno Mars,1,2.0
2025-11-26,Sabrina Carpenter,4,8.0
2025-11-26,Shaboozey,1,2.0
2025-11-26,Teddy Swims,1,2.0
2025-11-26,The Kid LAROI,1,2.0
2025-11-26,The Marías,1,2.0
2025-11-26,The Neighbourhood,1,2.0
2025-11-26,The Weeknd & Playboi Carti,1,2.0
2025-11-26,"Tyler, The Creator",4,8.0
2025-11-26,Wham!,1,2.0
2025-11-26,Wicked Movie Cast & Cynthia Erivo & Ariana Grande,1,2.0
2025-11-27,Benson Boone,1,2.0
2025-11-27,Billie Eilish,2,4.0
2025-11-27,Bobby Helms,1,2.0
2025-11-27,Brenda Lee,1,2.0
2025-11-27,Chappell Roan,2,4.0
2025-11-27,Gigi Perez,1,2.0
2025-11-27,GloRilla,1,2.0
2025-11-27,Gracie Abrams,2,4.0
2025-11-27,Jimin,1,2.0
2025-11-27,Kendrick Lamar,13,26.0
2025-11-27,Lady Gaga & Bruno Mars,1,2.0
2025-11-27,Mariah Carey,1,2.0
2025-11-27,Morgan Wallen,1,2.0
2025-11-27,Noah Kahan,1,2.0
2025-11-27,Oscar Maydon & Fuerza Regida,1,2.0
2025-11-27,Post Malone,1,2.0
2025-11-27,ROSÉ & Bruno Mars,1,2.0
2025-11-27,Sabrina Carpenter,4,8.0
2025-11-27,Shaboozey,1,2.0
2025-11-27,Stromae & Pomme & Arcane,1,2.0
2025-11-27,Teddy Swims,1,2.0
2025-11-27,The Kid LAROI,1,2.0
2025-11-27,The Marías,1,2.0
2025-11-27,The Neighbourhood,1,2.0
2025-11-27,The Weeknd & Playboi Carti,1,2.0
2025-11-27,"Tyler, The Creator",3,6.0
2025-11-27,Wham!,1,2.0
2025-11-27,Wicked Movie Cast & Cynthia Erivo & Ariana Grande,3,6.0
