song,artist,days_on_chart,average_rank,best_rank,worst_rank,rank_volatility,average_popularity,first_popularity,last_popularity,popularity_trend_score,first_observed_date,last_observed_date
"""Slut!"" (Taylor's Version) (From The Vault)",Taylor Swift,26,15.5,3,38,12.130127781684742,86.76923076923077,0,91,91,2024-10-29,2024-11-23
(Don't Fear) The Reaper,Blue Öyster Cult,1,50.0,50,50,,77.0,77,77,0,2025-11-02,2025-11-02
(There's No Place Like) Home for the Holidays - 1959 Version,Perry Como,2,45.0,45,45,0.0,70.0,70,70,0,2024-12-26,2024-12-27
16 CARRIAGES,Beyoncé,10,26.0,16,49,10.63537075569588,64.5,72,62,-10,2025-02-14,2025-04-05
2 hands,Tate McRae,7,33.57142857142857,8,45,12.286267983093195,76.57142857142857,71,80,9,2025-11-17,2025-11-23
28,Zach Bryan,100,27.57,10,50,12.255079342744775,84.87,67,83,16,2025-07-06,2025-10-26
3001,J. Cole,1,32.0,32,32,,68.0,68,68,0,2025-04-07,2025-04-07
360,Charli xcx,43,34.04651162790697,19,50,9.596510993888035,87.69767441860465,85,88,3,2025-07-18,2025-08-31
3D (feat. Jack Harlow),Jung Kook & Jack Harlow,12,26.333333333333332,9,50,18.430870020076906,66.25,0,84,84,2024-09-30,2024-10-11
500lbs,Lil Tecca,185,24.864864864864863,12,50,10.02215524573845,83.36756756756756,30,84,54,2024-09-24,2025-04-20
505,Arctic Monkeys,17,43.76470588235294,36,50,3.7504901640436588,80.17647058823529,84,80,-4,2025-09-09,2025-10-02
57,KAROL G & Feid & DFZM,1,47.0,47,47,,69.0,69,69,0,2025-11-10,2025-11-10
7 Minute Drill,J. Cole,7,16.571428571428573,3,33,11.674147261608203,78.85714285714286,74,82,8,2025-04-07,2025-04-13
7969 Santa,Drake,7,15.0,9,23,4.864839839775475,67.14285714285714,0,82,82,2024-10-07,2024-10-13
8am in Charlotte,Drake,7,14.714285714285714,13,18,1.7043362064926935,66.57142857142857,0,82,82,2024-10-07,2024-10-13
A Bar Song (Tipsy),Shaboozey,226,10.765486725663717,1,44,8.68218374897318,85.39380530973452,66,84,18,2025-04-14,2025-11-27
A Holly Jolly Christmas,Burl Ives,37,13.64864864864865,7,49,9.589392913863552,87.72972972972973,80,91,11,2024-11-20,2024-12-27
A Night To Remember,beabadoobee & Laufey,1,32.0,32,32,,0.0,0,0,0,2024-10-21,2024-10-21
ACHO PR,Bad Bunny,2,28.0,28,28,0.0,39.0,0,78,78,2024-10-14,2024-10-15
ADIVINO,Myke Towers & Bad Bunny,3,40.666666666666664,36,43,4.041451884327381,85.0,77,89,12,2025-04-28,2025-07-16
ALL RED,Playboi Carti,20,18.3,1,39,10.54863423437017,89.25,81,90,9,2025-09-15,2025-10-04
ALLIIGATOR TEARS,Beyoncé,4,34.5,22,48,12.069244660154448,50.0,46,52,6,2025-03-31,2025-04-03
AMERICA HAS A PROBLEM (feat. Kendrick Lamar),Beyoncé,6,37.833333333333336,23,48,11.651895410904899,81.83333333333333,79,84,5,2024-05-26,2024-06-03
AMERICA HAS A PROBLEM (feat. Kendrick Lamar),Beyoncé & Kendrick Lamar,4,22.25,12,40,12.76388133236386,72.0,65,77,12,2024-05-22,2024-05-25
AMERIICAN REQUIEM,Beyoncé,6,25.5,6,50,15.55313473226539,55.5,50,58,8,2025-03-31,2025-04-05
AMG,Natanael Cano & Peso Pluma & Gabito Ballesteros,34,33.05882352941177,20,48,8.492210964102547,94.23529411764706,95,94,-1,2024-05-18,2024-06-20
ANTHEM PART 3,blink-182,1,40.0,40,40,,0.0,0,0,0,2024-10-21,2024-10-21
APT.,ROSÉ & Bruno Mars,39,9.051282051282051,1,21,5.296218700508574,94.71794871794872,76,98,22,2025-10-20,2025-11-27
ATTITUDE (FEAT. CHARLIE WILSON & CASH COBAIN),Don Toliver,1,39.0,39,39,,63.0,63,63,0,2025-06-18,2025-06-18
Abracadabra (feat. Travis Scott),Young Thug,1,49.0,49,49,,69.0,69,69,0,2024-06-25,2024-06-25
Agora Hills,Doja Cat,174,22.339080459770116,6,50,12.576469967261064,81.61494252873563,35,82,47,2024-09-24,2025-03-23
Ain't No Love,Future & Metro Boomin,1,27.0,27,27,,0.0,0,0,0,2025-03-24,2025-03-24
Ain't No Love In Oklahoma (From Twisters: The Album),Luke Combs,121,31.214876033057852,15,50,9.54917676344428,83.65289256198348,64,84,20,2025-05-19,2025-10-26
Ain't No Mountain High Enough,Marvin Gaye & Tammi Terrell,1,50.0,50,50,,87.0,87,87,0,2024-11-24,2024-11-24
Ain't No Sunshine,Bill Withers,1,49.0,49,49,,86.0,86,86,0,2025-04-10,2025-04-10
All Alone,Lil Uzi Vert,1,22.0,22,22,,72.0,72,72,0,2024-07-02,2024-07-02
All I Want for Christmas Is You,Mariah Carey,75,17.266666666666666,2,50,15.160700737328957,91.0,81,89,8,2024-11-02,2025-11-27
All My Life (feat. J. Cole),Lil Durk,86,22.651162790697676,3,50,15.24834991409232,82.5,72,80,8,2024-05-28,2024-08-25
All My Life (feat. J. Cole),Lil Durk & J. Cole,10,4.5,3,6,1.0801234497346432,87.2,84,89,5,2024-05-18,2024-05-27
All Summer Long,Kid Rock,2,28.0,28,28,0.0,78.5,78,79,1,2024-07-05,2024-07-06
All The Parties (feat. Chief Keef),Drake,7,26.428571428571427,17,40,7.828519290754432,65.14285714285714,0,80,80,2024-10-07,2024-10-13
All The Stars (with SZA),Kendrick Lamar & SZA,1,46.0,46,46,,87.0,87,87,0,2025-05-11,2025-05-11
"All The Way Live (Spider-Man: Across the Spider-Verse) (Metro Boomin & Future, Lil Uzi Vert)",Metro Boomin,6,43.0,27,50,8.07465169527454,77.16666666666667,71,81,10,2024-06-04,2024-06-09
All You Had To Do Was Stay (Taylor's Version),Taylor Swift,9,27.0,11,49,13.304134695650069,75.22222222222223,0,86,86,2024-10-29,2024-11-06
"Am I Dreaming (Metro Boomin & A$AP Rocky, Roisee)",Metro Boomin,28,24.071428571428573,12,47,10.687232158839405,87.71428571428571,72,92,20,2024-06-04,2024-07-01
Amen (feat. Teezo Touchdown),Drake,7,17.714285714285715,7,33,8.440266301373152,67.14285714285714,0,82,82,2024-10-07,2024-10-13
American Girl,Tom Petty and the Heartbreakers,4,22.5,11,46,16.502525059315417,75.0,77,73,-4,2024-07-05,2025-07-07
American Kids,Kenny Chesney,3,43.666666666666664,43,44,0.5773502691896247,78.0,79,76,-3,2024-07-05,2025-07-06
American Nights,Zach Bryan,8,25.25,13,49,11.448643088655903,73.625,66,78,12,2025-07-06,2025-07-14
American Pie,Don McLean,3,24.666666666666668,15,44,16.74315780649915,80.0,82,76,-6,2024-07-05,2025-07-06
Amped,Lil Uzi Vert,2,23.5,10,37,19.091883092036785,75.5,74,77,3,2024-07-02,2024-07-03
"Annihilate (Spider-Man: Across the Spider-Verse) (Metro Boomin & Swae Lee, Lil Wayne, Offset)",Metro Boomin,28,18.357142857142858,5,46,13.34503454809867,88.10714285714286,73,92,19,2024-06-04,2024-07-01
Another Late Night (feat. Lil Yachty),Drake,7,25.428571428571427,19,37,5.968169536721256,65.14285714285714,0,80,80,2024-10-07,2024-10-13
Anti-Hero,Taylor Swift,120,32.208333333333336,12,50,10.487203753958,93.90833333333333,94,92,-2,2024-05-18,2025-02-07
Antichrist,Eminem,4,39.5,18,48,14.364307617610164,76.0,72,79,7,2025-07-14,2025-07-17
Apple,Charli xcx,47,31.70212765957447,15,45,8.799493299683503,87.68085106382979,82,90,8,2025-07-25,2025-09-10
Aquí Te Espero,Ivan Cornejo,1,37.0,37,37,,0.0,0,0,0,2024-07-29,2024-07-29
Are You Gone Already,Nicki Minaj,1,18.0,18,18,,72.0,72,72,0,2024-12-10,2024-12-10
Area Codes,Kali,43,18.046511627906977,12,30,3.6446535426965005,88.02325581395348,83,91,8,2024-05-18,2024-06-29
Area Codes,Kaliii,10,40.0,24,50,9.921917377424812,91.0,91,91,0,2024-06-30,2024-07-16
As Good As I Once Was,Toby Keith,2,32.0,16,48,22.627416997969522,76.0,75,77,2,2025-02-08,2025-02-09
As It Was,Harry Styles,92,33.71739130434783,23,50,6.787716907195761,92.78260869565217,92,93,1,2024-05-18,2025-01-03
Attention,Doja Cat,14,18.785714285714285,3,38,12.128660091056869,83.78571428571429,74,88,14,2024-06-18,2024-07-01
Austin,Dasha,64,32.234375,14,50,8.625805115401628,84.796875,76,92,16,2025-03-15,2025-05-30
Austin (Boots Stop Workin'),Dasha,134,31.970149253731343,19,50,7.524336753932427,90.24626865671642,92,88,-4,2025-05-31,2025-10-21
Away From Home,Drake,6,30.5,23,40,6.024948132556827,61.666666666666664,0,78,78,2024-10-07,2024-10-12
Aye (feat. Travis Scott),Lil Uzi Vert,3,10.666666666666666,4,18,7.023769168568493,79.33333333333333,77,81,4,2024-07-02,2024-07-04
BABY NUEVA,Bad Bunny,6,26.333333333333332,13,47,12.612163441165306,68.83333333333333,0,87,87,2024-10-14,2024-10-19
BACK TO ME,Kanye West & Ty Dolla $ign,4,13.75,3,38,16.276260831857748,80.25,71,86,15,2025-02-12,2025-02-15
BACK TO ME,¥$ & Kanye West & Ty Dolla $ign,7,33.714285714285715,10,49,16.47942440048889,60.285714285714285,0,82,82,2025-02-16,2025-02-22
BAND4BAND (feat. Lil Baby),Central Cee & Lil Baby,34,24.91176470588235,11,50,12.42521299630574,86.61764705882354,79,90,11,2025-05-28,2025-06-30
BANDIT,Don Toliver,6,40.0,30,46,6.542170893518451,54.666666666666664,0,71,71,2025-06-16,2025-06-23
BATICANO,Bad Bunny,2,27.0,27,27,0.0,39.0,0,78,78,2024-10-14,2024-10-15
BBL Love - Interlude,Drake,5,38.8,24,49,12.296340919151518,57.8,0,76,76,2024-10-07,2024-10-11
BEG FORGIVENESS,Kanye West & Ty Dolla $ign,3,26.0,21,31,5.0,79.66666666666667,77,82,5,2025-02-13,2025-02-15
BEG FORGIVENESS,¥$ & Kanye West & Ty Dolla $ign,1,39.0,39,39,,0.0,0,0,0,2025-02-16,2025-02-16
BELLAKEO,Peso Pluma & Anitta,27,42.407407407407405,30,49,6.558958989042621,92.77777777777777,87,95,8,2024-12-28,2025-01-30
BEST INTEREST,"Tyler, The Creator",3,44.333333333333336,44,45,0.5773502691896263,82.33333333333333,82,83,1,2025-10-30,2025-11-01
BIRDS OF A FEATHER,Billie Eilish,191,5.2565445026178015,2,20,3.1224394304282823,97.15706806282722,59,97,38,2025-05-19,2025-11-27
BITTERSUITE,Billie Eilish,10,31.6,19,50,12.482877161224579,81.8,57,87,30,2025-05-19,2025-05-30
BLACKBIIRD,Beyoncé,5,22.2,7,38,11.819475453673908,54.6,49,58,9,2025-03-31,2025-04-04
BLUE,Billie Eilish,21,29.428571428571427,17,46,9.20636425833471,86.85714285714286,58,90,32,2025-05-19,2025-06-08
BODYGUARD,Beyoncé,10,23.2,8,43,12.227473619317733,81.3,74,84,10,2025-03-31,2025-04-09
BROTHER STONE (FEAT. KODAK BLACK),Don Toliver,1,46.0,46,46,,0.0,0,0,0,2025-06-16,2025-06-16
BURN,Kanye West & Ty Dolla $ign,3,6.0,6,6,0.0,83.0,80,86,6,2025-02-13,2025-02-15
BURN,¥$ & Kanye West & Ty Dolla $ign,22,24.227272727272727,6,48,8.5129135417727,79.45454545454545,0,89,89,2025-02-16,2025-03-10
BYE,Peso Pluma,9,38.111111111111114,22,49,9.360080721399314,69.66666666666667,66,71,5,2024-06-25,2024-07-07
Baby Please,Ivan Cornejo,1,46.0,46,46,,66.0,66,66,0,2025-03-17,2025-03-17
"Baby, It's Cold Outside",Dean Martin,3,39.333333333333336,37,44,4.041451884327381,83.0,83,83,0,2024-12-25,2024-12-27
Back To December (Taylor's Version),Taylor Swift,11,20.818181818181817,2,49,19.077831018321668,81.45454545454545,0,91,91,2024-07-09,2024-07-19
Bad Blood (Taylor's Version),Taylor Swift,4,29.75,17,45,11.7011395456454,62.0,0,84,84,2024-10-29,2024-11-01
Bad Blood (feat. Kendrick Lamar) (Taylor's Version),Taylor Swift,3,31.0,27,35,4.0,75.33333333333333,74,78,4,2024-10-29,2024-10-31
Bad Habit,Steve Lacy,34,44.11764705882353,35,50,3.4532786869639636,85.0,85,85,0,2024-05-18,2024-06-24
Bad One,Eminem,1,35.0,35,35,,69.0,69,69,0,2025-07-14,2025-07-14
Bahamas Promises,Drake,7,20.142857142857142,10,30,6.283008075451637,66.0,0,81,81,2024-10-07,2024-10-13
Balloon (feat. Doechii),"Tyler, The Creator",13,29.307692307692307,13,50,11.250071224845758,80.0,72,82,10,2025-10-30,2025-11-21
Bandit,Don Toliver,49,36.87755102040816,9,49,9.826903236059891,85.79591836734694,76,86,10,2025-02-04,2025-05-10
Barbie Dangerous,Nicki Minaj,1,19.0,19,19,,71.0,71,71,0,2024-12-10,2024-12-10
Barbie World (with Aqua) [From Barbie The Album],Nicki Minaj & Ice Spice & Aqua,104,18.75,1,50,13.995665070896028,92.00961538461539,74,91,17,2024-06-25,2024-10-06
Beautiful Things,Benson Boone,306,14.738562091503267,1,49,8.929796312790975,90.80065359477125,78,89,11,2025-01-21,2025-11-27
Bed Chem,Sabrina Carpenter,96,16.260416666666668,6,50,10.625931331731193,89.86458333333333,50,90,40,2025-08-24,2025-11-27
Beep Beep,Nicki Minaj,1,43.0,43,43,,70.0,70,70,0,2024-12-10,2024-12-10
Beer For My Horses,Toby Keith,1,18.0,18,18,,74.0,74,74,0,2025-02-08,2025-02-08
Belong Together,Mark Ambor,3,48.0,47,49,1.0,93.0,93,93,0,2025-05-16,2025-05-18
Better Days (feat. John Mayer),Zach Bryan,7,29.714285714285715,24,40,7.134757312253998,71.0,63,76,13,2025-07-06,2025-07-13
Better Than Revenge (Taylor's Version),Taylor Swift,7,17.857142857142858,5,41,12.562226069034255,74.71428571428571,0,89,89,2024-07-09,2024-07-15
Big Dawgs,Hanumankind & Kalmi,59,28.16949152542373,13,49,10.648219119958561,89.77966101694915,74,91,17,2025-07-31,2025-10-01
Big Difference,Nicki Minaj,1,49.0,49,49,,69.0,69,69,0,2024-12-10,2024-12-10
Big Foot,Nicki Minaj,2,16.5,10,23,9.192388155425117,73.5,72,75,3,2025-01-31,2025-02-01
Blank Space,Taylor Swift,21,37.142857142857146,12,50,10.160146230668701,82.95238095238095,83,83,0,2024-08-10,2024-10-28
Blank Space (Taylor's Version),Taylor Swift,11,22.272727272727273,7,46,12.353873150481261,79.27272727272727,0,89,89,2024-10-29,2024-11-08
Blinding Lights,The Weeknd,1,46.0,46,46,,92.0,92,92,0,2024-11-01,2024-11-01
Bloody Mary,Lady Gaga,1,32.0,32,32,,73.0,73,73,0,2025-11-02,2025-11-02
Blue Christmas,Elvis Presley,30,33.06666666666667,16,48,10.705890525968542,86.13333333333334,79,89,10,2024-11-25,2024-12-27
Bongos (feat. Megan Thee Stallion),Cardi B & Megan Thee Stallion,9,36.666666666666664,26,47,7.1063352017759485,78.66666666666667,72,82,10,2024-09-10,2024-09-18
Boons,Zach Bryan,1,37.0,37,37,,64.0,64,64,0,2025-07-06,2025-07-06
Born in the U.S.A.,Bruce Springsteen,4,17.75,8,44,17.55704986607944,77.75,79,76,-3,2024-07-05,2025-07-07
Boy's a Liar Pt. 2,PinkPantheress & Ice Spice,100,24.87,9,49,10.609367882616137,94.21,96,91,-5,2024-05-18,2024-09-05
Boys Of Faith (feat. Bon Iver),Zach Bryan & Bon Iver,8,25.75,13,47,14.839618786016228,55.5,0,68,68,2024-09-24,2024-10-01
Brand New Dance,Eminem,6,27.5,10,49,13.794926603646719,78.66666666666667,74,81,7,2025-07-14,2025-07-19
Breaking News - skit,Eminem,1,31.0,31,31,,69.0,69,69,0,2025-07-14,2025-07-14
Breathe,Yeat,37,23.405405405405407,14,39,7.270409813680305,83.86486486486487,70,86,16,2025-02-18,2025-03-30
Brown Eyed Girl,Van Morrison,3,40.0,29,46,9.539392014169456,85.0,85,85,0,2025-07-06,2025-07-08
But Daddy I Love Him,Taylor Swift,33,21.181818181818183,5,49,12.763361982287783,83.66666666666667,80,83,3,2025-04-21,2025-05-23
Bye,Peso Pluma,24,29.458333333333332,21,42,5.283108165091641,87.70833333333333,81,91,10,2024-06-02,2024-07-01
Bye Bye Bye - From Deadpool and Wolverine Soundtrack,*NSYNC,16,36.3125,24,46,5.918544303007851,85.25,79,89,10,2025-07-31,2025-08-16
CARNIVAL,Kanye West & Ty Dolla $ign,4,6.0,1,21,10.0,82.0,71,89,18,2025-02-12,2025-02-15
CARNIVAL,¥$ & Kanye West & Ty Dolla $ign,102,16.980392156862745,1,50,17.94269226691704,92.57843137254902,0,91,91,2025-02-16,2025-05-31
CHIHIRO,Billie Eilish,56,21.767857142857142,5,50,14.13698061041398,91.48214285714286,61,92,31,2025-05-19,2025-07-25
CIRCUS MAXIMUS,Travis Scott,3,17.666666666666668,12,23,5.507570547286101,54.333333333333336,0,83,83,2024-07-29,2024-07-31
CIRCUS MAXIMUS (feat. The Weeknd & Swae Lee),Travis Scott,5,28.6,23,35,4.929503017546495,86.2,85,87,2,2024-08-01,2024-08-05
CS,Lil Uzi Vert,1,27.0,27,27,,20.0,20,20,0,2024-07-02,2024-07-02
CYBERTRUCK,Bad Bunny,5,19.8,7,29,11.713240371477058,65.8,0,86,86,2024-10-14,2024-10-18
California Sober (Feat. Chris Stapleton),Post Malone,6,34.333333333333336,17,49,11.500724614852174,66.83333333333333,40,75,35,2025-08-17,2025-08-22
Call Your Friends,Rod Wave,1,33.0,33,33,,0.0,0,0,0,2024-08-19,2024-08-19
Call Your Mom,Noah Kahan,1,35.0,35,35,,66.0,66,66,0,2024-06-11,2024-06-11
"Calling (Spider-Man: Across the Spider-Verse) (Metro Boomin & Swae Lee, NAV, feat. A Boogie Wit da Hoodie)",Metro Boomin,31,16.225806451612904,4,45,10.138078967994396,89.48387096774194,72,94,22,2024-06-04,2024-07-08
Calling For You (feat. 21 Savage),Drake,7,8.142857142857142,4,17,4.740906081772817,68.57142857142857,0,84,84,2024-10-07,2024-10-13
Calm Down (with Selena Gomez),Rema,52,42.55769230769231,35,49,3.7069804928077668,81.40384615384616,78,80,2,2024-05-18,2025-01-03
Can’t Catch Me Now - from The Hunger Games: The Ballad of Songbirds & Snakes,Olivia Rodrigo,8,31.625,23,47,11.057479692174756,69.25,0,83,83,2024-11-04,2024-11-11
Can’t Catch Me Now - from The Hunger Games: The Ballad of Songbirds & Snakes,Olivia Rodrigo & Rachel Zegler & Flatland Cavalry,35,36.51428571428571,13,49,10.533898860824703,78.77142857142857,34,86,52,2024-11-18,2025-01-12
Cars Bring Me Out (feat. Future),Young Thug,1,17.0,17,17,,71.0,71,71,0,2024-06-25,2024-06-25
Cassandra,Taylor Swift,7,39.57142857142857,32,48,7.207800007795784,81.85714285714286,76,85,9,2025-04-21,2025-04-27
Castles Crumbling (feat. Hayley Williams) (Taylor’s Version) (From The Vault),Taylor Swift,7,15.571428571428571,10,35,9.089502055616007,73.57142857142857,0,87,87,2024-07-09,2024-07-15
Casual,Chappell Roan,81,41.75308641975309,29,50,5.8170672683869045,85.9753086419753,85,85,0,2025-07-20,2025-10-17
"Changes In Latitudes, Changes In Attitudes",Jimmy Buffett,1,50.0,50,50,,58.0,58,58,0,2024-09-03,2024-09-03
Cheeseburger In Paradise,Jimmy Buffett,2,38.0,30,46,11.313708498984761,63.0,60,66,6,2024-09-03,2024-09-04
Chemical,Post Malone,26,38.96153846153846,27,50,8.258235982245935,90.0,90,89,-1,2024-05-18,2024-08-23
Chicken Fried,Zac Brown Band,4,24.5,10,46,17.69180601295413,82.25,83,78,-5,2024-07-05,2025-07-06
Chill Bae,Lil Uzi Vert,1,40.0,40,40,,65.0,65,65,0,2025-11-03,2025-11-03
Chloe or Sam or Sophia or Marcus,Taylor Swift,8,34.625,27,46,7.229651246281327,83.375,78,86,8,2025-04-21,2025-04-28
Christmas (Baby Please Come Home),Darlene Love,31,34.45161290322581,20,50,9.26944338378315,81.64516129032258,74,85,11,2024-11-25,2024-12-27
Christmas (Baby Please Come Home),Mariah Carey,1,47.0,47,47,,88.0,88,88,0,2024-12-25,2024-12-25
Christmas Time Is Here,Vince Guaraldi Trio,12,39.75,27,50,9.245391972613854,82.91666666666667,82,83,1,2024-12-12,2024-12-27
Christmas Tree Farm,Taylor Swift,2,41.5,40,43,2.1213203435596424,87.0,87,87,0,2024-12-24,2024-12-25
Cinderella,Future & Metro Boomin,27,20.666666666666668,7,34,8.651367166301165,84.48148148148148,0,90,90,2025-03-24,2025-04-20
Clara Bow,Taylor Swift,13,29.46153846153846,19,48,10.40525015409196,78.61538461538461,76,79,3,2025-04-21,2025-05-03
Claustrophobic,Future & Metro Boomin,4,30.5,14,41,11.561430130683084,59.0,0,80,80,2025-03-24,2025-03-28
Clean (Taylor's Version),Taylor Swift,8,28.625,14,43,12.094124901904113,73.125,0,86,86,2024-10-29,2024-11-05
Close To You,Gracie Abrams,21,35.76190476190476,26,49,7.725961182304516,70.95238095238095,68,77,9,2025-06-09,2025-06-29
Clouded,Brent Faiyaz,18,43.388888888888886,34,50,4.729617431225451,85.55555555555556,85,87,2,2024-09-19,2024-10-20
Cobra,Megan Thee Stallion,3,45.0,45,45,0.0,46.0,0,71,71,2024-11-04,2024-11-06
Coincidence,Sabrina Carpenter,24,27.041666666666668,12,50,12.369243647280825,82.5,50,87,37,2025-08-24,2025-09-16
Come Monday,Jimmy Buffett,1,44.0,44,44,,59.0,59,59,0,2024-09-03,2024-09-03
Cool With You,NewJeans,4,34.0,26,50,11.313708498984761,81.25,76,85,9,2024-07-23,2024-07-26
Corazón de Piedra,Xavi,8,45.5,42,49,2.449489742783178,88.25,87,90,3,2025-04-05,2025-04-13
"Courtesy Of The Red, White And Blue (The Angry American)",Toby Keith,7,19.857142857142858,10,32,8.802056036869482,74.42857142857143,74,75,1,2024-07-05,2025-07-08
Cowgirls (feat. ERNEST),Morgan Wallen,184,31.39673913043478,17,50,8.749719134751677,84.80978260869566,84,83,-1,2025-05-06,2025-11-22
Creepin' (with The Weeknd & 21 Savage),Metro Boomin,55,36.70909090909091,24,48,6.468363830191575,95.92727272727272,96,96,0,2024-05-18,2024-07-22
Crocodile Tearz,J. Cole,6,22.5,4,43,13.780420893427022,77.33333333333333,73,81,8,2025-04-07,2025-04-12
Cruel Summer,Taylor Swift,387,16.925064599483203,1,50,13.642058829298229,97.00258397932816,92,93,1,2024-05-18,2025-08-03
Cruel Summer - Live from TS | The Eras Tour,Taylor Swift,2,28.0,10,46,25.45584412271571,0.0,0,0,0,2024-10-20,2024-10-21
Crush Em,Lil Uzi Vert,3,25.666666666666668,7,47,20.13289182738867,77.0,75,79,4,2024-07-02,2024-07-04
Cry,Benson Boone,2,47.0,46,48,1.4142135623730951,74.0,68,80,12,2025-04-07,2025-04-13
Cupid - Twin Ver.,FIFTY FIFTY,71,25.746478873239436,7,50,11.819739312884495,98.19718309859155,97,97,0,2024-05-18,2024-07-28
DAUGHTER,Beyoncé,6,28.0,13,46,12.505998560690786,53.5,48,56,8,2025-03-31,2025-04-05
DELRESTO (ECHOES),Travis Scott,3,12.0,8,17,4.58257569495584,55.666666666666664,0,85,85,2024-07-29,2024-07-31
DELRESTO (ECHOES) (feat. Beyoncé),Travis Scott,5,18.4,16,21,2.4083189157584592,87.4,86,88,2,2024-08-01,2024-08-05
DESERT EAGLE,Beyoncé,2,35.5,31,40,6.363961030678928,46.5,45,48,3,2025-03-31,2025-04-01
DEVIL IS A LIE,Tommy Richman,46,27.0,13,49,10.130262692656206,83.95652173913044,68,88,20,2025-06-18,2025-08-03
DJ Got Us Fallin' In Love (feat. Pitbull),USHER,2,38.0,37,39,1.4142135623730951,85.0,85,85,0,2025-02-13,2025-02-14
DO IT,Kanye West & Ty Dolla $ign,3,14.0,11,17,3.0,81.33333333333333,78,84,6,2025-02-13,2025-02-15
DO IT,¥$ & Kanye West & Ty Dolla $ign,2,25.5,22,29,4.949747468305833,14.0,0,28,28,2025-02-16,2025-02-17
DOS DÍAS,Tito Double P,9,48.0,45,50,1.732050807568877,88.0,88,88,0,2025-10-26,2025-11-14
Dance The Night (From Barbie The Album),Dua Lipa,48,18.125,8,46,10.2596607301544,94.79166666666667,75,97,22,2024-05-28,2024-08-30
Dance The Night - From Barbie The Album,Dua Lipa,43,28.372093023255815,14,50,8.775027488259626,95.53488372093024,97,91,-6,2024-08-31,2025-01-03
Dancing In The Flames,The Weeknd,7,23.857142857142858,10,32,8.173709305420875,82.0,77,85,8,2025-09-15,2025-09-21
Danger (Spider) (Offset & JID),Metro Boomin,1,49.0,49,49,,70.0,70,70,0,2024-06-04,2024-06-04
Dark Red,Steve Lacy,27,45.851851851851855,40,50,3.48296628336453,89.62962962962963,88,90,2,2024-10-02,2025-01-11
"Darling, I (feat. Teezo Touchdown)","Tyler, The Creator",26,14.923076923076923,2,48,11.099272325420534,85.88461538461539,77,87,10,2025-10-30,2025-11-24
Dawns (feat. Maggie Rogers),Zach Bryan & Maggie Rogers,4,49.5,49,50,0.5773502691896247,84.0,84,84,0,2024-09-01,2024-09-08
Daylight,David Kushner,55,37.2,17,50,9.101078487170058,97.4,96,96,0,2024-05-18,2024-09-14
Daylight,Drake,7,9.428571428571429,6,16,3.7352886036263584,68.0,0,83,83,2024-10-07,2024-10-13
Days Come and Go,Lil Uzi Vert,1,40.0,40,40,,69.0,69,69,0,2024-07-02,2024-07-02
Dead or Alive,Lil Tecca,1,47.0,47,47,,30.0,30,30,0,2024-09-24,2024-09-24
Dear John (Taylor's Version),Taylor Swift,7,19.857142857142858,6,44,13.993195625357485,74.57142857142857,0,88,88,2024-07-09,2024-07-15
Deck The Hall,Nat King Cole,12,30.416666666666668,22,48,7.166314297186564,87.91666666666667,87,88,1,2024-12-16,2024-12-27
Deck The Halls,Nat King Cole,15,41.2,30,50,6.212889826803628,83.93333333333334,79,87,8,2024-11-25,2024-12-15
Deep Satin,Zach Bryan,4,32.75,22,45,9.429563439877091,54.0,0,75,75,2024-09-24,2024-09-27
Deeper Well,Kacey Musgraves,2,38.0,28,48,14.142135623730951,65.0,70,60,-10,2025-02-11,2025-03-17
Defying Gravity,Wicked Movie Cast & Cynthia Erivo & Ariana Grande,3,34.666666666666664,22,46,12.055427546683415,74.0,70,76,6,2025-11-25,2025-11-27
Deli,Ice Spice,33,40.81818181818182,19,50,7.739729264703584,82.42424242424242,68,86,18,2024-07-23,2024-08-25
Demons,Doja Cat,8,37.375,26,49,8.210402808980463,68.625,69,19,-50,2024-09-03,2024-09-24
Devil I've Been (Feat. ERNEST),Post Malone,3,38.666666666666664,32,42,5.773502691896258,57.0,37,69,32,2025-08-17,2025-08-19
Dial Drunk,Noah Kahan,24,24.125,3,43,13.879332461081024,82.70833333333333,71,80,9,2024-06-11,2025-02-11
Dial Drunk (with Post Malone),Noah Kahan & Post Malone,35,32.8,4,49,13.564226306506306,84.65714285714286,72,87,15,2024-07-20,2024-08-25
Did It First (with Central Cee),Ice Spice & Central Cee,17,38.64705882352941,28,48,6.382996714617947,83.88235294117646,79,87,8,2025-07-18,2025-08-03
Die For You,The Weeknd,35,43.97142857142857,33,50,4.7433279102193175,91.02857142857142,91,89,-2,2024-05-18,2024-09-22
Die With A Smile,Lady Gaga & Bruno Mars,103,3.466019417475728,1,16,3.6348410272991187,96.80582524271844,0,100,100,2025-08-17,2025-11-27
Died and Came Back,Lil Uzi Vert,1,14.0,14,14,,73.0,73,73,0,2024-07-02,2024-07-02
Diet Pepsi,Addison Rae,29,38.86206896551724,26,50,6.127946159842709,87.37931034482759,86,88,2,2025-10-03,2025-11-01
Disco,Surf Curse,6,41.333333333333336,37,48,5.240865068542279,82.33333333333333,81,85,4,2025-09-08,2025-09-25
Disease,Lady Gaga,3,28.666666666666668,16,43,13.576941236277534,75.0,74,77,3,2025-10-27,2025-10-29
Disturbia,Rihanna,1,44.0,44,44,,79.0,79,79,0,2025-11-02,2025-11-02
Do They Know It's Christmas? - 1984 Version,Band Aid,4,41.5,39,47,3.785938897200183,89.0,89,89,0,2024-12-24,2024-12-27
Do You Hear What I Hear? - Remastered 2006,Bing Crosby,2,48.0,48,48,0.0,83.0,83,83,0,2024-12-26,2024-12-27
Doctor (Work It Out) [feat. Miley Cyrus],Pharrell Williams & Miley Cyrus,1,45.0,45,45,,73.0,73,73,0,2025-03-03,2025-03-03
Don't Understand,Post Malone,1,32.0,32,32,,48.0,48,48,0,2024-07-29,2024-07-29
Don’t Blame Me,Taylor Swift,6,46.833333333333336,45,50,2.4832774042918886,91.33333333333333,91,92,1,2024-08-11,2024-10-28
Don’t Smile,Sabrina Carpenter,15,30.8,19,48,11.626324809303608,78.33333333333333,48,84,36,2025-08-24,2025-09-07
Doomsday (with Juice WRLD & Cordae),Lyrical Lemonade & Juice WRLD & Cordae,7,39.285714285714285,28,47,6.524678426668135,76.85714285714286,70,81,11,2024-06-25,2024-07-01
Down Bad,Taylor Swift,49,19.79591836734694,2,42,14.209708523630265,87.0,81,86,5,2025-04-21,2025-06-08
Dreams - 2004 Remaster,Fleetwood Mac,12,44.0,38,50,3.5161962919661303,88.66666666666667,87,89,2,2024-10-02,2024-10-28
Drew A Picasso,Drake,7,28.428571428571427,16,42,8.323804075404123,65.14285714285714,0,80,80,2024-10-07,2024-10-13
Drugs You Should Try It,Travis Scott,1,30.0,30,30,,0.0,0,0,0,2025-08-24,2025-08-24
Dumb & Poetic,Sabrina Carpenter,14,30.285714285714285,16,47,12.079407597729613,78.14285714285714,49,84,35,2025-08-24,2025-09-06
ETA,NewJeans,3,32.666666666666664,30,38,4.618802153517007,79.33333333333333,76,82,6,2024-07-23,2024-07-25
East Side of Sorrow,Zach Bryan,22,23.636363636363637,3,45,13.89945341352692,80.68181818181819,43,85,42,2024-08-26,2024-09-16
El Azul,Junior H & Peso Pluma,70,30.84285714285714,21,46,5.867216001008015,94.92857142857143,95,94,-1,2024-05-18,2024-07-28
El Dorado,Zach Bryan,8,27.625,15,40,9.62047667366703,72.125,40,80,40,2024-08-26,2024-09-02
El Gordo Trae El Mando,Chino Pacas,32,43.0625,31,50,6.405327923412788,91.6875,92,92,0,2024-05-18,2024-06-29
Electric Touch (feat. Fall Out Boy) (Taylor’s Version) (From The Vault),Taylor Swift,7,22.285714285714285,9,43,11.190982764623277,73.42857142857143,0,87,87,2024-07-09,2024-07-15
Ella Baila Sola,Eslabon Armado,170,18.96470588235294,1,50,15.256347643001167,89.67647058823529,89,85,-4,2024-05-18,2025-01-03
Empire Now,Hozier,1,26.0,26,26,,38.0,38,38,0,2025-03-24,2025-03-24
Enchanted,Taylor Swift,1,35.0,35,35,,83.0,83,83,0,2024-07-08,2024-07-08
Enchanted (Taylor's Version),Taylor Swift,11,21.363636363636363,5,46,17.001604202384712,81.18181818181819,0,91,91,2024-07-09,2024-07-19
End of Beginning,Djo,147,25.517006802721088,3,50,16.22713512198246,94.7687074829932,80,92,12,2025-02-18,2025-08-08
Endless Fashion (feat. Nicki Minaj),Lil Uzi Vert,7,15.142857142857142,6,24,7.358183005529092,80.71428571428571,75,84,9,2024-07-02,2024-07-08
Enough (Miami),Cardi B,5,33.0,28,40,4.898979485566356,69.0,61,73,12,2025-03-17,2025-03-23
Enough Is Enough,Post Malone,8,34.75,28,39,3.8078865529319543,75.5,46,83,37,2024-07-29,2024-08-05
Espresso,Sabrina Carpenter,226,7.946902654867257,1,34,6.22516856776975,94.23893805309734,75,88,13,2025-04-14,2025-11-27
Evergreen,Richy Mitch & The Coal Miners,54,42.98148148148148,32,50,5.594777688741801,88.92592592592592,90,88,-2,2025-02-24,2025-09-18
Everybody (feat. Lil Uzi Vert),Nicki Minaj,30,35.3,23,50,8.554692199061849,83.1,70,88,18,2024-12-10,2025-01-13
Everyday Hustle,Future & Metro Boomin,3,38.333333333333336,24,46,12.423096769056148,50.333333333333336,0,77,77,2025-03-24,2025-03-27
Evil,Eminem,4,29.0,15,37,9.626352718795768,77.0,73,80,7,2025-07-14,2025-07-17
Evil Ways (feat. J. Cole),Drake,4,27.0,5,45,18.7794213613377,54.25,0,75,75,2024-11-18,2024-11-21
FE!N,Travis Scott,3,2.3333333333333335,2,3,0.5773502691896258,57.0,0,87,87,2024-07-29,2024-07-31
FE!N (feat. Playboi Carti),Travis Scott,231,31.6017316017316,2,50,13.361749317159251,91.85281385281385,89,89,0,2024-08-01,2025-11-12
FIELD TRIP,¥$ & Kanye West & Ty Dolla $ign,8,23.5,15,44,9.665845613735584,58.0,0,0,0,2025-08-04,2025-08-11
FINA,Bad Bunny,15,16.933333333333334,2,28,9.176574731866122,83.6,0,93,93,2024-10-14,2024-10-28
FLAMENCO,Beyoncé,2,31.0,27,35,5.656854249492381,47.0,45,49,4,2025-03-31,2025-04-01
FRIED,¥$ & Kanye West & Ty Dolla $ign,3,45.0,45,45,0.0,47.333333333333336,0,73,73,2025-08-04,2025-08-06
FTCU,Nicki Minaj,54,18.796296296296298,6,50,10.427430497417694,87.22222222222223,71,90,19,2024-12-10,2025-02-06
FUK SUMN,Kanye West & Ty Dolla $ign,4,15.0,2,50,23.366642891095843,80.0,70,86,16,2025-02-12,2025-02-15
FUK SUMN,¥$ & Kanye West & Ty Dolla $ign,12,31.916666666666668,8,47,12.258268699745145,71.25,0,88,88,2025-02-16,2025-03-02
Fallin 4 U,Nicki Minaj,1,48.0,48,48,,69.0,69,69,0,2024-12-10,2024-12-10
Family Matters,Drake,15,18.066666666666666,5,49,13.019033685156442,85.46666666666667,74,89,15,2025-05-06,2025-05-20
Fare Well,Hozier,1,35.0,35,35,,37.0,37,37,0,2025-03-24,2025-03-24
Fast Car,Luke Combs,183,20.666666666666668,3,49,12.918311959493158,90.24043715846994,88,85,-3,2024-05-18,2025-07-06
Father Stretch My Hands Pt. 1,Kanye West,38,38.5,24,50,9.125994947608936,90.26315789473684,88,90,2,2025-01-03,2025-03-08
Favorite Song,Toosii,2,50.0,50,50,0.0,86.0,86,86,0,2024-05-19,2024-05-20
Favorite Song (feat. Future) [Toxic Version],Toosii & Future,4,41.5,34,48,5.972157622389639,56.5,52,61,9,2024-05-21,2024-05-24
Fear Of Heights,Drake,7,11.571428571428571,5,20,4.859943170351646,68.0,0,83,83,2024-10-07,2024-10-13
Fear and Friday's,Zach Bryan,15,23.8,8,40,12.013088100662783,77.93333333333334,42,83,41,2024-08-26,2024-09-09
Fear and Friday's (Poem),Zach Bryan,6,31.0,9,48,13.870832707519762,70.83333333333333,44,79,35,2024-08-26,2024-08-31
Feather,Sabrina Carpenter,120,34.68333333333333,19,50,8.029340453813704,90.53333333333333,87,89,2,2024-12-29,2025-07-05
Feel It - From The Original Series “Invincible”,d4vd,4,36.5,32,46,6.60807586719967,84.5,84,85,1,2025-04-17,2025-04-20
Feliz Navidad,José Feliciano,34,20.38235294117647,8,40,9.085501957022064,84.82352941176471,78,88,10,2024-11-24,2024-12-27
Femininomenon,Chappell Roan,12,43.166666666666664,41,50,2.5166114784235845,84.41666666666667,84,85,1,2025-08-04,2025-08-16
Fever,J. Cole,1,19.0,19,19,,69.0,69,69,0,2025-04-07,2025-04-07
Finer Things (Feat. Hank Williams Jr.),Post Malone,5,25.6,14,34,8.502940667792526,65.2,41,74,33,2025-08-17,2025-08-21
Fire Alarm,Lil Uzi Vert,1,28.0,28,28,,70.0,70,70,0,2024-07-02,2024-07-02
Firework,Katy Perry,3,20.0,18,24,3.4641016151377544,73.66666666666667,75,71,-4,2024-07-05,2025-07-06
First Person Shooter (feat. J. Cole),Drake,137,26.94890510948905,1,50,14.116282405061856,89.33576642335767,0,88,88,2024-10-07,2025-03-09
Five Nights at Freddy's,The Living Tombstone,1,43.0,43,43,,71.0,71,71,0,2024-11-01,2024-11-01
Flooded The Face,Lil Uzi Vert,27,27.40740740740741,2,50,14.468159362117742,86.66666666666667,79,88,9,2024-07-02,2024-07-28
Florida!!! (feat. Florence + The Machine),Taylor Swift,28,20.357142857142858,8,39,9.851543536568778,84.17857142857143,80,84,4,2025-04-21,2025-05-18
Flowers,Miley Cyrus,76,29.157894736842106,14,48,9.758487084350657,91.13157894736842,91,95,4,2024-05-18,2025-02-12
Foolish One (Taylor’s Version) (From The Vault),Taylor Swift,7,19.0,13,37,8.34665601703261,72.85714285714286,0,87,87,2024-07-09,2024-07-15
Forever,Noah Kahan,7,19.857142857142858,3,28,10.399175791516226,79.42857142857143,74,83,9,2025-02-11,2025-02-17
Fortnight (feat. Post Malone),Taylor Swift,103,18.95145631067961,1,48,13.098704202322276,92.30097087378641,85,90,5,2025-04-21,2025-08-23
Fortunate Son,Creedence Clearwater Revival,4,37.25,30,48,8.845903006477068,86.5,88,85,-3,2024-07-05,2025-07-08
Fresh Out The Slammer,Taylor Swift,18,26.5,14,50,11.84830591017874,80.83333333333333,79,81,2,2025-04-21,2025-05-08
Fried (She a Vibe),Future & Metro Boomin,4,36.5,21,47,11.0,58.0,0,79,79,2025-03-24,2025-03-28
From The Start,Laufey,24,44.833333333333336,30,50,5.961227380670692,82.125,85,68,-17,2024-07-20,2024-09-14
Fuel,Eminem,8,24.125,16,49,11.10260587172476,79.125,72,83,11,2025-07-14,2025-07-21
GIRLS,The Kid LAROI,2,38.5,36,41,3.5355339059327378,78.0,77,79,2,2025-07-04,2025-07-05
GOD'S COUNTRY,Travis Scott,8,20.875,11,27,5.514591035218685,75.375,0,88,88,2024-07-29,2024-08-05
GOOD (DON'T DIE),Kanye West & Ty Dolla $ign,3,36.333333333333336,29,43,7.023769168568491,78.66666666666667,76,81,5,2025-02-13,2025-02-15
GRACIAS POR NADA,Bad Bunny,3,24.0,12,48,20.784609690826528,53.333333333333336,0,80,80,2024-10-14,2024-10-16
GTA,Future & Metro Boomin,1,28.0,28,28,,0.0,0,0,0,2025-03-24,2025-03-24
Gata Only,FloyyMenor & Cris Mj,113,31.02654867256637,13,50,8.941736185870116,96.22123893805309,94,96,2,2025-04-04,2025-07-30
Gata Only (Mashup),Dj Agus Lima,2,26.0,26,26,0.0,24.0,0,48,48,2025-05-09,2025-05-10
Gently (feat. Bad Bunny),Drake,15,23.133333333333333,8,45,13.87632447560884,77.33333333333333,0,87,87,2024-10-07,2024-10-21
Get It Sexyy,Sexyy Red,56,36.42857142857143,26,49,7.1219434090757785,79.41071428571429,76,67,-9,2025-03-29,2025-06-03
Ghostbusters,Ray Parker Jr.,5,26.6,1,45,19.007893097342482,72.6,75,76,1,2024-11-01,2025-11-03
Ghostbusters,Various Artists,1,13.0,13,13,,78.0,78,78,0,2024-11-01,2024-11-01
Goes Without Saying (Feat. Brad Paisley),Post Malone,5,39.2,24,50,11.009087155618307,63.8,39,72,33,2025-08-17,2025-08-21
Good Graces,Sabrina Carpenter,67,24.19402985074627,6,48,12.30574983366688,87.29850746268657,52,87,35,2025-08-24,2025-10-29
"Good Luck, Babe!",Chappell Roan,232,9.974137931034482,1,49,8.571533685975364,92.625,66,93,27,2025-04-07,2025-11-27
Gucci Grocery Bag,Young Thug,1,36.0,36,36,,69.0,69,69,0,2024-06-25,2024-06-25
Guess featuring Billie Eilish,Charli xcx & Billie Eilish,66,25.454545454545453,4,43,9.916857160615752,90.81818181818181,79,90,11,2025-08-04,2025-10-09
Guess featuring billie eilish,Charli xcx,11,39.09090909090909,21,50,9.202766382502007,71.18181818181819,60,78,18,2025-10-13,2025-10-28
Guess featuring billie eilish,Charli xcx & Billie Eilish,3,41.0,40,42,1.0,90.0,90,90,0,2025-10-10,2025-10-12
Guilty Conscience 2,Eminem,1,21.0,21,21,,71.0,71,71,0,2025-07-14,2025-07-14
Guilty as Sin?,Taylor Swift,39,24.564102564102566,10,49,12.516925113820617,82.87179487179488,79,83,4,2025-04-21,2025-06-02
Guy For That (Feat. Luke Combs),Post Malone,11,22.90909090909091,7,43,14.679608615045195,70.18181818181819,36,78,42,2025-08-17,2025-08-27
Guy For That (Feat. Luke Combs),Post Malone & Luke Combs,20,23.05,9,36,9.190813491284597,80.5,48,86,38,2025-07-27,2025-08-16
H.Y.B. (feat. Bas & Central Cee),J. Cole,4,32.0,13,50,15.769168230019828,74.5,72,78,6,2025-04-07,2025-04-10
HARLEY QUINN,Fuerza Regida,58,33.05172413793103,18,50,9.74305405087925,93.13793103448276,87,94,7,2024-11-04,2025-01-30
HIBIKI,Bad Bunny,7,20.857142857142858,5,40,13.458932243787292,73.71428571428571,0,90,90,2024-10-14,2024-10-20
HISS,Megan Thee Stallion,17,11.352941176470589,1,50,13.29445926161811,84.41176470588235,70,89,19,2025-01-28,2025-02-13
HOODRAT,Kanye West & Ty Dolla $ign,3,27.0,18,35,8.54400374531753,80.0,77,82,5,2025-02-13,2025-02-15
HOT TO GO!,Chappell Roan,172,16.686046511627907,7,50,9.959874618045184,88.80813953488372,82,88,6,2025-06-05,2025-11-27
HUMBLE.,Kendrick Lamar,2,36.5,31,42,7.7781745930520225,86.0,86,86,0,2025-05-09,2025-05-10
HVN ON EARTH (with Kodak Black),Lil Tecca,1,41.0,41,41,,31.0,31,31,0,2024-09-24,2024-09-24
HYAENA,Travis Scott,9,12.444444444444445,2,27,7.316268022549322,78.77777777777777,0,90,90,2024-07-29,2024-08-06
Habits,Eminem,6,20.0,5,38,11.64474130240771,79.66666666666667,75,82,7,2025-07-14,2025-07-19
Happy Holiday / The Holiday Season,Andy Williams,4,42.25,38,50,5.678908345800273,72.0,72,72,0,2024-12-24,2024-12-27
Happy Xmas (War Is Over) - Remastered 2010,John Lennon,6,38.333333333333336,32,50,7.3393914370788735,92.0,92,92,0,2024-12-22,2024-12-27
Haunted (Taylor's Version),Taylor Swift,5,23.8,14,41,10.2810505299799,67.6,0,86,86,2024-07-09,2024-07-13
Have The Heart (Feat. Dolly Parton),Post Malone,3,29.0,21,33,6.928203230275509,59.0,40,70,30,2025-08-17,2025-08-19
Have Yourself A Merry Little Christmas - Remastered 1999,Frank Sinatra,3,43.333333333333336,42,46,2.3094010767585034,84.0,84,84,0,2024-12-25,2024-12-27
Head Honcho,Eminem,1,29.0,29,29,,69.0,69,69,0,2025-07-14,2025-07-14
Heading South,Zach Bryan,212,40.60849056603774,27,50,6.041132594047903,84.80660377358491,85,83,-2,2024-08-26,2025-11-14
Heartless,Kanye West,55,43.38181818181818,34,50,3.856168262671337,90.23636363636363,87,90,3,2024-12-28,2025-03-09
Heather,Conan Gray,2,45.0,42,48,4.242640687119285,88.5,88,89,1,2024-12-04,2024-12-05
Heavy Is the Crown,Linkin Park,2,44.5,44,45,0.7071067811865476,80.5,78,83,5,2025-09-27,2025-09-29
Hellcat Kenny (feat. Lil Uzi Vert),Young Thug,1,31.0,31,31,,69.0,69,69,0,2024-06-25,2024-06-25
Here Comes Santa Claus (Right Down Santa Claus Lane),Elvis Presley,3,49.333333333333336,49,50,0.5773502691896263,85.0,85,85,0,2024-12-25,2024-12-27
Here Comes Santa Claus (Right Down Santa Claus Lane) - 1947 Version,Gene Autry,4,36.25,35,40,2.4999999999999996,86.0,86,86,0,2024-12-24,2024-12-27
Hey Daddy (Daddy's Home),USHER,1,40.0,40,40,,85.0,85,85,0,2025-02-14,2025-02-14
Hey Driver (feat. The War and Treaty),Zach Bryan,55,22.472727272727273,3,50,14.594334955543976,84.56363636363636,42,83,41,2024-08-26,2024-12-29
Hey Jane,"Tyler, The Creator",10,24.1,6,42,12.60026454748735,81.4,75,83,8,2025-10-30,2025-11-08
Hide My Gun (Feat. HARDY),Post Malone,3,38.333333333333336,35,40,2.886751345948128,55.666666666666664,35,68,33,2025-08-17,2025-08-19
High Road,Zach Bryan,7,34.857142857142854,10,44,12.266873704256946,69.85714285714286,65,75,10,2025-11-10,2025-11-16
High Road (feat. Jessie Murph),Koe Wetzel,3,47.666666666666664,46,50,2.0816659994661326,60.0,56,62,6,2025-07-23,2025-07-26
High Road (feat. Jessie Murph),Koe Wetzel & Jessie Murph,26,31.807692307692307,17,45,8.537068493431361,75.46153846153847,64,82,18,2025-06-10,2025-07-05
Hits Different,Taylor Swift,12,21.25,2,44,13.605647223253893,83.75,77,87,10,2024-05-28,2024-06-09
Holly Jolly Christmas,Michael Bublé,34,23.91176470588235,15,44,7.959624047231254,80.11764705882354,73,83,10,2024-11-24,2024-12-27
Holy Roller (feat. Sierra Ferrell),Zach Bryan,8,23.25,13,35,8.79529094783924,72.625,41,80,39,2024-08-26,2024-09-02
Home,Good Neighbours,52,40.17307692307692,27,50,5.853509601993789,84.48076923076923,80,90,10,2025-02-02,2025-04-13
Houdini,Dua Lipa,13,29.923076923076923,8,50,15.315904252668956,85.6923076923077,58,91,33,2024-11-11,2024-11-23
Houdini,Eminem,62,18.241935483870968,4,48,10.884920361420104,85.95161290322581,0,84,84,2025-06-02,2025-08-03
How Did It End?,Taylor Swift,10,35.3,28,50,7.972870666621067,84.1,78,87,9,2025-04-21,2025-05-01
How Do You Like Me Now?!,Toby Keith,1,19.0,19,19,,72.0,72,72,0,2025-02-08,2025-02-08
How You Get The Girl (Taylor's Version),Taylor Swift,6,33.333333333333336,16,50,13.779211394948067,68.83333333333333,0,84,84,2024-10-29,2024-11-03
Huntin’ Wabbitz,J. Cole,4,27.0,9,43,14.30617582258329,73.75,71,77,6,2025-04-07,2025-04-10
I Ain't Worried,OneRepublic,3,45.666666666666664,43,47,2.309401076758502,95.0,95,95,0,2024-07-05,2024-07-07
I Can Do It With a Broken Heart,Taylor Swift,96,22.28125,3,50,13.13308648133849,87.51041666666667,79,87,8,2025-04-21,2025-08-23
I Can Fix Him (No Really I Can),Taylor Swift,15,28.466666666666665,16,50,12.07042824821216,79.8,78,80,2,2025-04-21,2025-05-05
I Can See You (Taylor’s Version) (From The Vault),Taylor Swift,36,25.916666666666668,1,50,17.96723207874347,89.30555555555556,0,91,91,2024-07-09,2024-08-22
I Gotta,Lil Uzi Vert,3,16.333333333333332,9,25,8.082903768654761,76.33333333333333,74,78,4,2024-07-02,2024-07-04
I Had Some Help (Feat. Morgan Wallen),Post Malone,103,13.16504854368932,1,40,7.636467060381197,83.42718446601941,38,84,46,2025-08-17,2025-11-27
I Had Some Help (Feat. Morgan Wallen),Post Malone & Morgan Wallen,95,3.905263157894737,1,6,1.1856740986919934,93.91578947368421,83,95,12,2025-05-12,2025-08-16
I Hate It Here,Taylor Swift,9,35.333333333333336,29,50,7.729812416870153,83.44444444444444,77,86,9,2025-04-21,2025-05-01
I Hope You Find Your Way Home,"Tyler, The Creator",4,24.25,14,42,12.553220038433698,76.0,72,78,6,2025-10-30,2025-11-02
I KNOW ?,Travis Scott,220,22.931818181818183,3,50,11.111304308545902,91.35,0,90,90,2024-07-29,2025-03-20
I Killed You,"Tyler, The Creator",10,27.9,7,46,13.453211099543815,80.7,75,82,7,2025-10-30,2025-11-08
I Know Places (Taylor's Version),Taylor Swift,6,30.833333333333332,18,44,11.391517311871437,68.33333333333333,0,84,84,2024-10-29,2024-11-03
I LUV IT (feat. Playboi Carti),Camila Cabello & Playboi Carti,5,41.2,31,49,6.942621983083914,80.8,75,84,9,2025-03-30,2025-04-06
I Look in People's Windows,Taylor Swift,8,37.25,31,48,6.4309519401985,82.5,77,85,8,2025-04-21,2025-04-28
I Love This Bar,Toby Keith,1,44.0,44,44,,70.0,70,70,0,2025-02-08,2025-02-08
"I Love You, I'm Sorry",Gracie Abrams,104,25.423076923076923,9,50,11.036296962061233,88.8173076923077,84,90,6,2025-08-08,2025-11-27
I Remember Everything (feat. Kacey Musgraves),Zach Bryan,445,13.916853932584269,1,49,9.896528146741506,90.07640449438202,43,86,43,2024-08-26,2025-11-23
I Saw Mommy Kissing Santa Claus,The Jackson 5,3,43.666666666666664,41,49,4.618802153517006,83.0,83,83,0,2024-12-25,2024-12-27
I Want a Hippopotamus for Christmas (Hippo the Hero),Gayla Peevey,3,44.333333333333336,44,45,0.5773502691896263,83.0,83,83,0,2024-12-25,2024-12-27
I Wish You Would (Taylor's Version),Taylor Swift,8,31.625,13,49,13.814459298658262,73.0,0,85,85,2024-10-29,2024-11-05
I might say something stupid featuring the 1975 & jon hopkins,Charli xcx,1,47.0,47,47,,65.0,65,65,0,2025-10-13,2025-10-13
"I swear, I Really Wanted To Make A ""Rap"" Album But This Is Literally The Way The Wind Blew Me This Time",André 3000,1,31.0,31,31,,37.0,37,37,0,2024-11-18,2024-11-18
I'm Shipping Up To Boston,Dropkick Murphys,1,48.0,48,48,,74.0,74,74,0,2025-03-19,2025-03-19
IDGAF (feat. Yeat),Drake,149,20.006711409395972,1,49,13.439301303174359,91.20805369127517,0,90,90,2024-10-07,2025-03-09
II HANDS II HEAVEN,Beyoncé,2,39.0,36,42,4.242640687119285,45.5,44,47,3,2025-03-31,2025-04-01
II MOST WANTED,Beyoncé,14,20.642857142857142,4,45,13.95380920067317,67.28571428571429,49,75,26,2025-03-31,2025-04-13
Ice Attack,Future & Metro Boomin,6,21.833333333333332,8,35,9.17423929634859,67.33333333333333,0,82,82,2025-03-24,2025-03-30
Igual Que Un Ángel (with Peso Pluma),Kali Uchis,35,18.02857142857143,6,49,12.989782668755957,91.77142857142857,75,96,21,2025-01-14,2025-02-18
In Your Love,Tyler Childers,7,43.142857142857146,37,49,4.017817460121495,72.42857142857143,62,78,16,2024-07-29,2024-08-06
Innocent (Taylor's Version),Taylor Swift,4,32.0,21,46,10.984838035522722,62.0,0,84,84,2024-07-09,2024-07-12
Is It Over Now? (Taylor's Version) (From The Vault),Taylor Swift,89,24.39325842696629,1,50,17.8749558025697,91.75280898876404,0,92,92,2024-10-29,2025-02-07
It's Beginning to Look a Lot Like Christmas (with Mitchell Ayres & His Orchestra),Perry Como,34,26.88235294117647,15,45,9.101330924591766,86.97058823529412,79,90,11,2024-11-24,2024-12-27
It's Beginning to Look a Lot like Christmas,Michael Bublé,37,15.378378378378379,9,42,8.3810346462559,83.24324324324324,75,87,12,2024-11-20,2024-12-27
It's Five O'Clock Somewhere,Alan Jackson,2,24.0,12,36,16.97056274847714,66.0,69,63,-6,2024-09-03,2024-09-04
It's Getting Hot,NLE Choppa,2,48.0,48,48,0.0,79.5,79,80,1,2024-08-14,2024-08-15
It's Up (feat. Young Thug & 21 Savage),Drake,5,34.0,20,48,13.2664991614216,59.8,0,78,78,2025-08-11,2025-08-16
It's ok I'm ok,Tate McRae,26,33.11538461538461,9,50,12.277872529316872,84.11538461538461,74,85,11,2025-09-15,2025-11-17
It's the Most Wonderful Time of the Year,Andy Williams,42,12.476190476190476,4,47,12.863709769580648,76.64285714285714,70,82,12,2024-11-19,2025-11-26
I’m Just Ken (From Barbie The Album),Ryan Gosling,8,43.125,29,50,9.203066259211033,74.5,68,79,11,2024-07-26,2024-08-08
JOLENE,Beyoncé,9,21.444444444444443,3,46,16.241236953439778,62.22222222222222,50,68,18,2025-03-31,2025-04-08
JUST FOR FUN,Beyoncé,3,32.666666666666664,24,44,10.26320287889377,48.666666666666664,46,51,5,2025-03-31,2025-04-02
Jake's Piano - Long Island,Zach Bryan,8,30.5,17,42,9.227288721117223,71.875,40,80,40,2024-08-26,2024-09-02
Jennifer’s Body,Ken Carson,2,47.0,47,47,0.0,0.0,0,0,0,2024-10-14,2024-10-15
Jimmy Cooks (feat. 21 Savage),Drake,86,44.24418604651163,34,50,3.9285861743998143,89.3953488372093,89,89,0,2024-05-18,2024-11-17
Jingle Bell Rock,Bobby Helms,54,13.74074074074074,2,48,14.758668939810006,87.18518518518519,80,82,2,2024-11-12,2025-11-27
Jingle Bells - Remastered 1999,Frank Sinatra,34,29.764705882352942,17,46,9.403606089507953,84.79411764705883,77,88,11,2024-11-24,2024-12-27
Joy To The World,Nat King Cole,4,39.25,36,46,4.716990566028303,86.0,86,86,0,2024-12-24,2024-12-27
Judge Judy,"Tyler, The Creator",12,25.166666666666668,8,48,12.705284035559472,81.25,75,83,8,2025-10-30,2025-11-10
Juno,Sabrina Carpenter,87,32.11494252873563,11,49,10.618572241603244,86.42528735632185,49,88,39,2025-08-24,2025-11-24
Just Wanna Rock,Lil Uzi Vert,32,40.0625,16,50,8.41633396553124,86.34375,90,76,-14,2024-05-18,2024-07-08
K-POP,Travis Scott & Bad Bunny & The Weeknd,33,18.90909090909091,2,48,13.172802559543936,87.18181818181819,82,92,10,2024-07-23,2024-08-24
KEHLANI,Jordan Adetunji,7,44.857142857142854,43,48,1.8644544714716094,87.71428571428571,87,88,1,2025-08-09,2025-08-16
KEYS TO MY LIFE,Kanye West & Ty Dolla $ign,4,23.0,10,32,9.83192080250175,79.0,71,84,13,2025-02-12,2025-02-15
KEYS TO MY LIFE,¥$ & Kanye West & Ty Dolla $ign,1,47.0,47,47,,0.0,0,0,0,2025-02-16,2025-02-16
KING,Kanye West & Ty Dolla $ign,2,41.5,36,47,7.7781745930520225,76.5,75,78,3,2025-02-13,2025-02-14
Karma,Taylor Swift,95,37.136842105263156,24,50,5.758639256962126,89.86315789473684,88,89,1,2024-05-18,2024-11-16
Karma (feat. Ice Spice),Taylor Swift,6,22.833333333333332,1,40,15.561705133649934,80.83333333333333,77,84,7,2024-05-28,2024-06-03
Kill Bill,SZA,247,22.91497975708502,4,50,12.162386134444523,92.25910931174089,94,86,-8,2024-05-18,2025-11-04
Knee Deep (feat. Jimmy Buffett),Zac Brown Band,2,46.0,45,47,1.4142135623730951,77.5,77,78,1,2024-09-03,2024-09-04
LA DURANGO,Peso Pluma & Junior H & Eslabon Armado,1,42.0,42,42,,70.0,70,70,0,2025-05-12,2025-05-12
LA PATRULLA,Peso Pluma,44,41.13636363636363,33,49,3.7141521245404467,86.79545454545455,87,87,0,2025-09-16,2025-10-29
LA PEOPLE II,Peso Pluma & Tito Double P & Joel De La P,4,45.25,42,49,3.304037933599835,60.5,0,82,82,2025-03-24,2025-03-30
LADY GAGA,Peso Pluma,150,29.066666666666666,7,50,10.963433221803681,92.17333333333333,77,94,17,2024-06-25,2024-11-24
LALA,Myke Towers,49,38.02040816326531,29,50,5.5508625302678825,98.6938775510204,96,99,3,2024-07-16,2024-09-11
LEVII'S JEANS,Beyoncé,9,24.22222222222222,10,43,11.766241729815194,80.0,73,83,10,2025-03-31,2025-04-08
LIL DEMON,Future,3,34.0,13,50,19.0,73.0,70,76,6,2025-09-22,2025-09-26
LOOOVE,Travis Scott,3,23.666666666666668,19,28,4.509249752822893,53.666666666666664,0,82,82,2024-07-29,2024-07-31
LOOOVE (feat. Kid Cudi),Travis Scott,5,35.8,28,47,7.918333157931662,84.6,83,86,3,2024-08-01,2024-08-05
LOS PITS,Bad Bunny,2,19.0,19,19,0.0,39.5,0,79,79,2024-10-14,2024-10-15
LOST FOREVER,Travis Scott,3,22.0,16,27,5.5677643628300215,53.666666666666664,0,82,82,2024-07-29,2024-07-31
LOST FOREVER (feat. Westside Gunn),Travis Scott,4,34.25,27,43,7.182153808805082,84.25,83,85,2,2024-08-01,2024-08-04
LUNA,Peso Pluma,14,25.285714285714285,8,48,15.622609707277913,73.57142857142857,76,84,8,2024-06-25,2024-07-08
LUNCH,Billie Eilish,89,19.04494382022472,4,48,11.155828187706465,93.23595505617978,62,92,30,2025-05-19,2025-08-23
La Bebe - Remix,Yng Lvcas & Peso Pluma,113,23.831858407079647,6,50,13.638117967449103,98.00884955752213,99,94,-5,2024-05-18,2024-09-18
La Diabla,Xavi,103,18.37864077669903,5,50,13.143339851351517,96.6504854368932,89,94,5,2024-12-28,2025-04-18
La Víctima,Xavi,73,24.78082191780822,14,49,7.390396499930132,94.91780821917808,89,93,4,2024-12-28,2025-03-23
Lace It (with Eminem & benny blanco),Juice WRLD & Eminem & benny blanco,5,38.4,32,43,4.669047011971501,78.8,72,82,10,2024-12-20,2024-12-31
Last Christmas - Single Version,Wham!,63,19.666666666666668,4,50,16.65203658957802,79.76190476190476,72,75,3,2024-11-12,2025-11-27
Last Kiss (Taylor's Version),Taylor Swift,5,28.4,18,49,11.991663771137015,67.2,0,85,85,2024-07-09,2024-07-13
Last Night,Morgan Wallen,491,22.613034623217924,1,50,14.569360958238752,85.67413441955193,89,81,-8,2024-05-18,2025-10-22
Last Time I Saw You,Nicki Minaj,3,42.666666666666664,34,49,7.76745346515403,76.0,73,79,6,2024-09-03,2024-09-06
Lavender Haze,Taylor Swift,6,41.0,23,49,10.119288512538814,88.16666666666667,89,88,-1,2024-05-18,2024-06-01
Let It Snow! Let It Snow! Let It Snow!,Dean Martin,42,15.523809523809524,6,48,13.268775184230954,90.4047619047619,83,83,0,2024-11-20,2025-11-26
Let It Snow! Let It Snow! Let It Snow! (with The B. Swanson Quartet),Frank Sinatra,23,35.391304347826086,23,50,7.83778221434646,88.34782608695652,80,91,11,2024-11-25,2024-12-27
Let Me Calm Down (feat. J. Cole),Nicki Minaj,1,42.0,42,42,,70.0,70,70,0,2024-12-10,2024-12-10
Lie To Girls,Sabrina Carpenter,9,27.77777777777778,19,40,6.437735971942655,74.66666666666667,48,82,34,2025-08-24,2025-09-01
Lies Lies Lies,Morgan Wallen,106,27.88679245283019,8,48,12.868803736698174,85.26415094339623,69,83,14,2025-07-07,2025-10-23
Light Year (Practice),Lil Uzi Vert,2,29.0,8,50,29.698484809834994,69.0,68,70,2,2025-11-03,2025-11-04
Like Crazy,Jimin,2,48.0,48,48,0.0,84.0,84,84,0,2025-06-10,2025-06-11
Like Him (feat. Lola Young),"Tyler, The Creator",29,13.758620689655173,5,22,5.200653615609931,84.17241379310344,73,87,14,2025-10-30,2025-11-27
Like That,Future & Metro Boomin,169,19.37869822485207,1,50,14.701749837869453,90.9585798816568,0,87,87,2025-03-24,2025-09-20
Lil Boo Thang,Paul Russell,1,36.0,36,36,,87.0,87,87,0,2025-01-03,2025-01-03
Lithonia,Childish Gambino,7,42.0,28,50,7.302967433402214,69.28571428571429,63,75,12,2025-07-04,2025-07-28
Little Saint Nick - 1991 Remix,The Beach Boys,22,31.5,18,49,10.675963210698622,82.5909090909091,74,85,11,2024-11-25,2024-12-27
Lonely Road (with Jelly Roll),mgk & Jelly Roll,2,49.0,49,49,0.0,52.5,39,66,27,2025-07-27,2025-07-28
Long Live (Taylor's Version),Taylor Swift,5,25.0,20,37,6.819090848492928,67.2,0,85,85,2024-07-09,2024-07-13
Lose Control,Teddy Swims,328,23.536585365853657,5,50,8.633828810291073,90.90853658536585,83,89,6,2024-12-28,2025-11-27
Losers (Feat. Jelly Roll),Post Malone,6,32.0,20,48,10.039920318408907,65.83333333333333,39,74,35,2025-08-17,2025-08-22
Love Somebody,Morgan Wallen,39,21.05128205128205,1,50,12.571791142220617,83.53846153846153,71,86,15,2025-10-20,2025-11-27
Love in This Club (feat. Young Jeezy),USHER,1,42.0,42,42,,78.0,78,78,0,2025-02-14,2025-02-14
Lover,Taylor Swift,2,40.0,30,50,14.142135623730951,92.5,92,93,1,2024-10-22,2025-02-16
Lovers Rock,TV Girl,66,42.984848484848484,35,50,4.394025399045756,90.0,88,87,-1,2024-10-04,2025-09-25
Lovin On Me,Jack Harlow,156,10.75,1,47,12.522302684256159,94.94871794871794,0,93,93,2024-11-11,2025-04-20
Lucifer,Eminem,4,34.5,17,41,11.676186592091328,76.5,73,79,6,2025-07-14,2025-07-17
Lucky Enough (Poem),Zach Bryan,1,31.0,31,31,,64.0,64,64,0,2025-07-06,2025-07-06
Lyft Em Up,Lil Uzi Vert,1,49.0,49,49,,63.0,63,63,0,2025-11-03,2025-11-03
L’AMOUR DE MA VIE,Billie Eilish,26,30.26923076923077,12,50,12.27210721044334,86.3076923076923,58,85,27,2025-05-19,2025-06-13
M-E-X-I-C-O (Feat. Billy Strings),Post Malone,1,49.0,49,49,,34.0,34,34,0,2025-08-17,2025-08-17
MATHEMATICAL DISRESPECT,Lil Mabu,14,27.928571428571427,10,50,15.112217602956916,86.5,84,88,4,2024-05-18,2024-06-03
MELTDOWN,Travis Scott,3,1.0,1,1,0.0,57.0,0,87,87,2024-07-29,2024-07-31
MELTDOWN (feat. Drake),Travis Scott,86,22.0,1,45,14.110488381092312,92.5813953488372,89,91,2,2024-08-01,2024-10-28
MERCEDES CAROTA,Bad Bunny,2,17.0,17,17,0.0,39.5,0,79,79,2024-10-14,2024-10-15
MI EX TENÍA RAZÓN,KAROL G,15,33.13333333333333,13,50,10.070229580775395,76.46666666666667,62,84,22,2024-08-13,2024-08-27
MILLION DOLLAR BABY,Tommy Richman,206,14.946601941747574,1,47,12.322577458719524,90.0873786407767,67,88,21,2025-04-28,2025-11-23
MILLION DOLLAR BABY (VHS),Tommy Richman,14,39.857142857142854,30,50,5.627639795716288,78.42857142857143,71,83,12,2025-04-29,2025-05-12
MODERN JAM,Travis Scott,3,9.666666666666666,5,15,5.033222956847167,56.0,0,85,85,2024-07-29,2024-07-31
MODERN JAM (feat. Teezo Touchdown),Travis Scott,6,20.666666666666668,15,36,7.633260552782582,88.16666666666667,87,89,2,2024-08-01,2024-08-06
MOJABI GHOST,Tainy,8,29.75,23,50,8.924284685220275,85.75,78,92,14,2024-07-02,2024-07-15
MONACO,Bad Bunny,66,22.333333333333332,1,50,15.9675953907939,94.13636363636364,0,94,94,2024-10-14,2025-01-07
MR. OCTOBER,Bad Bunny,7,25.428571428571427,6,48,16.102351203650798,72.42857142857143,0,88,88,2024-10-14,2024-10-20
MY EYES,Travis Scott,27,26.14814814814815,6,46,12.58418942013443,86.51851851851852,0,90,90,2024-07-29,2025-03-09
MY HOUSE,Beyoncé,2,43.5,40,47,4.949747468305833,41.0,0,82,82,2024-12-02,2024-12-09
MY ROSE,Beyoncé,3,30.0,20,42,11.135528725660043,50.666666666666664,47,54,7,2025-03-31,2025-04-02
Ma Meilleure Ennemie (from the series Arcane League of Legends),Stromae & Pomme & Arcane,1,36.0,36,36,,77.0,77,77,0,2025-11-27,2025-11-27
Magic Don Juan (Princess Diana),Future & Metro Boomin,4,30.25,15,42,11.206396982676159,58.25,0,79,79,2025-03-24,2025-03-28
Magnetic,ILLIT,12,43.666666666666664,35,50,4.7161874689651855,90.33333333333333,87,93,6,2025-04-04,2025-04-20
"Mama, I’m Sorry",Lil Uzi Vert,2,29.5,18,41,16.263455967290593,73.5,72,75,3,2024-07-02,2024-07-03
Mamaw's House,Thomas Rhett,2,13.0,13,13,0.0,12.5,0,25,25,2024-09-30,2024-10-01
Mamushi (feat. Yuki Chiba),Megan Thee Stallion,36,38.72222222222222,25,50,7.595529177882439,84.47222222222223,75,88,13,2025-07-05,2025-08-12
Margaritaville,Jimmy Buffett,3,13.666666666666666,6,28,12.423096769056148,72.66666666666667,70,75,5,2024-09-03,2024-09-05
Mean (Taylor's Version),Taylor Swift,6,23.666666666666668,10,46,13.246383154154445,71.5,0,87,87,2024-07-09,2024-07-14
Mechanical Bull,Zach Bryan,2,29.0,15,43,19.79898987322333,67.5,66,69,3,2025-07-06,2025-07-07
Mele Kalikimaka (Merry Christmas),Bing Crosby,18,37.55555555555556,23,48,8.603844709828838,83.66666666666667,76,86,10,2024-11-25,2024-12-27
Members Only (feat. PARTYNEXTDOOR),Drake,7,27.714285714285715,18,43,8.42049653552342,65.57142857142857,0,80,80,2024-10-07,2024-10-13
Memphis; The Blues (feat. John Moreland),Zach Bryan,1,46.0,46,46,,63.0,63,63,0,2025-07-06,2025-07-06
Meteor Man,Lil Uzi Vert,1,20.0,20,20,,66.0,66,66,0,2025-11-03,2025-11-03
Mine (Taylor's Version),Taylor Swift,8,14.125,1,47,14.826978306933807,77.75,0,90,90,2024-07-09,2024-07-16
Missin’ You Like This (Feat. Luke Combs),Post Malone,3,40.333333333333336,33,44,6.350852961085883,57.666666666666664,38,69,31,2025-08-17,2025-08-19
Mistletoe,Justin Bieber,29,40.0,29,50,7.111359122659224,89.86206896551724,83,92,9,2024-11-25,2024-12-27
Mistletoe And Holly - Remastered 1999,Frank Sinatra,2,50.0,50,50,0.0,81.0,81,81,0,2024-12-26,2024-12-27
Mmhmm,BigXthaPlug,58,42.206896551724135,31,50,5.336924078595239,80.32758620689656,79,79,0,2025-03-18,2025-11-08
Money On The Dresser,Young Thug,1,23.0,23,23,,70.0,70,70,0,2024-06-25,2024-06-25
Money Trees,Kendrick Lamar,41,45.073170731707314,35,50,4.479900913538373,84.70731707317073,84,83,-1,2024-05-18,2024-12-01
Monster Mash,"Bobby ""Boris"" Pickett & The Crypt-Kickers",8,26.25,2,44,18.506755523321747,77.75,77,80,3,2024-10-29,2025-11-03
Moonlight,Kali Uchis,105,42.266666666666666,30,50,5.319171903932952,86.78095238095239,86,85,-1,2024-05-18,2024-10-06
Mourning,Post Malone,11,29.181818181818183,9,47,11.347406591976705,73.9090909090909,73,75,2,2024-05-21,2024-08-01
Mr Chow,Lil Uzi Vert,1,39.0,39,39,,64.0,64,64,0,2025-11-03,2025-11-03
Mr. Brightside,The Killers,3,33.0,21,39,10.392304845413264,86.66666666666667,86,87,1,2025-01-01,2025-01-03
Murder On The Dancefloor,Sophie Ellis-Bextor,31,35.193548387096776,20,47,6.794210058761847,87.61290322580645,77,94,17,2025-01-07,2025-02-06
My Boo,USHER,3,33.0,20,42,11.532562594670797,84.33333333333333,84,85,1,2025-02-14,2025-02-16
My Boy Only Breaks His Favorite Toys,Taylor Swift,29,18.93103448275862,7,48,10.053183697866771,84.51724137931035,81,84,3,2025-04-21,2025-05-19
My Love Mine All Mine,Mitski,223,16.573991031390136,2,50,14.125647421658249,95.02690582959642,72,88,16,2024-09-20,2025-11-20
NADIE SABE,Bad Bunny,5,21.6,3,37,17.372391890583174,66.4,0,83,83,2024-10-14,2024-10-18
NEL,Fuerza Regida,10,42.3,31,49,5.945119380167602,87.2,87,88,1,2025-10-02,2025-10-26
NEW DROP,Don Toliver,4,48.0,46,49,1.4142135623730951,84.5,84,85,1,2025-10-25,2025-11-09
NIGHTS LIKE THIS,The Kid LAROI,147,31.591836734693878,20,49,6.092612978408257,87.60544217687075,79,88,9,2025-06-28,2025-11-27
NO ME QUIERO CASAR,Bad Bunny,2,25.0,25,25,0.0,39.0,0,78,78,2024-10-14,2024-10-15
Nakamura,Lil Uzi Vert,2,25.5,16,35,13.435028842544403,73.5,72,75,3,2024-07-02,2024-07-03
Needle (feat. Drake),Nicki Minaj,7,29.714285714285715,10,40,9.911513266807205,79.85714285714286,73,84,11,2024-12-10,2024-12-16
Neva Play (feat. RM of BTS),Megan Thee Stallion & RM,6,44.166666666666664,38,48,3.4880749227427246,80.0,74,84,10,2025-09-08,2025-09-14
Never Grow Up (Taylor's Version),Taylor Swift,4,26.75,17,37,8.421203397773187,62.25,0,84,84,2024-07-09,2024-07-12
Never Lose Me,Flo Milli,75,17.906666666666666,5,49,13.14490275614348,87.2,82,75,-7,2025-01-08,2025-04-06
Never Love You Again (Feat. Sierra Ferrell),Post Malone,3,46.333333333333336,39,50,6.350852961085883,56.333333333333336,36,68,32,2025-08-17,2025-08-19
New Jeans,NewJeans,3,34.666666666666664,31,42,6.350852961085884,88.33333333333333,88,89,1,2024-07-23,2024-07-25
New Romantics,Taylor Swift,1,31.0,31,31,,76.0,76,76,0,2024-08-12,2024-08-12
New Romantics (Taylor's Version),Taylor Swift,9,27.444444444444443,12,44,11.641639823400213,75.11111111111111,0,86,86,2024-10-29,2024-11-06
New Year’s Day,Taylor Swift,1,39.0,39,39,,77.0,77,77,0,2025-01-03,2025-01-03
Night Changes,One Direction,10,31.1,16,48,9.723396754449777,88.0,86,89,3,2025-10-19,2025-10-28
Nine Ball,Zach Bryan,3,43.333333333333336,36,47,6.350852961085883,46.333333333333336,0,71,71,2024-09-24,2024-09-26
No Complaints,Noah Kahan,1,24.0,24,24,,65.0,65,65,0,2024-06-11,2024-06-11
No Face,Drake,3,40.0,37,46,5.196152422706632,65.66666666666667,57,72,15,2025-09-02,2025-09-04
No One Noticed,The Marías,52,36.75,17,50,9.622023349240704,80.90384615384616,77,84,7,2025-10-02,2025-11-27
No One Noticed (Extended English),The Marías,2,37.5,30,45,10.606601717798213,59.0,57,61,4,2025-11-17,2025-11-18
No Pole,Don Toliver,7,47.42857142857143,44,50,2.2990681342044397,82.14285714285714,81,83,2,2025-11-13,2025-11-23
No Role Modelz,J. Cole,271,34.49815498154982,19,50,7.483747594940694,90.5350553505535,90,88,-2,2024-05-18,2025-04-12
Noid,"Tyler, The Creator",26,19.923076923076923,3,50,14.59841930326178,81.92307692307692,69,84,15,2025-10-23,2025-11-20
Nonsense,Sabrina Carpenter,3,48.0,45,50,2.6457513110645907,84.33333333333333,83,86,3,2025-06-19,2025-06-27
Northern Attitude (with Hozier),Noah Kahan & Hozier,8,21.75,2,44,12.186057606953941,71.625,42,79,37,2024-11-11,2024-11-18
Nosedive (Feat. Lainey Wilson),Post Malone,5,34.2,25,42,7.529940238806679,63.2,38,72,34,2025-08-17,2025-08-21
Not Allowed,TV Girl,25,43.72,38,50,3.8678159211627423,88.96,86,90,4,2024-12-28,2025-01-27
Not An Option,Lil Uzi Vert,1,37.0,37,37,,64.0,64,64,0,2025-11-03,2025-11-03
Not Like Us,Kendrick Lamar,201,11.99502487562189,1,47,12.712787858073385,93.48258706467662,79,88,9,2025-05-07,2025-11-27
Novacandy,Post Malone,1,36.0,36,36,,46.0,46,46,0,2024-07-29,2024-07-29
Now And Then,The Beatles,4,34.5,24,49,12.556538801224908,79.5,73,83,10,2024-11-04,2024-11-07
Now That We Don't Talk (Taylor's Version) (From The Vault),Taylor Swift,34,14.676470588235293,2,46,15.193141571187281,88.29411764705883,0,92,92,2024-10-29,2024-12-01
OCEAN,Future,1,36.0,36,36,,67.0,67,67,0,2025-09-22,2025-09-22
OH LOUISIANA,Beyoncé,2,38.5,32,45,9.192388155425117,46.5,45,48,3,2025-03-31,2025-04-01
ONE CALL,Rich Amiri,80,24.9125,13,50,9.71257015353515,85.675,79,86,7,2025-01-31,2025-05-11
Oak Island,Zach Bryan,5,33.4,18,44,10.945318634009702,70.6,65,74,9,2025-07-06,2025-07-10
Of Course (Bonus Track),Lil Uzi Vert,1,45.0,45,45,,68.0,68,68,0,2024-07-02,2024-07-02
Oh U Went (feat. Drake),Young Thug,8,17.375,3,49,14.201986782539567,80.375,74,85,11,2024-06-25,2024-07-08
Oklahoman Son,Zach Bryan,6,35.333333333333336,22,47,8.75595035770913,68.66666666666667,39,78,39,2024-08-26,2024-08-31
On The Radar Freestyle,Drake & Central Cee,1,46.0,46,46,,72.0,72,72,0,2024-07-29,2024-07-29
"One Of The Girls (with JENNIE, Lily Rose Depp)",The Weeknd,40,35.575,20,50,7.132042178859126,81.075,32,86,54,2025-02-11,2025-03-29
"One Of The Girls (with JENNIE, Lily Rose Depp)",The Weeknd & JENNIE & Lily-Rose Depp,53,30.41509433962264,15,50,9.884786216637218,96.01886792452831,92,94,2,2024-12-28,2025-04-20
One Of Your Girls,Troye Sivan,10,32.4,24,45,6.915361322607968,82.3,77,86,9,2024-10-19,2024-10-28
One Thing At A Time,Morgan Wallen,10,45.4,38,49,3.747591819348052,82.3,83,82,-1,2024-05-18,2024-05-31
Or What,NLE Choppa,13,40.76923076923077,35,50,4.342692063567753,65.76923076923077,61,69,8,2025-10-08,2025-10-20
Ours (Taylor’s Version),Taylor Swift,4,31.0,22,42,8.602325267042628,61.5,0,83,83,2024-07-09,2024-07-12
Out Of My Hands,Future & Metro Boomin,2,49.0,49,49,0.0,71.5,70,73,3,2025-04-14,2025-04-15
Out Of The Woods,Taylor Swift,1,41.0,41,41,,72.0,72,72,0,2024-08-12,2024-08-12
Out Of The Woods (Taylor's Version),Taylor Swift,11,22.363636363636363,7,48,13.276089237970098,78.63636363636364,0,88,88,2024-10-29,2024-11-08
Overcompensate,Twenty One Pilots,1,48.0,48,48,,76.0,76,76,0,2025-03-03,2025-03-03
Overdrive,Post Malone,9,28.88888888888889,16,40,7.849274559544411,75.66666666666667,76,68,-8,2024-07-16,2024-07-30
Overtime,Zach Bryan,12,26.5,2,47,16.09347693943108,77.25,44,83,39,2024-08-26,2024-09-09
PAID,Kanye West & Ty Dolla $ign,4,21.5,9,42,14.38749456993816,79.25,71,84,13,2025-02-12,2025-02-15
PAID,¥$ & Kanye West & Ty Dolla $ign,2,39.0,31,47,11.313708498984761,15.0,0,30,30,2025-02-16,2025-02-17
PAPERWORK,Kanye West & Ty Dolla $ign,3,23.333333333333332,16,30,7.023769168568493,80.66666666666667,78,83,5,2025-02-13,2025-02-15
PAPERWORK,¥$ & Kanye West & Ty Dolla $ign,1,41.0,41,41,,0.0,0,0,0,2025-02-16,2025-02-16
PARASAIL,Travis Scott,3,25.0,17,32,7.54983443527075,53.666666666666664,0,82,82,2024-07-29,2024-07-31
PARASAIL (feat. Yung Lean & Dave Chappelle),Travis Scott,3,39.666666666666664,32,49,8.621678104251709,83.66666666666667,83,84,1,2024-08-01,2024-08-03
PERRO NEGRO,Bad Bunny,36,25.583333333333332,11,49,12.586557455135564,91.16666666666667,0,95,95,2024-10-14,2025-01-03
PLUTOSKI,Future,1,23.0,23,23,,68.0,68,68,0,2025-09-22,2025-09-22
PRC,Peso Pluma,1,45.0,45,45,,56.0,56,56,0,2024-07-03,2024-07-03
PRC,Peso Pluma & Natanael Cano,44,27.931818181818183,12,45,9.107619420082127,95.27272727272727,96,95,-1,2024-05-18,2024-07-01
PRESS THE BUTTON,Future,1,50.0,50,50,,66.0,66,66,0,2025-09-22,2025-09-22
PROBLEMATIC,Kanye West & Ty Dolla $ign,3,32.666666666666664,27,36,4.932882862316248,78.66666666666667,76,81,5,2025-02-13,2025-02-15
PROMOTION,¥$ & Kanye West & Ty Dolla $ign,1,48.0,48,48,,0.0,0,0,0,2025-08-04,2025-08-04
PROTECTOR,Beyoncé,4,29.75,14,44,13.720422734012244,51.0,48,53,5,2025-03-31,2025-04-03
Paars In The Mars,Lil Uzi Vert,1,36.0,36,36,,64.0,64,64,0,2025-11-03,2025-11-03
Paint The Town Red,Doja Cat,197,16.238578680203045,1,49,14.631142840758752,87.96954314720813,75,86,11,2024-08-06,2025-03-05
Parade on Cleveland (feat. Drake),Young Thug,1,4.0,4,4,,73.0,73,73,0,2024-06-25,2024-06-25
Parking Lot,Mustard & Travis Scott,7,38.142857142857146,29,48,6.890296835129129,70.71428571428571,43,80,37,2025-06-22,2025-06-30
Party In The U.S.A.,Miley Cyrus,7,14.0,4,29,9.763879010584539,80.71428571428571,81,80,-1,2024-07-05,2025-07-08
Patience (feat. Don Toliver),Lil Uzi Vert,2,36.5,23,50,19.091883092036785,26.5,19,34,15,2024-07-02,2024-07-03
Paul Revere,Noah Kahan,1,36.0,36,36,,65.0,65,65,0,2024-06-11,2024-06-11
Pelle Coat,Lil Durk,1,41.0,41,41,,71.0,71,71,0,2024-05-28,2024-05-28
"Peso Pluma: Bzrp Music Sessions, Vol. 55",Bizarrap & Peso Pluma,46,23.456521739130434,3,48,15.676885350716734,95.43478260869566,82,96,14,2024-06-03,2024-07-24
Peter,Taylor Swift,7,39.42857142857143,33,47,6.373307431706683,81.71428571428571,76,85,9,2025-04-21,2025-04-27
Pi (feat. Daylyt & Ab-Soul),J. Cole,1,25.0,25,25,,69.0,69,69,0,2025-04-07,2025-04-07
Pink + White,Frank Ocean,216,39.592592592592595,23,50,6.853329914838429,89.81018518518519,89,87,-2,2024-08-24,2025-11-23
Pink Pony Club,Chappell Roan,148,21.66216216216216,12,47,8.74005094558079,86.53378378378379,77,86,9,2025-06-24,2025-11-23
Pink Skies,Zach Bryan,177,22.062146892655367,7,50,10.871228809072557,86.79661016949153,74,85,11,2025-05-26,2025-11-22
Please Come Home for Christmas - 2013 Remaster,Eagles,12,38.416666666666664,24,49,9.976867183032896,87.33333333333333,86,88,2,2024-12-12,2024-12-27
Please Please Please,Sabrina Carpenter,170,9.905882352941177,1,43,9.685129856698198,92.17647058823529,73,87,14,2025-06-09,2025-11-27
Pluto to Mars,Lil Uzi Vert,3,26.333333333333332,19,35,8.082903768654761,74.66666666666667,72,77,5,2024-07-02,2024-07-04
Polar Opposites,Drake,5,36.8,26,43,8.555699854482976,57.6,0,76,76,2024-10-07,2024-10-11
Popular,Wicked Movie Cast & Cynthia Erivo & Ariana Grande,1,44.0,44,44,,75.0,75,75,0,2025-11-27,2025-11-27
Popular (with Playboi Carti & Madonna),The Weeknd,17,44.411764705882355,28,50,6.042131489894645,74.94117647058823,20,85,65,2025-02-11,2025-03-05
Popular (with Playboi Carti & Madonna),The Weeknd & Playboi Carti & Madonna,6,18.333333333333332,3,26,8.547904226573124,81.16666666666667,75,85,10,2024-06-04,2024-06-09
Popular (with Playboi Carti & Madonna) - From The Idol Vol. 1 (Music from the HBO Original Series),The Weeknd & Madonna,18,21.666666666666668,15,32,4.715431487960253,95.83333333333333,95,96,1,2025-01-24,2025-02-10
Popular (with Playboi Carti & Madonna) - Music from the HBO Original Series,The Weeknd & Madonna,27,28.962962962962962,21,46,7.089979285428571,93.07407407407408,89,95,6,2024-12-28,2025-01-23
Popular (with Playboi Carti & Madonna) - The Idol Vol. 1 (Music from the HBO Original Series),The Weeknd & Playboi Carti & Madonna,3,29.666666666666668,23,37,7.023769168568492,86.66666666666667,86,87,1,2024-06-10,2024-06-12
Por las Noches,Peso Pluma,41,35.146341463414636,20,50,10.245879600136231,92.82926829268293,93,92,-1,2024-05-18,2024-07-18
Pour Me A Drink (Feat. Blake Shelton),Post Malone,7,22.857142857142858,15,35,7.7120808136449455,66.0,37,74,37,2025-08-17,2025-08-23
Pour Me A Drink (Feat. Blake Shelton),Post Malone & Blake Shelton,28,25.428571428571427,9,45,12.996947138487366,80.78571428571429,42,86,44,2025-06-22,2025-07-20
Praise Jah In The Moonlight,YG Marley,41,34.73170731707317,21,50,9.995059755308874,92.85365853658537,87,92,5,2025-02-05,2025-03-26
"Pricey (feat. Ari Lennox, Young Dro & Gucci Mane)",J. Cole,3,25.666666666666668,7,42,17.616280348965084,73.66666666666667,72,77,5,2025-04-07,2025-04-09
Princess Diana (with Nicki Minaj),Ice Spice & Nicki Minaj,2,49.0,49,49,0.0,87.0,87,87,0,2024-05-19,2024-05-20
Psycho Killer - 2005 Remaster,Talking Heads,1,46.0,46,46,,78.0,78,78,0,2025-11-02,2025-11-02
Purple Gas,Zach Bryan,2,41.0,34,48,9.899494936611665,65.0,63,67,4,2025-07-06,2025-07-07
Push Ups,Drake,28,21.214285714285715,11,49,11.67890514546742,88.35714285714286,74,91,17,2025-04-21,2025-05-18
QLONA,KAROL G,85,28.4,14,50,10.666145820617055,89.44705882352942,57,92,35,2024-08-13,2025-01-02
Que Onda,Calle 24 & Chino Pacas & Fuerza Regida,56,44.589285714285715,36,50,2.921872287136735,93.92857142857143,93,94,1,2024-10-22,2025-02-02
Qué Pasaría...,Rauw Alejandro,9,35.666666666666664,14,48,10.700467279516348,79.77777777777777,72,84,12,2025-11-17,2025-11-25
READY TO COOK UP,Future,1,26.0,26,26,,68.0,68,68,0,2025-09-22,2025-09-22
RELOJ,Peso Pluma,2,47.0,47,47,0.0,31.5,0,63,63,2025-06-22,2025-06-23
RIIVERDANCE,Beyoncé,4,36.5,28,46,8.06225774829855,74.25,70,77,7,2025-03-31,2025-04-03
ROSA PASTEL,Peso Pluma,1,48.0,48,48,,68.0,68,68,0,2024-06-25,2024-06-25
Rah Tah Tah,"Tyler, The Creator",25,18.68,2,41,12.690941651429968,85.76,78,87,9,2025-10-30,2025-11-23
Ready ‘24 (feat. Cam’ron),J. Cole,2,22.5,11,34,16.263455967290593,71.0,71,71,0,2025-04-07,2025-04-08
Red Button,Drake,2,20.0,6,34,19.79898987322333,33.5,0,67,67,2024-11-18,2024-11-19
Red Leather,Future & Metro Boomin,2,40.0,40,40,0.0,71.0,69,73,4,2025-04-14,2025-04-15
Red Wine Supernova,Chappell Roan,149,27.543624161073826,14,49,9.538317618580638,86.25503355704699,80,85,5,2025-04-16,2025-10-29
Rehab,Lil Uzi Vert,1,48.0,48,48,,68.0,68,68,0,2024-07-02,2024-07-02
Religiously,Bailey Zimmerman,67,33.88059701492537,21,50,7.170060622835936,85.26865671641791,84,85,1,2024-07-19,2024-10-01
Renaissance,Eminem,7,21.714285714285715,2,47,14.727686916307052,80.57142857142857,75,84,9,2025-07-14,2025-07-20
Rich Baby Daddy (feat. Sexyy Red & SZA),Drake,140,26.307142857142857,10,50,9.68934475854527,88.75,0,89,89,2024-10-07,2025-03-30
Rich Flex,Drake & 21 Savage,18,44.05555555555556,38,49,3.472111109333277,90.0,90,90,0,2024-05-18,2024-06-12
Rich Girl,Daryl Hall & John Oates,2,35.0,30,40,7.0710678118654755,83.0,83,83,0,2025-07-06,2025-07-07
Rich Men North of Richmond,Oliver Anthony Music,54,15.722222222222221,1,38,12.044597421417834,86.64814814814815,64,88,24,2024-08-14,2024-10-06
Road Rage,Eminem,1,23.0,23,23,,71.0,71,71,0,2025-07-14,2025-07-14
Robin,Taylor Swift,4,42.75,37,49,6.652067347825035,78.5,75,81,6,2025-04-21,2025-04-24
Rockin' Around The Christmas Tree,Brenda Lee,61,12.80327868852459,1,50,15.459430425181852,89.65573770491804,80,86,6,2024-11-13,2025-11-27
Romantic Homicide,d4vd,22,47.72727272727273,43,50,2.051290376273482,90.31818181818181,91,90,-1,2024-05-18,2025-03-08
Rompe La Dompe,Peso Pluma & Junior H & Oscar Maydon,1,32.0,32,32,,0.0,0,0,0,2024-12-30,2024-12-30
Rudolph The Red-Nosed Reindeer,Burl Ives,8,38.875,29,49,9.218575966880291,85.75,85,86,1,2024-12-17,2024-12-27
Run Rudolph Run,Chuck Berry,20,32.65,21,49,8.886861976506312,86.2,78,89,11,2024-11-25,2024-12-27
Runnin Outta Time,Future & Metro Boomin,3,32.333333333333336,17,42,13.428824718989123,51.333333333333336,0,78,78,2025-03-24,2025-03-27
Rush,Troye Sivan,10,42.8,38,46,3.2249030993194205,85.1,78,89,11,2024-07-16,2024-07-28
S91,KAROL G,1,23.0,23,23,,50.0,50,50,0,2024-08-13,2024-08-13
SABOR FRESA,Fuerza Regida,47,32.40425531914894,10,50,10.791823745756874,91.31914893617021,76,93,17,2024-06-25,2024-08-24
SAY MY GRACE (feat. Travis Scott),Offset,6,31.166666666666668,25,49,8.998147957589198,64.5,0,80,80,2024-10-14,2024-10-19
SEDA,Bad Bunny,5,26.4,8,40,16.87601848778319,65.8,0,86,86,2024-10-14,2024-10-18
SIRENS,Travis Scott,9,20.88888888888889,9,46,10.469532516359608,77.0,0,89,89,2024-07-29,2024-08-06
SKI,Future,2,29.0,14,44,21.213203435596427,70.5,69,72,3,2025-09-22,2025-09-23
SKINNY,Billie Eilish,14,24.071428571428573,9,41,11.391388688993816,85.92857142857143,61,90,29,2025-05-19,2025-06-01
SKITZO,Travis Scott,3,17.333333333333332,14,21,3.5118845842842465,54.333333333333336,0,83,83,2024-07-29,2024-07-31
SKITZO (feat. Young Thug),Travis Scott,5,24.2,20,29,3.8340579025361627,85.8,84,87,3,2024-08-01,2024-08-05
SLIDE,¥$ & Kanye West & Ty Dolla $ign,3,40.0,28,46,10.392304845413264,47.0,0,72,72,2025-08-04,2025-08-06
SLUT ME OUT,NLE Choppa,33,36.54545454545455,17,49,9.21646254363255,76.03030303030303,75,78,3,2024-05-18,2024-06-22
SMOKE HOUR ★ WILLIE NELSON,Beyoncé,3,28.333333333333332,17,43,13.316656236958787,50.666666666666664,47,53,6,2025-03-31,2025-04-02
SPAGHETTII,Beyoncé,6,29.833333333333332,15,47,12.303116136437415,78.5,73,81,8,2025-03-31,2025-04-05
STARS,Kanye West & Ty Dolla $ign,4,10.75,4,17,5.560275772537426,81.0,73,86,13,2025-02-12,2025-02-15
STARS,¥$ & Kanye West & Ty Dolla $ign,2,23.0,21,25,2.8284271247461903,16.0,0,32,32,2025-02-16,2025-02-17
SWEET ★ HONEY ★ BUCKIIN',Beyoncé,2,41.5,37,46,6.363961030678928,71.0,69,73,4,2025-03-31,2025-04-01
Sailor Song,Gigi Perez,94,14.77659574468085,3,50,11.126983820047311,85.72340425531915,83,94,11,2025-08-22,2025-11-27
Santa Baby (with Henri René & His Orchestra),Eartha Kitt,23,30.565217391304348,18,50,11.288876612748746,77.30434782608695,70,79,9,2024-11-25,2024-12-27
"Santa Claus Is Comin' to Town - Live at C.W. Post College, Greenvale, NY - December 1975",Bruce Springsteen,5,35.2,31,48,7.1902712048990205,86.0,86,86,0,2024-12-23,2024-12-27
Santa Claus Is Coming To Town,The Jackson 5,5,38.2,33,50,7.395944834840238,87.0,87,87,0,2024-12-19,2024-12-27
Santa Tell Me,Ariana Grande,37,18.89189189189189,7,47,12.317069871126419,91.75675675675676,86,85,-1,2024-11-23,2025-11-26
Santa Tell Me - Naughty Version,Ariana Grande,2,9.5,9,10,0.7071067811865476,59.0,56,62,6,2024-12-13,2024-12-14
"Santa, Can’t You Hear Me",Kelly Clarkson,4,45.25,42,47,2.3629078131263053,87.0,87,87,0,2024-12-24,2024-12-27
Sarah's Place (feat. Noah Kahan),Zach Bryan & Noah Kahan,13,24.076923076923077,4,41,14.86865572528072,66.07692307692308,0,75,75,2024-09-24,2024-10-06
Saturn,SZA,118,23.084745762711865,3,50,12.518414655632975,89.94915254237289,0,89,89,2025-02-25,2025-06-28
Saturn Returns Interlude,Ariana Grande,5,32.0,19,47,9.9498743710662,79.6,75,83,8,2025-03-10,2025-03-15
Say Don't Go (Taylor's Version) (From The Vault),Taylor Swift,23,18.304347826086957,4,49,14.858223259157613,85.34782608695652,0,90,90,2024-10-29,2024-11-21
Say Yes To Heaven,Lana Del Rey,15,39.6,10,50,10.795501708714474,86.66666666666667,77,91,14,2024-05-21,2024-06-08
Scared To Start,Michael Marcagi,127,38.976377952755904,13,50,10.540522386176036,89.14173228346456,90,88,-2,2025-03-03,2025-09-07
Screw The World - Interlude,Drake,2,24.5,21,28,4.949747468305833,34.0,0,68,68,2024-10-07,2024-10-08
Search & Rescue,Drake,84,31.0,11,50,12.55445967898759,90.16666666666667,91,87,-4,2024-05-18,2024-09-09
See You Again (feat. Kali Uchis),"Tyler, The Creator",443,29.340857787810382,4,50,11.786710293123722,91.08352144469526,94,90,-4,2024-05-18,2025-11-26
Seen it All,Future & Metro Boomin,1,39.0,39,39,,0.0,0,0,0,2025-03-24,2025-03-24
Self Love (Spider-Man: Across the Spider-Verse) (Metro Boomin & Coi Leray),Metro Boomin,25,27.44,17,50,10.801543099637819,86.64,77,90,13,2024-06-06,2024-06-30
Selfish,Justin Timberlake,2,44.0,44,44,0.0,73.0,73,73,0,2025-01-28,2025-01-29
September,"Earth, Wind & Fire & sped up + slowed",3,19.666666666666668,12,26,7.094598884597588,83.33333333333333,80,85,5,2024-09-23,2025-09-24
Seven (feat. Latto) (Explicit Ver.),Jung Kook,6,30.5,21,43,9.792854537876073,65.83333333333333,0,83,83,2024-11-04,2024-11-09
Seven (feat. Latto) (Explicit Ver.),Jung Kook & Latto,81,22.358024691358025,1,39,9.439688344928701,98.65432098765432,86,97,11,2024-07-16,2024-10-06
Seven (feat. Latto) (Explicit Ver.),Jung Kook & Latto & BTS,2,4.0,4,4,0.0,92.0,91,93,2,2024-07-17,2024-07-18
Shake It Off,Taylor Swift,1,34.0,34,34,,79.0,79,79,0,2024-08-12,2024-08-12
Shake It Off (Taylor's Version),Taylor Swift,6,31.833333333333332,15,47,13.257702163899545,69.83333333333333,0,86,86,2024-10-29,2024-11-03
Sharpest Tool,Sabrina Carpenter,23,26.52173913043478,8,49,13.84941602056462,82.69565217391305,51,87,36,2025-08-24,2025-09-15
She Calls Me Back (with Kacey Musgraves),Noah Kahan & Kacey Musgraves,1,46.0,46,46,,31.0,31,31,0,2024-10-07,2024-10-07
She Stank,Lil Uzi Vert,1,50.0,50,50,,63.0,63,63,0,2025-11-03,2025-11-03
Should've Been A Cowboy,Toby Keith,5,27.4,5,46,16.92040188648012,77.6,76,79,3,2025-02-08,2025-02-12
Shut up My Moms Calling,Hotel Ugly,45,46.355555555555554,41,50,2.939971826979696,89.24444444444444,89,86,-3,2024-09-18,2025-11-15
Si Antes Te Hubiera Conocido,KAROL G,51,46.568627450980394,36,50,3.312128632530956,95.31372549019608,92,96,4,2025-07-15,2025-09-21
Si No Quieres No,Luis R Conriquez & Neton Vega,1,50.0,50,50,,89.0,89,89,0,2025-06-03,2025-06-03
Sign Me Up,Post Malone,1,44.0,44,44,,44.0,44,44,0,2024-07-29,2024-07-29
Single Soon,Selena Gomez,10,35.6,21,48,8.630694577430537,75.8,0,88,88,2024-08-26,2024-09-06
Skin and Bones,David Kushner,1,37.0,37,37,,73.0,73,73,0,2025-01-21,2025-01-21
Sleigh Ride,The Ronettes,34,19.38235294117647,9,36,8.323077467999706,79.94117647058823,72,84,12,2024-11-24,2024-12-27
Slim Pickins,Sabrina Carpenter,16,24.9375,13,46,10.298664962022988,79.75,49,85,36,2025-08-24,2025-09-08
Slime You Out (feat. SZA),Drake,21,23.38095238095238,4,39,12.997985191852583,81.57142857142857,69,84,15,2024-10-08,2024-10-28
Slime You Out (feat. SZA),Drake & SZA,21,9.761904761904763,1,21,6.869532457924351,83.38095238095238,0,90,90,2024-09-17,2024-10-07
Slimed In,Future & Metro Boomin,5,26.0,13,43,11.090536506409418,63.4,0,81,81,2025-03-24,2025-03-29
Slow It Down,Benson Boone,197,37.36040609137056,19,50,7.2137238704532045,87.13197969543147,48,87,39,2025-03-24,2025-11-18
Smaller Acts,Zach Bryan,11,33.0,19,50,11.907980517283358,74.18181818181819,39,81,42,2024-08-26,2024-09-08
Smeraldo Garden Marching Band (feat. Loco),Jimin & Loco,14,40.714285714285715,24,49,7.965585317511165,88.64285714285714,78,93,15,2025-06-30,2025-07-17
Snooze,SZA,281,30.483985765124554,9,50,12.325956632816867,91.87188612099644,92,85,-7,2024-05-18,2025-06-21
Snooze (Acoustic) (feat. Justin Bieber),SZA & Justin Bieber,1,36.0,36,36,,0.0,0,0,0,2024-09-17,2024-09-17
Snow On The Beach (feat. More Lana Del Rey),Taylor Swift,3,20.0,4,37,16.522711641858304,79.33333333333333,77,81,4,2024-05-28,2024-05-30
Snowman,Sia,5,43.6,38,50,4.277849927241488,94.0,94,94,0,2024-12-23,2024-12-27
So High School,Taylor Swift,18,32.77777777777778,21,50,9.65618092546735,86.27777777777777,78,89,11,2025-04-21,2025-05-16
"So Long, London",Taylor Swift,35,19.4,4,50,14.783138248375689,84.97142857142858,81,85,4,2025-04-21,2025-05-25
Somebody Save Me,Eminem,10,37.7,24,49,7.5726114679444905,78.4,71,82,11,2025-07-14,2025-07-24
Somebody's Watching Me - Single Version,Rockwell,3,19.333333333333332,7,42,19.655363983740756,78.33333333333333,78,79,1,2024-11-01,2025-11-03
Something Real,Post Malone,4,39.25,29,46,8.301606270274847,68.5,47,78,31,2024-07-29,2024-08-01
Something in the Orange,Zach Bryan,535,26.304672897196262,9,49,9.352375403536978,88.36635514018691,88,85,-3,2024-05-18,2025-11-23
Sparks Fly (Taylor’s Version),Taylor Swift,7,14.714285714285714,3,36,11.338934190276817,75.14285714285714,0,89,89,2024-07-09,2024-07-15
Speak Now (Taylor's Version),Taylor Swift,7,22.714285714285715,8,48,15.228419547174353,74.71428571428571,0,89,89,2024-07-09,2024-07-15
Speed Drive (From Barbie The Album),Charli XCX,30,37.333333333333336,23,49,8.018656407074234,87.93333333333334,84,89,5,2024-07-25,2024-08-23
Spin Again,Lil Uzi Vert,2,25.5,13,38,17.67766952966369,74.5,73,76,3,2024-07-02,2024-07-03
Spin You Around (1/24),Morgan Wallen,10,34.5,23,50,9.991663191547909,76.4,67,81,14,2025-01-28,2025-02-06
"Spooky, Scary Skeletons - Undead Tombstone Remix",Andrew Gold,2,17.5,11,24,9.192388155425117,77.0,77,77,0,2024-11-01,2025-11-02
Spotless (feat. The Lumineers),Zach Bryan,28,25.821428571428573,6,47,15.444173230460954,81.25,41,84,43,2024-08-26,2024-09-22
St. Chroma (feat. Daniel Caesar),"Tyler, The Creator",29,7.551724137931035,1,30,8.740652994961252,88.44827586206897,79,89,10,2025-10-30,2025-11-27
Stand By Me (feat. Morgan Wallen),Lil Durk,31,19.516129032258064,3,50,11.729935969538042,84.87096774193549,73,87,14,2024-05-28,2024-07-01
Standing Next to You,Jung Kook,14,25.071428571428573,17,36,7.332375894874476,86.0,0,96,96,2024-11-04,2024-11-17
Stargazing,Myles Smith,76,37.43421052631579,23,50,7.584783936831761,90.75,87,93,6,2025-05-24,2025-08-16
Stealth Mode (feat. Bas),J. Cole,1,33.0,33,33,,68.0,68,68,0,2025-04-07,2025-04-07
Stick Season,Noah Kahan,413,18.322033898305083,1,50,11.355483843894337,91.07990314769975,82,87,5,2024-09-27,2025-11-27
"Sticky (feat. GloRilla, Sexyy Red & Lil Wayne)","Tyler, The Creator",29,4.551724137931035,2,14,3.1462699786135837,85.93103448275862,75,89,14,2025-10-30,2025-11-27
Stickz N Stonez,J. Cole,2,33.0,18,48,21.213203435596427,69.0,69,69,0,2025-04-07,2025-04-08
Stories About My Brother,Drake,2,29.5,12,47,24.748737341529164,33.5,0,67,67,2024-11-18,2024-11-19
Story of My Life,One Direction,6,37.833333333333336,24,50,11.14300976696452,84.66666666666667,82,87,5,2025-10-19,2025-10-26
Strangers,Kenya Grace,83,33.24096385542169,15,50,9.794959332633592,95.79518072289157,89,96,7,2024-09-18,2025-01-13
Style,Taylor Swift,38,34.39473684210526,8,50,10.854167150153476,82.89473684210526,84,83,-1,2024-07-16,2024-10-28
Style (Taylor's Version),Taylor Swift,18,26.38888888888889,5,50,15.782115301780454,84.0,0,90,90,2024-10-29,2024-11-15
Suburban Legends (Taylor's Version) (From The Vault),Taylor Swift,14,15.857142857142858,5,45,12.799381853205874,80.5,0,88,88,2024-10-29,2024-11-11
Suicide Doors,Lil Uzi Vert,3,7.0,3,11,4.0,79.33333333333333,77,81,4,2024-07-02,2024-07-04
Summertime's Close,Zach Bryan,12,27.333333333333332,4,46,14.754557590689384,76.75,43,83,40,2024-08-26,2024-09-09
Sun to Me,Zach Bryan,82,44.207317073170735,33,50,4.4186412214505975,83.9390243902439,84,83,-1,2024-09-05,2025-10-19
Sunflower - Spider-Man: Into the Spider-Verse,Post Malone,44,36.09090909090909,26,50,6.781706521251163,87.18181818181819,85,88,3,2024-06-05,2024-07-28
Super Freak,Rick James,1,35.0,35,35,,76.0,76,76,0,2025-11-02,2025-11-02
Super Shy,NewJeans,51,25.54901960784314,9,50,10.551424028045119,91.54901960784314,0,94,94,2024-07-09,2024-09-09
Superhero (Heroes & Villains) [with Future & Chris Brown],Metro Boomin,40,38.675,25,50,6.244536073178759,90.225,90,91,1,2024-05-18,2024-07-08
Superman (Taylor’s Version),Taylor Swift,3,32.333333333333336,23,45,11.372481406154654,53.666666666666664,0,81,81,2024-07-09,2024-07-11
Sure Thing,Miguel,16,43.625,35,50,4.5,90.875,91,90,-1,2024-05-18,2025-01-11
Surround Sound (feat. 21 Savage & Baby Tate),JID,109,25.495412844036696,9,49,11.968031377777347,92.1743119266055,87,90,3,2024-11-28,2025-03-23
Sweater Weather,The Neighbourhood,183,37.24590163934426,21,50,7.906713806698787,90.93442622950819,91,90,-1,2024-09-12,2025-11-27
Sweet Dreams,Koe Wetzel,4,43.5,42,46,1.9148542155126762,75.25,74,76,2,2025-05-24,2025-05-27
Sweet Home Alabama,Lynyrd Skynyrd,3,33.0,26,47,12.12435565298214,84.33333333333333,86,81,-5,2024-07-05,2025-07-06
Sympathy is a knife featuring ariana grande,Charli xcx,6,29.833333333333332,8,43,13.07542223664944,75.66666666666667,71,78,7,2025-10-13,2025-10-18
TALKING,Kanye West & Ty Dolla $ign,4,10.25,6,15,4.0311288741492755,78.25,69,84,15,2025-02-12,2025-02-15
TALKING,¥$ & Kanye West & Ty Dolla $ign,2,26.0,20,32,8.48528137423857,54.0,79,29,-50,2025-02-16,2025-02-17
TEFLON DON,Future,6,35.833333333333336,10,47,14.972196454317137,75.16666666666667,71,78,7,2025-09-22,2025-09-27
TELEFONO NUEVO,Bad Bunny,5,23.0,10,32,11.874342087037917,65.8,0,86,86,2024-10-14,2024-10-18
TELEKINESIS,Travis Scott,3,13.666666666666666,12,15,1.5275252316519465,54.333333333333336,0,83,83,2024-07-29,2024-07-31
TELEKINESIS (feat. SZA & Future),Travis Scott,67,28.611940298507463,10,47,11.82697894758779,90.56716417910448,85,90,5,2024-08-01,2024-10-06
TEXAS HOLD 'EM,Beyoncé,63,13.857142857142858,1,44,11.144009157038859,82.57142857142857,77,87,10,2025-02-14,2025-04-20
TGIF,GloRilla,2,36.5,36,37,0.7071067811865476,67.5,67,68,1,2025-10-28,2025-10-29
THANK GOD,Travis Scott,9,14.333333333333334,4,28,6.946221994724902,78.44444444444444,0,90,90,2024-07-29,2024-08-06
THE DINER,Billie Eilish,14,30.214285714285715,16,43,9.664992908020569,83.78571428571429,57,88,31,2025-05-19,2025-06-01
THE GREATEST,Billie Eilish,18,29.333333333333332,11,50,12.83836163269148,85.77777777777777,58,89,31,2025-05-19,2025-06-07
THUNDER Y LIGHTNING,Bad Bunny,2,30.0,30,30,0.0,39.0,0,78,78,2024-10-14,2024-10-15
TIL FURTHER NOTICE,Travis Scott,3,20.333333333333332,18,22,2.081665999466133,53.666666666666664,0,82,82,2024-07-29,2024-07-31
TIL FURTHER NOTICE (feat. James Blake & 21 Savage),Travis Scott,6,27.5,22,48,10.153817016275209,85.83333333333333,84,87,3,2024-08-01,2024-08-06
TOO FAST,Future,2,33.5,17,50,23.33452377915607,70.5,69,72,3,2025-09-22,2025-09-23
TOO MUCH,The Kid LAROI & Jung Kook & Central Cee,1,33.0,33,33,,55.0,55,55,0,2024-10-21,2024-10-21
TOPIA TWINS,Travis Scott,3,7.0,4,10,3.0,55.666666666666664,0,85,85,2024-07-29,2024-07-31
TOPIA TWINS (feat. Rob49 & 21 Savage),Travis Scott,18,26.944444444444443,7,46,11.628930567502362,89.22222222222223,86,90,4,2024-08-01,2024-08-18
TQG,KAROL G,1,50.0,50,50,,96.0,96,96,0,2024-05-18,2024-05-18
TQM,Fuerza Regida,68,25.029411764705884,8,46,10.130448544290438,92.58823529411765,75,94,19,2024-05-22,2024-07-28
TULUM,Peso Pluma,22,37.90909090909091,28,50,6.753546446896595,88.9090909090909,77,93,16,2024-07-03,2024-08-20
TV,Billie Eilish,1,50.0,50,50,,81.0,81,81,0,2025-11-09,2025-11-09
TYRANT,Beyoncé,4,37.0,33,43,4.898979485566356,49.5,45,53,8,2025-03-31,2025-04-03
"Take Me Home, Country Roads",John Denver,2,42.0,42,42,0.0,78.5,78,79,1,2024-07-05,2024-07-06
Take Two,BTS,1,17.0,17,17,,83.0,83,83,0,2024-06-11,2024-06-11
Take Your Mask Off (feat. Daniel Caesar & LaToiya Williams),"Tyler, The Creator",12,26.0,8,50,13.259644860183165,81.16666666666667,74,83,9,2025-10-30,2025-11-10
Talk talk featuring troye sivan,Charli xcx,1,48.0,48,48,,63.0,63,63,0,2025-10-13,2025-10-13
Talk talk featuring troye sivan,Charli xcx & Troye Sivan,1,46.0,46,46,,72.0,72,72,0,2025-09-15,2025-09-15
Talking / Once Again,¥$ & Kanye West & Ty Dolla $ign,1,33.0,33,33,,73.0,73,73,0,2025-02-11,2025-02-11
Taste,Sabrina Carpenter,96,4.625,1,26,5.4911411909499614,93.26041666666667,53,93,40,2025-08-24,2025-11-27
Tell Ur Girlfriend,Lay Bankz,33,34.75757575757576,16,50,9.31071393285144,87.0909090909091,78,91,13,2025-04-11,2025-05-14
Temporary,Eminem,1,27.0,27,27,,70.0,70,70,0,2025-07-14,2025-07-14
That Fiya,Lil Uzi Vert,1,20.0,20,20,,72.0,72,72,0,2024-07-02,2024-07-02
That’s So True,Gracie Abrams,38,8.052631578947368,1,44,9.863795027629273,87.28947368421052,68,94,26,2025-10-20,2025-11-27
The Addams Family,Andrew Gold,1,39.0,39,39,,72.0,72,72,0,2025-11-02,2025-11-02
The Albatross,Taylor Swift,10,33.3,24,49,9.45221902224258,84.6,78,87,9,2025-04-21,2025-05-01
The Alchemy,Taylor Swift,21,28.761904761904763,11,49,14.470330894298035,80.42857142857143,77,80,3,2025-04-21,2025-05-15
The Black Dog,Taylor Swift,15,31.066666666666666,20,48,10.208306608322646,86.33333333333333,79,88,9,2025-04-21,2025-05-05
The Bolter,Taylor Swift,7,39.714285714285715,34,46,5.2508502712826,81.0,75,84,9,2025-04-21,2025-04-27
The Christmas Song (Merry Christmas To You),Nat King Cole,34,19.852941176470587,10,35,6.74259348062152,81.61764705882354,81,75,-6,2024-11-24,2024-12-27
The Emptiness Machine,Linkin Park,16,33.125,17,46,9.932270636667125,87.3125,77,69,-8,2025-09-08,2025-11-17
The End (feat. BABYMETAL),Lil Uzi Vert,1,43.0,43,43,,25.0,25,25,0,2024-07-02,2024-07-02
The Great American Bar Scene,Zach Bryan,2,23.0,14,32,12.727922061357855,68.0,66,70,4,2025-07-06,2025-07-07
The Kind of Love We Make,Luke Combs,7,47.42857142857143,44,49,2.1491969707422407,83.57142857142857,83,84,1,2024-05-30,2024-07-24
The Man He Sees in Me,Luke Combs,7,28.0,14,42,11.604596790352806,60.142857142857146,71,68,-3,2025-06-14,2025-06-20
The Manuscript,Taylor Swift,5,42.8,36,49,6.300793600809346,79.8,75,82,7,2025-04-21,2025-04-25
The Prophecy,Taylor Swift,13,34.46153846153846,25,50,8.66617355599137,84.92307692307692,77,88,11,2025-04-21,2025-05-03
The Rush (feat. Big Time Rush),Lil Uzi Vert,1,33.0,33,33,,65.0,65,65,0,2025-11-03,2025-11-03
The Shoe Fits,Drake,2,25.0,15,35,14.142135623730951,33.5,0,67,67,2024-11-18,2024-11-19
The Smallest Man Who Ever Lived,Taylor Swift,28,26.785714285714285,12,43,10.764678670462342,80.03571428571429,77,80,3,2025-04-21,2025-05-18
The Story Of Us (Taylor's Version),Taylor Swift,6,24.333333333333332,13,45,11.67333142965909,71.5,0,87,87,2024-07-09,2024-07-14
The Thin Grey Line,$uicideboy$,5,40.6,24,50,10.4546640309481,57.0,32,67,35,2025-06-16,2025-06-20
The Tortured Poets Department,Taylor Swift,28,22.857142857142858,5,45,12.176827676990927,84.96428571428571,82,84,2,2025-04-21,2025-05-18
The Way Back,Zach Bryan,3,44.333333333333336,36,50,7.371114795831993,67.66666666666667,64,71,7,2025-07-06,2025-07-09
"The girl, so confusing version with lorde",Charli xcx & Lorde,2,25.0,25,25,0.0,33.5,0,67,67,2025-06-22,2025-06-23
Thick Of It (feat. Trippie Redd),KSI & Trippie Redd,2,48.0,46,50,2.8284271247461903,75.0,75,75,0,2025-10-14,2025-10-15
Think U The Shit (Fart),Ice Spice,15,28.0,14,49,11.777702904823409,80.26666666666667,69,85,16,2025-01-28,2025-02-12
Thinkin Bout You,Frank Ocean,6,44.833333333333336,37,50,4.833908011812664,87.5,87,88,1,2025-02-24,2025-03-02
Thinkin’ Bout Me,Morgan Wallen,323,39.04643962848297,21,50,7.136274104309678,85.984520123839,87,83,-4,2024-05-18,2025-10-14
This Christmas,Donny Hathaway,5,35.8,30,49,7.91833315793166,74.0,74,74,0,2024-12-23,2024-12-27
This Is Halloween,Various Artists,6,23.166666666666668,4,47,19.322698224281893,59.833333333333336,55,66,11,2024-10-29,2025-11-03
This Love (Taylor’s Version),Taylor Swift,6,35.833333333333336,21,48,11.49637624065369,67.83333333333333,0,83,83,2024-10-29,2024-11-03
This World's A Giant,Zach Bryan,3,23.0,11,31,10.583005244258363,64.66666666666667,62,66,4,2025-11-09,2025-11-11
Thought I Was Dead (feat. ScHoolboy Q & Santigold),"Tyler, The Creator",25,26.4,6,49,14.130345596151095,83.48,74,85,11,2025-10-30,2025-11-23
Thriller,Michael Jackson,5,25.2,7,49,17.369513522260778,73.6,73,74,1,2024-10-30,2025-11-03
Thriller - 2003 Edit,Michael Jackson,1,23.0,23,23,,56.0,56,56,0,2025-11-02,2025-11-02
Ticking,Zach Bryan,13,26.615384615384617,10,48,13.200621585986406,76.76923076923077,41,83,42,2024-08-26,2024-09-09
Timeless (Taylor’s Version) (From The Vault),Taylor Swift,6,24.0,16,41,8.854377448471462,70.0,0,86,86,2024-07-09,2024-07-14
Timeless (with Playboi Carti),The Weeknd & Playboi Carti,60,10.083333333333334,1,27,6.919125218212972,90.7,79,92,13,2025-09-29,2025-11-27
Tobey (feat. Big Sean and BabyTron),Eminem,8,28.125,20,45,9.078034714943225,75.25,68,79,11,2025-07-14,2025-07-21
Tobey (feat. Big Sean and BabyTron),Eminem & Big Sean & BabyTron,8,32.875,15,38,7.827378689117906,77.75,66,83,17,2025-07-04,2025-07-13
Tomorrow,"Tyler, The Creator",9,31.333333333333332,11,46,14.465476141489432,79.44444444444444,73,82,9,2025-10-30,2025-11-07
Too Cool To Die,Post Malone,1,38.0,38,38,,45.0,45,45,0,2024-07-29,2024-07-29
Too Sweet,Hozier,230,16.465217391304346,1,50,11.679718123941095,83.34782608695652,45,84,39,2025-03-24,2025-11-18
Total Eclipse of the Heart,Bonnie Tyler,1,36.0,36,36,,80.0,80,80,0,2025-04-10,2025-04-10
Tough,Quavo & Lana Del Rey,20,28.45,15,42,10.0024996875781,84.35,69,88,19,2025-07-05,2025-07-25
Tourniquet,Zach Bryan,42,29.833333333333332,8,49,14.447409535152756,82.5,40,85,45,2024-08-26,2024-10-06
Tradesman,Zach Bryan,8,32.375,18,43,9.210824377561744,71.75,39,80,41,2024-08-26,2024-09-02
Trae The Truth in Ibiza,J. Cole,1,34.0,34,34,,67.0,67,67,0,2025-04-07,2025-04-07
Training Season,Dua Lipa,8,32.0,24,45,6.458659745975609,85.25,78,89,11,2025-02-18,2025-02-25
Trance (with Travis Scott & Young Thug),Metro Boomin,19,44.421052631578945,33,50,4.7878989763973845,90.3157894736842,90,91,1,2024-05-18,2024-06-17
Tried Our Best,Drake,7,21.428571428571427,12,31,6.1062029351892875,66.0,0,81,81,2024-10-07,2024-10-13
Trouble,Eminem,4,26.5,11,35,10.598742063723098,77.25,74,80,6,2025-07-14,2025-07-17
Try That In A Small Town,Jason Aldean,7,12.142857142857142,6,18,4.980915960897534,77.28571428571429,73,80,7,2024-07-22,2024-07-28
Tu Boda,Oscar Maydon & Fuerza Regida,39,23.58974358974359,11,41,7.704127221711301,91.33333333333333,86,93,7,2025-10-20,2025-11-27
Turks & Caicos (feat. 21 Savage),Rod Wave,1,43.0,43,43,,66.0,66,66,0,2024-09-17,2024-09-17
Two Faced,Linkin Park,1,46.0,46,46,,69.0,69,69,0,2025-11-17,2025-11-17
Type Shit,Future & Metro Boomin,85,25.67058823529412,3,50,13.612309061404433,88.61176470588235,0,84,84,2025-03-24,2025-06-19
Tú Con Él,Rauw Alejandro,1,44.0,44,44,,69.0,69,69,0,2025-11-17,2025-11-17
UN PREVIEW,Bad Bunny,17,26.235294117647058,3,50,14.337579170508118,74.3529411764706,0,82,82,2024-09-27,2024-10-18
UNA NOCHE EN MEDELLÍN - REMIX,KAROL G,1,40.0,40,40,,56.0,56,56,0,2024-08-13,2024-08-13
Una Velita,Bad Bunny,1,20.0,20,20,,72.0,72,72,0,2025-09-22,2025-09-22
Uncle M,Young Thug,1,38.0,38,38,,69.0,69,69,0,2024-06-25,2024-06-25
Underneath the Tree,Kelly Clarkson,34,20.294117647058822,10,41,8.778518587540859,83.05882352941177,77,86,9,2024-11-24,2024-12-27
Used To Be Young,Miley Cyrus,17,22.941176470588236,10,47,11.945033425211156,74.41176470588235,0,84,84,2024-08-26,2024-09-11
VOU 787,Bad Bunny,3,23.666666666666668,11,49,21.93931022920578,53.333333333333336,0,80,80,2024-10-14,2024-10-16
VUELVE CANDY B,Bad Bunny,2,22.0,22,22,0.0,39.0,0,78,78,2024-10-14,2024-10-15
VULTURES,Kanye West & Ty Dolla $ign,3,21.333333333333332,17,24,3.785938897200183,79.66666666666667,77,82,5,2025-02-13,2025-02-15
VULTURES,¥$ & Kanye West & Ty Dolla $ign,1,49.0,49,49,,26.0,26,26,0,2025-02-17,2025-02-17
VVS,Peso Pluma,4,29.0,16,40,10.392304845413264,78.0,73,81,8,2024-06-25,2024-06-28
Virginia Beach,Drake,28,19.071428571428573,2,47,12.11955435994236,82.60714285714286,0,86,86,2024-10-07,2024-11-23
Vultures,¥$ & Kanye West & Ty Dolla $ign,2,33.5,33,34,0.7071067811865476,32.5,0,65,65,2024-11-23,2025-02-16
WHATCHU KNO ABOUT ME (feat. Sexyy Red),GloRilla,12,33.416666666666664,22,48,6.921092049056645,78.25,77,80,3,2025-11-16,2025-11-27
WHERE SHE GOES,Bad Bunny,94,21.79787234042553,1,50,14.553261310758725,95.2872340425532,82,81,-1,2024-05-21,2024-10-18
WHISKEY WHISKEY (feat. Morgan Wallen),Moneybagg Yo,3,39.666666666666664,38,43,2.886751345948128,64.33333333333333,61,67,6,2025-06-20,2025-06-23
WILDFLOWER,Billie Eilish,147,27.959183673469386,10,50,12.536455088196254,90.07482993197279,59,93,34,2025-05-19,2025-11-27
WTFYM,Future & Metro Boomin,1,40.0,40,40,,0.0,0,0,0,2025-03-24,2025-03-24
Wagon Wheel,Darius Rucker,2,41.0,41,41,0.0,83.0,83,83,0,2024-07-05,2024-07-06
Wanna Be (with Megan Thee Stallion),GloRilla,19,37.63157894736842,25,50,8.970386628084093,75.73684210526316,59,81,22,2025-04-08,2025-06-08
Want Me Dead (feat. 21 Savage),Young Thug,1,33.0,33,33,,69.0,69,69,0,2024-06-25,2024-06-25
War Bout It (feat. 21 Savage),Lil Durk,3,29.333333333333332,13,48,17.61628034896508,77.33333333333333,74,80,6,2024-05-28,2024-05-30
Wasted On You,Morgan Wallen,193,34.740932642487046,14,50,11.073393090752006,86.56994818652849,86,85,-1,2024-05-18,2025-04-20
Watch This - ARIZONATEARS Pluggnb Remix,Lil Uzi Vert & sped up nightcore & ARIZONATEARS,3,47.0,46,48,1.0,89.0,89,89,0,2024-05-18,2024-05-20
Water,Tyla,52,31.423076923076923,11,50,8.289719959900616,94.36538461538461,91,94,3,2024-10-19,2025-03-05
We Don't Trust You,Future & Metro Boomin,13,27.307692307692307,4,48,16.947883916016455,78.15384615384616,0,86,86,2025-03-24,2025-04-06
We Found Love,Rihanna,1,38.0,38,38,,85.0,85,85,0,2025-01-03,2025-01-03
We Good,Lil Uzi Vert,1,14.0,14,14,,67.0,67,67,0,2025-11-03,2025-11-03
We Still Don't Trust You,Future & Metro Boomin,7,22.714285714285715,15,29,5.851332774513447,80.71428571428571,74,84,10,2025-04-14,2025-04-20
Welcome To New York (Taylor's Version),Taylor Swift,10,24.0,9,45,12.292725943057183,77.6,0,88,88,2024-10-29,2024-11-07
Werewolf (feat. Bring Me The Horizon),Lil Uzi Vert,3,34.666666666666664,24,49,12.897028081435403,74.33333333333333,71,77,6,2024-07-02,2024-07-04
What Don't Belong To Me,Post Malone,7,27.571428571428573,16,49,11.759494644146672,68.14285714285714,40,76,36,2025-08-17,2025-08-23
What Is This Feeling?,Wicked Movie Cast & Cynthia Erivo & Ariana Grande,1,45.0,45,45,,73.0,73,73,0,2025-11-27,2025-11-27
"What Was I Made For? [From The Motion Picture ""Barbie""]",Billie Eilish,142,26.45774647887324,3,50,13.732822017319844,95.2394366197183,81,93,12,2024-07-16,2025-03-16
What Would Pluto Do,Drake,7,18.285714285714285,14,24,3.3022358947782497,66.0,0,81,81,2024-10-07,2024-10-13
Whatever She Wants,Bryson Tiller,78,23.58974358974359,4,50,14.539186544918719,87.85897435897436,75,89,14,2025-02-19,2025-05-23
Whatever She Wants [BONUS],Bryson Tiller,10,20.9,17,24,2.0789954839350226,62.7,51,70,19,2025-04-07,2025-04-16
When Emma Falls in Love (Taylor’s Version) (From The Vault),Taylor Swift,7,21.571428571428573,12,45,12.554642472768695,73.42857142857143,0,87,87,2024-07-09,2024-07-15
When It Rains It Pours,Luke Combs,6,47.166666666666664,43,50,3.311595788538611,84.5,86,83,-3,2024-07-05,2025-07-30
Where the Wild Things Are,Luke Combs,46,43.67391304347826,34,50,4.94437659400876,84.26086956521739,84,85,1,2025-03-18,2025-08-02
Whiskey Glasses,Morgan Wallen,9,46.22222222222222,39,50,3.38296385503074,85.33333333333333,84,86,2,2024-05-29,2024-07-25
White Christmas - 1947 Version,Bing Crosby & Fred Astaire,56,25.285714285714285,11,48,10.494525474506457,82.82142857142857,68,90,22,2024-11-02,2024-12-27
White Horse,Chris Stapleton,2,35.5,35,36,0.7071067811865476,41.0,25,57,32,2024-11-11,2024-11-12
Who,Jimin,129,7.658914728682171,1,28,5.1348930795085215,92.7984496124031,81,92,11,2025-07-21,2025-11-27
Who Told You (feat. Drake),J Hus & Drake,1,31.0,31,31,,77.0,77,77,0,2024-06-11,2024-06-11
Who’s Afraid of Little Old Me?,Taylor Swift,41,21.70731707317073,7,49,13.509707440279792,83.48780487804878,79,84,5,2025-04-21,2025-06-01
Wick Man,Drake,1,21.0,21,21,,0.0,0,0,0,2024-11-18,2024-11-18
Wild Ones (feat. Jelly Roll),Jessie Murph & Jelly Roll,3,46.666666666666664,46,48,1.1547005383792526,84.0,84,84,0,2025-04-14,2025-04-16
Wildest Dreams (Taylor's Version),Taylor Swift,15,29.2,10,50,13.417472617023352,79.2,0,86,86,2024-10-29,2024-11-14
Wildflower and Barley (feat. Allison Russell),Hozier,2,32.0,16,48,22.627416997969522,55.5,40,71,31,2025-03-24,2025-03-26
Wind Up Missin’ You,Tucker Wetmore,13,46.07692307692308,41,50,3.2005608482873353,71.6923076923077,73,44,-29,2025-06-09,2025-10-07
Winter Wonderland - Remastered,Bing Crosby,3,46.666666666666664,46,48,1.154700538379251,74.0,74,74,0,2024-12-25,2024-12-27
Winter Wonderland - Spotify Singles Holiday,Laufey,4,39.75,37,42,2.0615528128088303,87.0,87,87,0,2024-12-24,2024-12-27
"Wit Da Racks (feat. 21 Savage, Travis Scott & Yak Gotti)",Young Thug,1,13.0,13,13,,71.0,71,71,0,2024-06-25,2024-06-25
Wonderful Christmastime - Edited Version / Remastered 2011,Paul McCartney,13,38.0,26,49,8.366600265340756,90.61538461538461,89,91,2,2024-12-11,2024-12-27
Wonderland (Taylor's Version),Taylor Swift,6,30.5,19,41,9.22496612459905,68.16666666666667,0,84,84,2024-10-29,2024-11-03
World Tour (Aquafina),Juice WRLD,1,49.0,49,49,,68.0,68,68,0,2025-09-12,2025-09-12
Wrong Ones (Feat. Tim McGraw),Post Malone,7,18.285714285714285,9,26,5.707138387268052,69.42857142857143,43,77,34,2025-08-17,2025-08-23
YA YA,Beyoncé,7,31.142857142857142,20,50,10.714920616109286,78.14285714285714,72,81,9,2025-03-31,2025-04-06
Yeah Glo!,GloRilla,28,44.285714285714285,32,49,4.378881498122916,77.75,80,80,0,2025-05-13,2025-07-05
Yeah! (feat. Lil Jon & Ludacris),USHER,8,30.5,8,48,14.5209208680835,88.5,87,89,2,2025-02-13,2025-02-20
You Are In Love (Taylor's Version),Taylor Swift,6,32.0,22,43,9.633275663033835,68.0,0,84,84,2024-10-29,2024-11-03
You Broke My Heart,Drake,7,16.0,2,35,11.40175425099138,66.28571428571429,0,81,81,2024-11-18,2024-11-24
You Proof,Morgan Wallen,301,32.584717607973424,9,50,12.04340617668671,84.66112956810632,86,83,-3,2024-05-18,2025-08-12
You Should Probably Leave,Chris Stapleton,2,46.0,46,46,0.0,86.0,86,86,0,2025-02-26,2025-02-27
Young Metro,Future & Metro Boomin,13,29.53846153846154,6,49,16.199873377156297,77.61538461538461,0,86,86,2025-03-24,2025-04-06
"Your Needs, My Needs",Noah Kahan,1,47.0,47,47,,64.0,64,64,0,2024-06-11,2024-06-11
Yours,Post Malone,1,46.0,46,46,,37.0,37,37,0,2025-08-17,2025-08-17
You’re Gonna Go Far,Noah Kahan,1,39.0,39,39,,65.0,65,65,0,2024-06-11,2024-06-11
You’re Losing Me (From The Vault),Taylor Swift,16,21.5,1,50,18.611824198610947,84.75,0,93,93,2024-11-30,2024-12-16
Zoom (Bonus Track),Lil Uzi Vert,1,32.0,32,32,,70.0,70,70,0,2024-07-02,2024-07-02
act ii: date @ 8,4batz,52,37.09615384615385,25,50,6.834915021301749,85.09615384615384,84,88,4,2025-01-18,2025-03-13
act ii: date @ 8 (feat. Drake) - remix,4batz & Drake,13,33.23076923076923,16,49,8.955015784034538,82.3076923076923,74,85,11,2025-03-10,2025-03-23
all of me,21 Savage,10,22.9,8,49,14.145670715805597,83.6,77,87,10,2025-01-14,2025-01-24
all-american bitch,Olivia Rodrigo,27,17.703703703703702,4,38,12.076088308384833,88.48148148148148,80,90,10,2024-09-10,2024-10-06
august,Taylor Swift,39,30.641025641025642,9,49,10.810538667836996,91.7948717948718,90,85,-5,2024-08-03,2025-08-03
back at it,Gunna,1,44.0,44,44,,67.0,67,67,0,2024-06-18,2024-06-18
back to the moon,Gunna,2,27.5,18,37,13.435028842544403,71.0,69,73,4,2024-06-18,2024-06-19
bad idea right?,Olivia Rodrigo,83,17.843373493975903,1,50,14.33610649571082,90.855421686747,79,92,13,2024-08-13,2024-11-10
ballad of a homeschooled girl,Olivia Rodrigo,14,18.571428571428573,10,32,7.418420791042189,85.14285714285714,78,87,9,2024-09-10,2024-09-23
bye,Ariana Grande,13,16.846153846153847,2,33,9.538047964565862,85.92307692307692,78,88,10,2025-03-10,2025-03-23
cardigan,Taylor Swift,13,45.53846153846154,36,50,5.4713707090543044,91.53846153846153,92,91,-1,2024-08-07,2024-10-26
dangerous,21 Savage,5,26.2,15,40,11.861703081766969,79.0,74,82,8,2025-01-14,2025-01-18
"dodger blue (feat. wallie the sensei, roddy ricch, siete7x)",Kendrick Lamar,1,10.0,10,10,,28.0,28,28,0,2025-11-24,2025-11-24
"dodger blue (feat. wallie the sensei, siete7x, roddy ricch)",Kendrick Lamar,2,7.5,7,8,0.7071067811865476,81.0,80,82,2,2025-11-26,2025-11-27
"dodger blue (feat. wallie the sensei, siete7x, roddy ricch))",Kendrick Lamar,1,8.0,8,8,,77.0,77,77,0,2025-11-25,2025-11-25
don't wanna break up again,Ariana Grande,11,26.363636363636363,7,48,13.36617168281724,84.18181818181819,77,86,9,2025-03-10,2025-03-21
eternal sunshine,Ariana Grande,13,15.538461538461538,5,28,8.089245789064481,84.15384615384616,60,88,28,2025-03-10,2025-03-23
euphoria,Kendrick Lamar,63,22.53968253968254,1,50,15.534379559051924,88.36507936507937,0,88,88,2025-05-02,2025-07-03
exes,Tate McRae,66,37.621212121212125,13,50,10.090002899313678,83.74242424242425,48,91,43,2024-11-18,2025-02-10
fukumean,Gunna,236,15.055084745762711,1,50,12.463783090577186,93.44915254237289,72,92,20,2024-06-19,2025-02-18
get him back!,Olivia Rodrigo,34,17.147058823529413,3,44,14.2214783209341,90.3529411764706,80,92,12,2024-09-10,2024-10-13
girl i’ve always been,Olivia Rodrigo,1,29.0,29,29,,44.0,44,44,0,2025-03-24,2025-03-24
gloria (feat. sza),Kendrick Lamar,1,17.0,17,17,,26.0,26,26,0,2025-11-24,2025-11-24
gloria (with sza),Kendrick Lamar,3,13.333333333333334,12,15,1.5275252316519465,78.0,76,80,4,2025-11-25,2025-11-27
"gnx (feat. hitta j3, youngthreat, peysoh)",Kendrick Lamar,4,14.0,11,16,2.1602468994692865,65.25,27,80,53,2025-11-24,2025-11-27
golden hour,JVKE,40,43.1,31,50,5.309884348540163,90.3,90,91,1,2024-05-18,2024-06-30
greedy,Tate McRae,216,14.097222222222221,3,50,8.58364001860471,96.05092592592592,51,96,45,2024-09-17,2025-05-02
heart pt. 6,Kendrick Lamar,4,10.75,9,12,1.5,66.5,28,81,53,2025-11-24,2025-11-27
hey now (feat. dody6),Kendrick Lamar,4,5.0,5,5,0.0,68.25,30,83,53,2025-11-24,2025-11-27
i like the way you kiss me,Artemas,100,19.09,3,46,11.981547260161133,96.23,83,95,12,2025-03-27,2025-07-04
i wish i hated you,Ariana Grande,7,26.428571428571427,19,42,8.403514004215596,81.71428571428571,75,85,10,2025-03-10,2025-03-17
if u think i'm pretty,Artemas,6,47.833333333333336,46,50,1.3291601358251257,85.33333333333333,84,86,2,2025-04-11,2025-04-19
imgonnagetyouback,Taylor Swift,15,29.733333333333334,22,44,8.258905727124134,86.2,79,88,9,2025-04-21,2025-05-05
imperfect for you,Ariana Grande,7,29.285714285714285,22,44,7.910210399946931,81.0,74,84,10,2025-03-10,2025-03-17
intro (end of the world),Ariana Grande,9,26.77777777777778,8,48,13.470131567451167,83.44444444444444,77,86,9,2025-03-10,2025-03-20
just like me,21 Savage,2,46.0,46,46,0.0,73.5,72,75,3,2025-01-14,2025-01-15
lacy,Olivia Rodrigo,18,22.38888888888889,10,46,12.334260696454594,85.5,78,87,9,2024-09-10,2024-09-27
letter to my brudda,21 Savage,2,36.0,36,36,0.0,75.0,73,77,4,2025-01-14,2025-01-15
logical,Olivia Rodrigo,14,19.142857142857142,9,35,9.614549414276285,85.14285714285714,78,87,9,2024-09-10,2024-09-23
loml,Taylor Swift,22,29.954545454545453,13,49,12.785696147415125,81.5909090909091,78,82,4,2025-04-21,2025-05-12
love hotel,leftovermax,1,37.0,37,37,,95.0,95,95,0,2025-05-24,2025-05-24
love is embarrassing,Olivia Rodrigo,14,20.785714285714285,12,33,8.29437781251272,84.92857142857143,77,87,10,2024-09-10,2024-09-23
luther (with sza),Kendrick Lamar,4,2.75,2,3,0.5,51.5,32,64,32,2025-11-24,2025-11-27
making the bed,Olivia Rodrigo,14,14.571428571428571,7,26,6.477348528220784,85.35714285714286,78,88,10,2024-09-10,2024-09-23
man at the garden,Kendrick Lamar,4,6.25,4,8,1.707825127659933,68.5,31,83,52,2025-11-24,2025-11-27
meet the grahams,Kendrick Lamar,13,13.923076923076923,5,35,7.931598603702561,84.23076923076923,72,88,16,2025-05-07,2025-05-19
misses,Dominic Fike,2,47.5,47,48,0.7071067811865476,85.0,85,85,0,2025-07-24,2025-07-31
n.h.i.e.,21 Savage,14,21.285714285714285,6,38,12.356428233163443,84.92857142857143,76,88,12,2025-01-14,2025-01-27
née-nah,21 Savage,27,24.14814814814815,4,49,15.396562312871373,87.77777777777777,77,90,13,2025-01-14,2025-02-10
obsessed,Olivia Rodrigo,27,29.074074074074073,9,43,11.020700542880224,85.48148148148148,48,90,42,2025-03-24,2025-04-20
on one tonight,Gunna,3,48.666666666666664,48,50,1.154700538379251,81.33333333333333,80,82,2,2025-11-11,2025-11-23
one of wun,Gunna,68,38.69117647058823,19,50,9.159054492264689,84.20588235294117,77,85,8,2025-05-17,2025-11-07
ordinary things (feat. Nonna),Ariana Grande,5,36.0,28,49,7.810249675906654,75.0,56,82,26,2025-03-10,2025-03-15
peekaboo (feat. azchike),Kendrick Lamar,4,10.25,9,11,0.9574271077563381,66.0,27,81,54,2025-11-24,2025-11-27
pop ur shit,21 Savage,5,23.2,13,38,11.627553482998906,79.4,75,82,7,2025-01-14,2025-01-18
pretty isn’t pretty,Olivia Rodrigo,14,29.142857142857142,14,50,13.88334443667133,83.92857142857143,76,86,10,2024-09-10,2024-09-23
prove it,21 Savage,3,30.666666666666668,25,42,9.814954576223638,75.66666666666667,73,78,5,2025-01-14,2025-01-16
red sky,21 Savage,3,34.333333333333336,29,45,9.237604307034012,75.33333333333333,72,78,6,2025-01-14,2025-01-16
redrum,21 Savage,115,15.982608695652173,2,50,15.565358866527406,93.59130434782608,77,91,14,2025-01-14,2025-05-18
reincarnated,Kendrick Lamar,4,6.5,6,7,0.5773502691896258,68.25,30,83,53,2025-11-24,2025-11-27
run for the hills,Tate McRae,4,40.25,34,47,7.22841614740048,77.25,72,81,9,2024-12-10,2024-12-14
scared of my guitar,Olivia Rodrigo,1,32.0,32,32,,44.0,44,44,0,2025-03-24,2025-03-24
see the real,21 Savage,2,39.0,39,39,0.0,74.5,73,76,3,2025-01-14,2025-01-15
should've wore a bonnet,21 Savage,4,31.0,21,46,12.24744871391589,76.5,73,79,6,2025-01-14,2025-01-17
sneaky,21 Savage,6,30.5,17,46,13.03456942135029,80.5,75,84,9,2025-01-14,2025-01-20
so american,Olivia Rodrigo,6,30.333333333333332,20,42,8.04155872120988,73.66666666666667,46,81,35,2025-03-24,2025-03-30
squabble up,Kendrick Lamar,4,1.0,1,1,0.0,71.25,34,86,52,2025-11-24,2025-11-27
stranger,Olivia Rodrigo,1,30.0,30,30,,43.0,43,43,0,2025-03-24,2025-03-24
supernatural,Ariana Grande,12,23.833333333333332,9,46,12.246211535397263,84.83333333333333,77,87,10,2025-03-10,2025-03-22
teenage dream,Olivia Rodrigo,9,27.22222222222222,17,49,13.026682019779422,82.11111111111111,76,85,9,2024-09-10,2024-09-19
thanK you aIMee,Taylor Swift,9,28.77777777777778,18,46,9.731107051330001,84.66666666666667,79,87,8,2025-04-21,2025-04-29
the boy is mine,Ariana Grande,23,20.043478260869566,4,47,14.977189507167118,87.3913043478261,77,89,12,2025-03-10,2025-04-06
the grudge,Olivia Rodrigo,22,20.727272727272727,6,48,14.765409442928293,86.72727272727273,77,89,12,2024-09-10,2024-10-01
true story,Ariana Grande,8,25.0,11,48,12.20070255588353,83.0,76,86,10,2025-03-10,2025-03-18
tv off (feat. lefty gunplay),Kendrick Lamar,4,3.25,2,6,1.8929694486000912,69.25,30,85,55,2025-11-24,2025-11-27
un x100to,Grupo Frontera,21,43.19047619047619,21,50,7.131753274048729,71.19047619047619,44,80,36,2024-08-05,2024-09-17
un x100to,Grupo Frontera & Bad Bunny,79,13.329113924050633,3,48,10.875426922344943,99.20253164556962,99,97,-2,2024-05-18,2024-08-04
us. (feat. Taylor Swift),Gracie Abrams,8,29.75,12,43,12.302729081677075,71.5,48,80,32,2025-06-22,2025-06-29
vampire,Olivia Rodrigo,257,22.315175097276263,1,50,14.724218837662583,94.6887159533074,85,91,6,2024-07-02,2025-03-30
wacced out murals,Kendrick Lamar,4,3.5,2,4,1.0,70.75,35,84,49,2025-11-24,2025-11-27
we can't be friends (wait for your love),Ariana Grande,116,22.974137931034484,1,50,14.171288307484716,92.16379310344827,69,90,21,2025-03-10,2025-07-26
we fell in love in october,girl in red,11,46.63636363636363,38,50,3.748939243912264,86.72727272727273,87,86,-1,2024-10-04,2025-10-11
x2,Lil Uzi Vert,3,24.0,8,43,17.69180601295413,76.33333333333333,74,78,4,2024-07-02,2024-07-04
"yes, and?",Ariana Grande,43,15.581395348837209,1,40,10.830364189759964,91.34883720930233,85,85,0,2025-01-14,2025-03-23
you look like you love me (feat. Riley Green),Ella Langley & Riley Green,18,36.611111111111114,22,50,8.261454713724945,78.77777777777777,72,83,11,2025-06-29,2025-07-20
